STARTFONT 2.1
FONT -FontForge-Roboto Black-Black-R-Normal--50-480-75-75-P-286-ISO10646-1
SIZE 48 75 75
FONTBOUNDINGBOX 97 68 0 -14
COMMENT "Generated by fontforge, http://fontforge.sourceforge.net"
COMMENT "Copyright 2011 The Roboto Project Authors (https://github.com/googlefonts/roboto-classic)"
STARTPROPERTIES 41
FOUNDRY "FontForge"
FAMILY_NAME "Roboto Black"
WEIGHT_NAME "Black"
SLANT "R"
SETWIDTH_NAME "Normal"
ADD_STYLE_NAME ""
PIXEL_SIZE 50
POINT_SIZE 480
RESOLUTION_X 75
RESOLUTION_Y 75
SPACING "P"
AVERAGE_WIDTH 286
CHARSET_REGISTRY "ISO10646"
CHARSET_ENCODING "1"
FONTNAME_REGISTRY ""
CHARSET_COLLECTIONS "ISO8859-2 ISO8859-5 ISO8859-7 ISO8859-9 ISO8859-4 ISO10646-1"
FONT_NAME "Roboto-Black"
FACE_NAME "Roboto Black"
COPYRIGHT "Copyright 2011 The Roboto Project Authors (https://github.com/googlefonts/roboto-classic)"
FONT_VERSION "3.009; 2024"
FONT_ASCENT 38
FONT_DESCENT 12
UNDERLINE_POSITION -5
UNDERLINE_THICKNESS 3
X_HEIGHT 25
CAP_HEIGHT 35
DEFAULT_CHAR 1
RAW_ASCENT 750
RAW_DESCENT 250
NORM_SPACE 12
RELATIVE_WEIGHT 90
RELATIVE_SETWIDTH 50
SUPERSCRIPT_X 0
SUPERSCRIPT_Y 23
SUPERSCRIPT_SIZE 32
SUBSCRIPT_X 0
SUBSCRIPT_Y 7
SUBSCRIPT_SIZE 32
FIGURE_WIDTH 29
AVG_LOWERCASE_WIDTH 281
AVG_UPPERCASE_WIDTH 337
ENDPROPERTIES
CHARS 1323
STARTCHAR uni0000
ENCODING 0
SWIDTH 0 0
DWIDTH 0 0
BBX 1 1 0 0
BITMAP
00
ENDCHAR
STARTCHAR uni0002
ENCODING 2
SWIDTH 0 0
DWIDTH 0 0
BBX 1 1 0 0
BITMAP
00
ENDCHAR
STARTCHAR uni000D
ENCODING 13
SWIDTH 249 0
DWIDTH 12 0
BBX 1 1 0 0
BITMAP
00
ENDCHAR
STARTCHAR space
ENCODING 32
SWIDTH 249 0
DWIDTH 12 0
BBX 1 1 0 0
BITMAP
00
ENDCHAR
STARTCHAR exclam
ENCODING 33
SWIDTH 276 0
DWIDTH 14 0
BBX 9 36 3 0
BITMAP
FF80
FF00
FF00
FF00
FF00
FF00
FF00
FF00
FF00
FF00
FF00
FF00
FF00
FF00
FF00
FF00
FF00
FF00
7F00
7F00
7F00
7F00
7F00
7F00
7F00
0000
0000
0000
3C00
FF00
FF00
FF80
FF80
FF00
FF00
3C00
ENDCHAR
STARTCHAR quotedbl
ENCODING 34
SWIDTH 317 0
DWIDTH 16 0
BBX 14 14 1 24
BITMAP
F8FC
F8FC
F8FC
F8FC
F8FC
F8FC
F8FC
F8F8
F8F8
F8F8
F8F8
F0F8
F0F8
F0F8
ENDCHAR
STARTCHAR numbersign
ENCODING 35
SWIDTH 581 0
DWIDTH 29 0
BBX 27 36 1 0
BITMAP
007C3E00
007C3E00
007C3E00
007C3C00
00787C00
00F87C00
00F87C00
00F87C00
00F87C00
00F87C00
00F8F800
3FFFFFE0
3FFFFFE0
3FFFFFE0
3FFFFFE0
01F0F800
01F1F000
01E1F000
03E1F000
03E1F000
03E1F000
FFFFFF80
FFFFFF80
FFFFFF80
FFFFFF80
07C3E000
07C3E000
07C3E000
07C3C000
0787C000
0F87C000
0F87C000
0F87C000
0F87C000
0F878000
0F0F8000
ENDCHAR
STARTCHAR dollar
ENCODING 36
SWIDTH 579 0
DWIDTH 29 0
BBX 25 46 2 -5
BITMAP
000E0000
000E0000
000E0000
000E0000
000E0000
007F8000
03FFF000
07FFF800
0FFFFC00
1FFFFE00
3FFFFF00
3FF3FF00
3FC0FF80
7FC0FF80
7FC07F80
7FC07F80
7FC00000
3FC00000
3FF00000
3FF80000
1FFF0000
0FFFC000
07FFF000
03FFF800
00FFFC00
001FFE00
0007FF00
0001FF00
0000FF80
FF00FF80
FF007F80
FF807F80
FF80FF80
7FC0FF80
7FE1FF00
3FFFFF00
3FFFFE00
1FFFFC00
0FFFF800
03FFF000
007F8000
001E0000
001E0000
001E0000
001E0000
001E0000
ENDCHAR
STARTCHAR percent
ENCODING 37
SWIDTH 742 0
DWIDTH 37 0
BBX 33 36 2 0
BITMAP
07E0000000
1FF8000000
3FFC000000
7FFE000000
7F7F018000
FC3F03E000
FC1F07E000
FC1F07C000
FC1F0F8000
FC1F0F8000
FC1F1F0000
FC3F3E0000
7F7E3E0000
7FFE7C0000
3FFCF80000
1FF8F80000
07E1F00000
0003F00000
0003E00000
0007C3F000
0007CFFC00
000F9FFE00
001F3FFF00
001F3F3F00
003E7E1F80
007C7E0F80
007C7C0F80
00F87C0F80
01F87C0F80
01F07E0F80
03E07E1F80
01E03FBF00
00403FFF00
00001FFE00
00000FFC00
000003F000
ENDCHAR
STARTCHAR ampersand
ENCODING 38
SWIDTH 674 0
DWIDTH 34 0
BBX 31 37 1 -1
BITMAP
003F8000
00FFE000
03FFF000
03FFF800
07FFFC00
0FFFFC00
0FFBFE00
0FE0FE00
0FE0FE00
0FE0FE00
0FE0FE00
0FE0FC00
0FF3FC00
0FF7F800
07FFF800
07FFF000
03FFC000
01FF8000
07FF0000
0FFF81FC
1FFFC1FC
3FFFE1FC
3FDFF3F8
7F9FFBF8
7F8FFFF8
FF87FFF8
FF83FFF8
FF81FFF0
FF80FFF0
7FC07FE0
7FF3FFE0
7FFFFFF0
3FFFFFF8
1FFFFFFC
0FFFFFFE
07FFE3FE
00FF0000
ENDCHAR
STARTCHAR quotesingle
ENCODING 39
SWIDTH 154 0
DWIDTH 8 0
BBX 6 14 1 24
BITMAP
FC
FC
FC
FC
FC
FC
FC
FC
FC
F8
F8
F8
F8
F8
ENDCHAR
STARTCHAR parenleft
ENCODING 40
SWIDTH 353 0
DWIDTH 18 0
BBX 13 50 3 -11
BITMAP
0010
0078
00F8
01F8
03F8
03F0
07E0
0FE0
0FC0
1F80
1F80
3F00
3F00
3F00
7F00
7E00
7E00
7E00
FE00
FE00
FE00
FE00
FE00
FE00
FE00
FE00
FE00
FE00
FE00
FE00
FE00
FE00
7E00
7E00
7E00
7F00
3F00
3F00
3F80
1F80
1F80
0FC0
0FE0
07E0
07F0
03F8
01F8
00F8
0078
0010
ENDCHAR
STARTCHAR parenright
ENCODING 41
SWIDTH 352 0
DWIDTH 18 0
BBX 14 50 1 -11
BITMAP
6000
7000
7C00
FE00
7F00
3F00
3F80
1FC0
0FC0
0FE0
07E0
07F0
07F0
03F8
03F8
03F8
03F8
01FC
01FC
01FC
01FC
01FC
01FC
01FC
01FC
01FC
01FC
01FC
01FC
01FC
01FC
01FC
01FC
03F8
03F8
03F8
03F0
07F0
07F0
07E0
0FE0
0FC0
1FC0
3F80
3F00
7F00
FE00
7C00
7000
6000
ENDCHAR
STARTCHAR asterisk
ENCODING 42
SWIDTH 465 0
DWIDTH 23 0
BBX 22 22 1 14
BITMAP
00FC00
007C00
007800
007800
007800
007800
707818
7C78F8
FFFBFC
FFFFFC
7FFFFC
07FFC0
01FC00
01FE00
03FF00
07DF00
0FCF80
1F8FC0
3F07E0
1F03E0
0E0380
000100
ENDCHAR
STARTCHAR plus
ENCODING 43
SWIDTH 534 0
DWIDTH 27 0
BBX 24 26 1 3
BITMAP
00FF00
00FF00
00FF00
00FF00
00FF00
00FF00
00FF00
00FF00
00FF00
FFFFFF
FFFFFF
FFFFFF
FFFFFF
FFFFFF
FFFFFF
FFFFFF
00FF00
00FF00
00FF00
00FF00
00FF00
00FF00
00FF00
00FF00
00FF00
00FF00
ENDCHAR
STARTCHAR comma
ENCODING 44
SWIDTH 269 0
DWIDTH 13 0
BBX 9 16 1 -10
BITMAP
1F80
1F80
1F80
1F80
1F80
1F80
1F80
1F80
3F80
3F00
3F00
7F00
7E00
FC00
7C00
1800
ENDCHAR
STARTCHAR hyphen
ENCODING 45
SWIDTH 449 0
DWIDTH 22 0
BBX 14 6 4 12
BITMAP
FFFC
FFFC
FFFC
FFFC
FFFC
FFFC
ENDCHAR
STARTCHAR period
ENCODING 46
SWIDTH 302 0
DWIDTH 15 0
BBX 9 8 3 0
BITMAP
3E00
7F00
FF80
FF80
FF80
FF80
7F00
3E00
ENDCHAR
STARTCHAR slash
ENCODING 47
SWIDTH 351 0
DWIDTH 18 0
BBX 18 39 -1 -3
BITMAP
000FC0
000FC0
000FC0
001F80
001F80
001F80
003F00
003F00
003F00
007E00
007E00
007E00
007C00
00FC00
00FC00
00F800
01F800
01F800
01F800
03F000
03F000
03F000
07E000
07E000
07E000
0FC000
0FC000
0FC000
0F8000
1F8000
1F8000
1F8000
3F0000
3F0000
3F0000
7E0000
7E0000
7E0000
FC0000
ENDCHAR
STARTCHAR zero
ENCODING 48
SWIDTH 579 0
DWIDTH 29 0
BBX 25 36 2 0
BITMAP
007F0000
03FFE000
07FFF000
0FFFF800
1FFFFC00
3FFFFE00
3FE3FE00
7FC1FF00
7F80FF00
7F80FF00
FF80FF80
FF007F80
FF007F80
FF007F80
FF007F80
FF007F80
FF007F80
FF007F80
FF007F80
FF007F80
FF007F80
FF007F80
FF007F80
FF007F80
FF007F80
FF80FF80
7F80FF00
7F80FF00
7FC1FF00
3FE3FE00
3FFFFE00
1FFFFC00
0FFFF800
07FFF000
03FFE000
007F0000
ENDCHAR
STARTCHAR one
ENCODING 49
SWIDTH 579 0
DWIDTH 29 0
BBX 16 36 4 0
BITMAP
0003
001F
007F
03FF
1FFF
FFFF
FFFF
FFFF
FFFF
FFFF
F0FF
00FF
00FF
00FF
00FF
00FF
00FF
00FF
00FF
00FF
00FF
00FF
00FF
00FF
00FF
00FF
00FF
00FF
00FF
00FF
00FF
00FF
00FF
00FF
00FF
00FF
ENDCHAR
STARTCHAR two
ENCODING 50
SWIDTH 579 0
DWIDTH 29 0
BBX 25 36 2 0
BITMAP
00FF8000
03FFE000
0FFFF800
1FFFFC00
3FFFFE00
7FFFFE00
7FE7FF00
FF81FF00
FF81FF00
FF00FF00
FF00FF00
FF00FF00
0000FF00
0001FF00
0001FE00
0003FE00
0007FC00
0007FC00
000FF800
001FF000
003FE000
007FC000
00FF8000
01FF0000
03FE0000
07FE0000
0FFC0000
1FF80000
3FF00000
7FE00000
FFFFFF80
FFFFFF80
FFFFFF80
FFFFFF80
FFFFFF80
FFFFFF80
ENDCHAR
STARTCHAR three
ENCODING 51
SWIDTH 579 0
DWIDTH 29 0
BBX 26 36 1 0
BITMAP
007F8000
03FFF000
07FFFC00
1FFFFE00
3FFFFF00
3FFFFF00
7FF3FF80
7FC0FF80
7F807F80
7F807F80
00007F80
00007F80
00007F80
0000FF80
0001FF00
007FFE00
007FFC00
007FF800
007FFC00
007FFE00
007FFF00
0001FF80
00007F80
00007FC0
00003FC0
00003FC0
FF003FC0
FF807FC0
FFC0FFC0
7FF3FF80
7FFFFF80
3FFFFF00
1FFFFE00
0FFFFC00
03FFF000
007F8000
ENDCHAR
STARTCHAR four
ENCODING 52
SWIDTH 579 0
DWIDTH 29 0
BBX 26 36 2 0
BITMAP
0007FC00
0007FC00
000FFC00
000FFC00
001FFC00
003FFC00
003FFC00
007FFC00
00FFFC00
00FFFC00
01FFFC00
01FBFC00
03FBFC00
07F3FC00
07E3FC00
0FE3FC00
1FC3FC00
1FC3FC00
3F83FC00
3F83FC00
7F03FC00
FE03FC00
FFFFFFC0
FFFFFFC0
FFFFFFC0
FFFFFFC0
FFFFFFC0
FFFFFFC0
0003FC00
0003FC00
0003FC00
0003FC00
0003FC00
0003FC00
0003FC00
0003FC00
ENDCHAR
STARTCHAR five
ENCODING 53
SWIDTH 579 0
DWIDTH 29 0
BBX 25 36 2 0
BITMAP
1FFFFF00
1FFFFF00
1FFFFF00
3FFFFF00
3FFFFF00
3FFFFF00
3FC00000
3F800000
3F800000
3F800000
3F800000
7F800000
7F9FC000
7FFFF000
7FFFF800
7FFFFC00
7FFFFE00
7FFFFF00
1F01FF00
0000FF00
0000FF80
0000FF80
00007F80
00007F80
00007F80
FF00FF80
FF80FF80
FF80FF00
7FC1FF00
7FE3FF00
7FFFFE00
3FFFFC00
1FFFFC00
0FFFF800
03FFE000
007F0000
ENDCHAR
STARTCHAR six
ENCODING 54
SWIDTH 579 0
DWIDTH 29 0
BBX 26 36 2 0
BITMAP
0003F000
001FF000
007FF000
01FFF000
03FFF000
07FFF000
0FFFC000
1FFC0000
1FF00000
3FE00000
3FC00000
7FC00000
7F8FE000
7FBFF800
FFFFFC00
FFFFFE00
FFFFFF00
FFFFFF00
FFE3FF80
FF80FF80
FF00FF80
FF007F80
FF007FC0
FF007FC0
FF007FC0
FF007F80
7F807F80
7F80FF80
7FC0FF80
3FF3FF00
3FFFFF00
1FFFFE00
0FFFFC00
07FFF800
01FFE000
007F8000
ENDCHAR
STARTCHAR seven
ENCODING 55
SWIDTH 579 0
DWIDTH 29 0
BBX 26 36 1 0
BITMAP
FFFFFFC0
FFFFFFC0
FFFFFFC0
FFFFFFC0
FFFFFFC0
FFFFFF80
00007F80
00007F80
0000FF00
0000FF00
0001FE00
0001FE00
0003FE00
0003FC00
0003FC00
0007F800
0007F800
000FF000
000FF000
001FF000
001FE000
003FE000
003FC000
003FC000
007F8000
007F8000
00FF8000
00FF0000
01FF0000
01FE0000
03FE0000
03FE0000
07FC0000
07FC0000
07F80000
0FF80000
ENDCHAR
STARTCHAR eight
ENCODING 56
SWIDTH 579 0
DWIDTH 29 0
BBX 25 36 2 0
BITMAP
00FF8000
03FFE000
0FFFF800
1FFFFC00
3FFFFE00
3FFFFE00
7FE3FF00
7FC1FF00
7F80FF00
7F80FF00
7F80FF00
7F80FF00
7F80FF00
3FC1FE00
3FE3FE00
1FFFFC00
0FFFF800
07FFF000
0FFFF800
1FFFFC00
3FFFFE00
7FC1FF00
7F80FF00
FF80FF80
FF007F80
FF007F80
FF00FF80
FF80FF80
FFC0FF80
7FE3FF00
7FFFFF00
3FFFFE00
3FFFFC00
0FFFF800
07FFF000
00FF8000
ENDCHAR
STARTCHAR nine
ENCODING 57
SWIDTH 579 0
DWIDTH 29 0
BBX 25 36 2 0
BITMAP
007F0000
03FFC000
07FFF000
0FFFF800
1FFFFC00
3FFFFC00
7FE7FE00
7FC1FF00
7F80FF00
FF80FF00
FF00FF00
FF00FF80
FF00FF80
FF00FF80
FF00FF80
FF80FF80
FF80FF80
7FC1FF80
7FFFFF80
3FFFFF80
3FFFFF80
1FFFFF00
07FEFF00
01F8FF00
0000FF00
0001FE00
0003FE00
0007FC00
001FFC00
0FFFF800
0FFFF000
0FFFE000
0FFFC000
0FFF0000
0FFC0000
0FE00000
ENDCHAR
STARTCHAR colon
ENCODING 58
SWIDTH 300 0
DWIDTH 15 0
BBX 9 27 3 0
BITMAP
3E00
7F00
FF80
FF80
FF80
FF80
7F00
3E00
0000
0000
0000
0000
0000
0000
0000
0000
0000
0000
0000
3E00
7F00
FF80
FF80
FF80
FF80
7F00
3E00
ENDCHAR
STARTCHAR semicolon
ENCODING 59
SWIDTH 288 0
DWIDTH 14 0
BBX 10 37 2 -10
BITMAP
1F00
3F80
7FC0
7FC0
7FC0
7FC0
3F80
1F00
0000
0000
0000
0000
0000
0000
0000
0000
0000
0000
0000
0000
0000
1F80
1F80
1F80
1F80
1F80
1F80
1F80
1F80
3F80
3F00
3F00
7F00
7E00
FC00
7C00
1800
ENDCHAR
STARTCHAR less
ENCODING 60
SWIDTH 510 0
DWIDTH 26 0
BBX 22 24 1 3
BITMAP
00000C
00003C
0000FC
0007FC
001FFC
00FFFC
03FFFC
1FFFFC
7FFFE0
FFFF00
FFF800
FFC000
FFC000
FFF800
FFFF00
7FFFE0
1FFFFC
03FFFC
00FFFC
001FFC
0007FC
0000FC
00003C
00000C
ENDCHAR
STARTCHAR equal
ENCODING 61
SWIDTH 585 0
DWIDTH 29 0
BBX 23 17 3 7
BITMAP
FFFFFE
FFFFFE
FFFFFE
FFFFFE
FFFFFE
FFFFFE
000000
000000
000000
000000
000000
FFFFFE
FFFFFE
FFFFFE
FFFFFE
FFFFFE
FFFFFE
ENDCHAR
STARTCHAR greater
ENCODING 62
SWIDTH 513 0
DWIDTH 26 0
BBX 21 24 3 3
BITMAP
800000
E00000
FC0000
FF0000
FFE000
FFF800
FFFF00
FFFFC0
1FFFF8
03FFF8
007FF8
000FF8
001FF8
007FF8
03FFF8
1FFFF8
FFFFC0
FFFF00
FFF800
FFE000
FF0000
FC0000
E00000
800000
ENDCHAR
STARTCHAR question
ENCODING 63
SWIDTH 509 0
DWIDTH 25 0
BBX 23 36 1 0
BITMAP
01FF00
0FFFC0
1FFFF0
3FFFF8
7FFFFC
7FFFFC
FFCFFC
FF83FE
FF03FE
FF03FE
0003FE
0003FE
0003FC
0007FC
000FF8
003FF0
007FE0
007FC0
00FF80
00FF00
00FE00
00FE00
01FE00
01FC00
000000
000000
000000
000000
00FC00
01FE00
01FE00
03FF00
03FE00
01FE00
01FE00
007800
ENDCHAR
STARTCHAR at
ENCODING 64
SWIDTH 895 0
DWIDTH 45 0
BBX 41 45 2 -11
BITMAP
00007FE00000
0007FFFC0000
001FFFFF0000
007FFFFFC000
00FFC07FE000
01FE000FF000
03F80003F800
07F00001F800
0FE00000FC00
0FC000007E00
1F801FC03E00
1F007FF03F00
3F01FFFC1F00
3E03FFFC1F00
7E03FFFC1F00
7C07F0FC0F80
7C0FE0F80F80
FC0FC0F80F80
FC0FC0F80F80
F81F80F80F80
F81F80F80F80
F81F80F80F80
F83F81F80F80
F83F01F80F80
F83F01F80F00
F83F01F81F00
F83F01F81F00
F83F81F81F00
F83F83F83E00
F81F87F87E00
FC1FFFFCFC00
FC0FFFFFF800
7C0FFEFFF800
7E07FC7FE000
7E01F01FC000
3F0000000000
3F8000000000
1FC000000000
0FF000000000
07FC00300000
03FFFFF00000
01FFFFF80000
00FFFFF80000
001FFFF00000
0003FF800000
ENDCHAR
STARTCHAR A
ENCODING 65
SWIDTH 681 0
DWIDTH 34 0
BBX 34 36 0 0
BITMAP
0007F80000
000FFC0000
000FFC0000
000FFC0000
001FFE0000
001FFE0000
001FFE0000
003FFF0000
003FFF0000
003FFF8000
007FFF8000
007FFF8000
00FF3FC000
00FF3FC000
00FF3FC000
01FE1FE000
01FE1FE000
01FE1FE000
03FC0FF000
03FC0FF000
03FC0FF800
07FC07F800
07FFFFF800
0FFFFFFC00
0FFFFFFC00
0FFFFFFC00
1FFFFFFE00
1FFFFFFE00
1FFFFFFE00
3FE001FF00
3FE001FF00
3FC000FF80
7FC000FF80
7FC000FF80
FFC000FFC0
FF80007FC0
ENDCHAR
STARTCHAR B
ENCODING 66
SWIDTH 645 0
DWIDTH 32 0
BBX 27 36 3 0
BITMAP
FFFFC000
FFFFF800
FFFFFE00
FFFFFF00
FFFFFF80
FFFFFF80
FFFFFFC0
FF00FFC0
FF007FC0
FF003FC0
FF003FC0
FF003FC0
FF003FC0
FF007FC0
FF00FF80
FFFFFF80
FFFFFF00
FFFFFE00
FFFFFE00
FFFFFF80
FFFFFFC0
FF007FC0
FF003FE0
FF003FE0
FF001FE0
FF001FE0
FF001FE0
FF003FE0
FF007FE0
FFFFFFE0
FFFFFFC0
FFFFFFC0
FFFFFF80
FFFFFF00
FFFFFC00
FFFFE000
ENDCHAR
STARTCHAR C
ENCODING 67
SWIDTH 656 0
DWIDTH 33 0
BBX 29 36 2 0
BITMAP
003FE000
00FFFC00
03FFFF00
07FFFF80
0FFFFFC0
1FFFFFE0
3FFFFFF0
3FE03FF0
7FC00FF0
7FC00FF8
7F8007F8
FF8007F8
FF8007F8
FF800000
FF000000
FF000000
FF000000
FF000000
FF000000
FF000000
FF000000
FF000000
FF800000
FF8007F8
FF8007F8
7F8007F8
7FC00FF8
7FC01FF8
3FE03FF0
3FFFFFF0
1FFFFFE0
0FFFFFC0
07FFFF80
03FFFF00
00FFFC00
003FE000
ENDCHAR
STARTCHAR D
ENCODING 68
SWIDTH 646 0
DWIDTH 32 0
BBX 28 36 3 0
BITMAP
FFFE0000
FFFFC000
FFFFF000
FFFFFC00
FFFFFE00
FFFFFF00
FFFFFF00
FF01FF80
FF00FFC0
FF007FC0
FF003FC0
FF003FE0
FF003FE0
FF001FE0
FF001FE0
FF001FF0
FF001FF0
FF001FF0
FF001FF0
FF001FF0
FF001FF0
FF001FE0
FF001FE0
FF003FE0
FF003FE0
FF003FC0
FF007FC0
FF00FFC0
FF01FF80
FFFFFF00
FFFFFF00
FFFFFE00
FFFFFC00
FFFFF000
FFFFC000
FFFE0000
ENDCHAR
STARTCHAR E
ENCODING 69
SWIDTH 559 0
DWIDTH 28 0
BBX 24 36 3 0
BITMAP
FFFFFF
FFFFFF
FFFFFF
FFFFFF
FFFFFF
FFFFFF
FFFFFF
FF0000
FF0000
FF0000
FF0000
FF0000
FF0000
FF0000
FF0000
FFFFFC
FFFFFC
FFFFFC
FFFFFC
FFFFFC
FFFFFC
FF0000
FF0000
FF0000
FF0000
FF0000
FF0000
FF0000
FF0000
FFFFFF
FFFFFF
FFFFFF
FFFFFF
FFFFFF
FFFFFF
FFFFFF
ENDCHAR
STARTCHAR F
ENCODING 70
SWIDTH 546 0
DWIDTH 27 0
BBX 23 36 3 0
BITMAP
FFFFFE
FFFFFE
FFFFFE
FFFFFE
FFFFFE
FFFFFE
FFFFFE
FF0000
FF0000
FF0000
FF0000
FF0000
FF0000
FF0000
FF0000
FFFFFC
FFFFFC
FFFFFC
FFFFFC
FFFFFC
FFFFFC
FFFFFC
FF0000
FF0000
FF0000
FF0000
FF0000
FF0000
FF0000
FF0000
FF0000
FF0000
FF0000
FF0000
FF0000
FF0000
ENDCHAR
STARTCHAR G
ENCODING 71
SWIDTH 681 0
DWIDTH 34 0
BBX 30 36 2 0
BITMAP
001FF000
00FFFE00
01FFFF80
07FFFFC0
0FFFFFE0
1FFFFFF0
1FFFFFF0
3FF01FF8
3FE00FF8
7FC007F8
7FC007FC
7F8007FC
FF800000
FF800000
FF800000
FF800000
FF800000
FF81FFFC
FF81FFFC
FF81FFFC
FF81FFFC
FF81FFFC
FF81FFFC
FF8007FC
7F8007FC
7FC007FC
7FC007FC
3FE007FC
3FF00FFC
1FFFFFFC
1FFFFFFC
0FFFFFFC
07FFFFF0
01FFFFE0
00FFFF80
001FF800
ENDCHAR
STARTCHAR H
ENCODING 72
SWIDTH 702 0
DWIDTH 35 0
BBX 29 36 3 0
BITMAP
FF0007F8
FF0007F8
FF0007F8
FF0007F8
FF0007F8
FF0007F8
FF0007F8
FF0007F8
FF0007F8
FF0007F8
FF0007F8
FF0007F8
FF0007F8
FF0007F8
FFFFFFF8
FFFFFFF8
FFFFFFF8
FFFFFFF8
FFFFFFF8
FFFFFFF8
FFFFFFF8
FF0007F8
FF0007F8
FF0007F8
FF0007F8
FF0007F8
FF0007F8
FF0007F8
FF0007F8
FF0007F8
FF0007F8
FF0007F8
FF0007F8
FF0007F8
FF0007F8
FF0007F8
ENDCHAR
STARTCHAR I
ENCODING 73
SWIDTH 302 0
DWIDTH 15 0
BBX 9 36 3 0
BITMAP
FF80
FF80
FF80
FF80
FF80
FF80
FF80
FF80
FF80
FF80
FF80
FF80
FF80
FF80
FF80
FF80
FF80
FF80
FF80
FF80
FF80
FF80
FF80
FF80
FF80
FF80
FF80
FF80
FF80
FF80
FF80
FF80
FF80
FF80
FF80
FF80
ENDCHAR
STARTCHAR J
ENCODING 74
SWIDTH 562 0
DWIDTH 28 0
BBX 24 36 1 0
BITMAP
0000FF
0000FF
0000FF
0000FF
0000FF
0000FF
0000FF
0000FF
0000FF
0000FF
0000FF
0000FF
0000FF
0000FF
0000FF
0000FF
0000FF
0000FF
0000FF
0000FF
0000FF
0000FF
0000FF
0000FF
0000FF
FF80FF
FF80FF
FF81FF
FF83FF
7FFFFE
7FFFFE
3FFFFC
3FFFF8
0FFFF0
07FFE0
00FF00
ENDCHAR
STARTCHAR K
ENCODING 75
SWIDTH 639 0
DWIDTH 32 0
BBX 29 36 3 0
BITMAP
FF001FF8
FF003FF0
FF007FF0
FF007FE0
FF00FFC0
FF01FF80
FF01FF80
FF03FF00
FF07FE00
FF0FFC00
FF0FFC00
FF1FF800
FF3FF000
FF3FE000
FF7FE000
FF7FC000
FFFFC000
FFFFC000
FFFFE000
FFFFF000
FFFFF000
FFFFF800
FFFFF800
FFEFFC00
FFC7FE00
FF87FE00
FF03FF00
FF01FF00
FF01FF80
FF00FFC0
FF00FFC0
FF007FE0
FF007FE0
FF003FF0
FF001FF8
FF001FF8
ENDCHAR
STARTCHAR L
ENCODING 76
SWIDTH 541 0
DWIDTH 27 0
BBX 23 36 3 0
BITMAP
FF0000
FF0000
FF0000
FF0000
FF0000
FF0000
FF0000
FF0000
FF0000
FF0000
FF0000
FF0000
FF0000
FF0000
FF0000
FF0000
FF0000
FF0000
FF0000
FF0000
FF0000
FF0000
FF0000
FF0000
FF0000
FF0000
FF0000
FF0000
FF0000
FFFFFE
FFFFFE
FFFFFE
FFFFFE
FFFFFE
FFFFFE
FFFFFE
ENDCHAR
STARTCHAR M
ENCODING 77
SWIDTH 876 0
DWIDTH 44 0
BBX 38 36 3 0
BITMAP
FFE0001FFC
FFE0003FFC
FFF0003FFC
FFF0003FFC
FFF0007FFC
FFF8007FFC
FFF8007FFC
FFF800FFFC
FFFC00FFFC
FFFC00FFFC
FFFC01FFFC
FEFE01FFFC
FFFE01FFFC
FFFE01FBFC
FF7F03FBFC
FF7F03FBFC
FF7F03F3FC
FF3F07F3FC
FF3F87F3FC
FF3F87E3FC
FF1F8FE3FC
FF1FCFE3FC
FF0FCFC3FC
FF0FDFC3FC
FF0FFFC3FC
FF07FF83FC
FF07FF83FC
FF07FF87FC
FF03FF07FC
FF03FF07FC
FF03FF07FC
FF01FE07FC
FF01FE07FC
FF01FE07FC
FF00FC07FC
FF00FC07FC
ENDCHAR
STARTCHAR N
ENCODING 78
SWIDTH 702 0
DWIDTH 35 0
BBX 29 36 3 0
BITMAP
FF8007F8
FF8007F8
FFC007F8
FFC007F8
FFE007F8
FFE007F8
FFF007F8
FFF807F8
FFF807F8
FFFC07F8
FFFC07F8
FFFE07F8
FFFE07F8
FFFF07F8
FF7F07F8
FF7F87F8
FF3FC7F8
FF3FC7F8
FF1FE7F8
FF0FE7F8
FF0FF7F8
FF07F7F8
FF07FFF8
FF03FFF8
FF03FFF8
FF01FFF8
FF00FFF8
FF00FFF8
FF007FF8
FF007FF8
FF003FF8
FF003FF8
FF001FF8
FF001FF8
FF000FF8
FF0007F8
ENDCHAR
STARTCHAR O
ENCODING 79
SWIDTH 690 0
DWIDTH 35 0
BBX 31 36 2 0
BITMAP
001FE000
00FFFC00
03FFFF00
07FFFF80
0FFFFFC0
1FFFFFE0
1FFFFFF0
3FF03FF8
7FE00FF8
7FC00FF8
7FC007FC
FF8007FC
FF8003FC
FF8003FE
FF8003FE
FF0003FE
FF0003FE
FF0003FE
FF0003FE
FF0003FE
FF0003FE
FF8003FE
FF8003FC
FF8003FC
FF8007FC
7FC007FC
7FC00FF8
7FE00FF8
3FF03FF0
1FFFFFF0
1FFFFFE0
0FFFFFC0
07FFFF80
01FFFF00
00FFFC00
001FE000
ENDCHAR
STARTCHAR P
ENCODING 80
SWIDTH 651 0
DWIDTH 33 0
BBX 28 36 3 0
BITMAP
FFFFC000
FFFFF800
FFFFFE00
FFFFFF00
FFFFFF80
FFFFFFC0
FFFFFFC0
FF007FE0
FF003FE0
FF003FE0
FF001FF0
FF001FF0
FF001FF0
FF001FF0
FF001FE0
FF003FE0
FF007FE0
FFFFFFE0
FFFFFFC0
FFFFFF80
FFFFFF00
FFFFFE00
FFFFF800
FFFFC000
FF000000
FF000000
FF000000
FF000000
FF000000
FF000000
FF000000
FF000000
FF000000
FF000000
FF000000
FF000000
ENDCHAR
STARTCHAR Q
ENCODING 81
SWIDTH 690 0
DWIDTH 35 0
BBX 31 43 2 -7
BITMAP
001FF000
00FFFC00
01FFFF00
07FFFF80
0FFFFFC0
1FFFFFE0
1FFFFFF0
3FF03FF8
3FE00FF8
7FC00FF8
7FC007FC
FF8007FC
FF8003FC
FF8003FE
FF8003FE
FF8003FE
FF0003FE
FF0003FE
FF0003FE
FF0003FE
FF8003FE
FF8003FE
FF8003FE
FF8003FC
FF8007FC
7FC007FC
7FC00FFC
3FE00FF8
3FF03FF8
1FFFFFF0
1FFFFFE0
0FFFFFC0
07FFFF80
01FFFF80
00FFFFC0
001FFFE0
00003FF8
00001FFC
00000FFC
000007F8
000003F0
000001E0
00000040
ENDCHAR
STARTCHAR R
ENCODING 82
SWIDTH 652 0
DWIDTH 33 0
BBX 28 36 3 0
BITMAP
FFFFE000
FFFFF800
FFFFFE00
FFFFFF00
FFFFFF80
FFFFFFC0
FFFFFFC0
FF007FE0
FF003FE0
FF003FE0
FF003FE0
FF001FE0
FF003FE0
FF003FE0
FF003FE0
FF007FC0
FFFFFFC0
FFFFFF80
FFFFFF00
FFFFFE00
FFFFFC00
FFFFF800
FFFFFC00
FF07FC00
FF03FE00
FF03FE00
FF01FF00
FF01FF00
FF00FF80
FF00FF80
FF00FFC0
FF007FC0
FF007FE0
FF003FE0
FF003FF0
FF001FF0
ENDCHAR
STARTCHAR S
ENCODING 83
SWIDTH 625 0
DWIDTH 31 0
BBX 28 36 2 0
BITMAP
003FE000
01FFFC00
07FFFE00
1FFFFF00
1FFFFF80
3FFFFFC0
7FFDFFE0
7FE03FE0
7FC03FE0
7F801FF0
7F801FF0
7FC00000
7FE00000
7FF80000
3FFE0000
1FFFC000
0FFFF800
07FFFC00
01FFFF00
007FFF80
001FFFC0
0003FFC0
0000FFE0
00003FE0
FF001FE0
FF001FF0
FF801FF0
FF801FE0
FFC03FE0
7FF8FFE0
3FFFFFE0
3FFFFFC0
1FFFFF80
07FFFF00
01FFFC00
003FE000
ENDCHAR
STARTCHAR T
ENCODING 84
SWIDTH 630 0
DWIDTH 32 0
BBX 30 36 1 0
BITMAP
FFFFFFFC
FFFFFFFC
FFFFFFFC
FFFFFFFC
FFFFFFFC
FFFFFFFC
FFFFFFFC
003FE000
003FE000
003FE000
003FE000
003FE000
003FE000
003FE000
003FE000
003FE000
003FE000
003FE000
003FE000
003FE000
003FE000
003FE000
003FE000
003FE000
003FE000
003FE000
003FE000
003FE000
003FE000
003FE000
003FE000
003FE000
003FE000
003FE000
003FE000
003FE000
ENDCHAR
STARTCHAR U
ENCODING 85
SWIDTH 664 0
DWIDTH 33 0
BBX 28 36 3 0
BITMAP
FF001FF0
FF001FF0
FF001FF0
FF001FF0
FF001FF0
FF001FF0
FF001FF0
FF001FF0
FF001FF0
FF001FF0
FF001FF0
FF001FF0
FF001FF0
FF001FF0
FF001FF0
FF001FF0
FF001FF0
FF001FF0
FF001FF0
FF001FF0
FF001FF0
FF001FF0
FF001FF0
FF001FF0
FF001FF0
FF001FE0
FF803FE0
FF803FE0
FFC07FE0
7FFFFFC0
3FFFFFC0
3FFFFF80
1FFFFF00
0FFFFE00
03FFF800
007FC000
ENDCHAR
STARTCHAR V
ENCODING 86
SWIDTH 661 0
DWIDTH 33 0
BBX 33 36 0 0
BITMAP
FFC001FF80
FFC001FF80
7FC001FF00
7FC001FF00
7FE003FF00
3FE003FE00
3FE003FE00
3FE003FE00
1FF007FC00
1FF007FC00
1FF007FC00
0FF80FF800
0FF80FF800
0FF80FF800
07F80FF000
07FC1FF000
07FC1FF000
03FC1FE000
03FC1FE000
03FE3FE000
01FE3FC000
01FE3FC000
01FF7FC000
00FF7F8000
00FF7F8000
00FF7F8000
007FFF0000
007FFF0000
007FFF0000
003FFE0000
003FFE0000
003FFE0000
001FFC0000
001FFC0000
001FFC0000
000FF80000
ENDCHAR
STARTCHAR W
ENCODING 87
SWIDTH 869 0
DWIDTH 43 0
BBX 42 36 1 0
BITMAP
FF007F007FC0
FF007F807F80
FF00FF807F80
FF80FF807F80
FF80FF80FF80
7F80FF80FF80
7F80FFC0FF00
7F81FFC0FF00
7FC1FFC0FF00
3FC1FFC0FF00
3FC1FFE1FF00
3FC3FFE1FE00
3FC3FFE1FE00
3FC3FFE1FE00
1FE3FFE1FE00
1FE3FFF1FE00
1FE7F7F3FC00
1FE7F7F3FC00
1FE7F7F3FC00
0FF7F3FBFC00
0FF7F3FBFC00
0FFFE3FFF800
0FFFE3FFF800
0FFFE3FFF800
07FFE1FFF800
07FFC1FFF000
07FFC1FFF000
07FFC1FFF000
03FFC0FFF000
03FF80FFF000
03FF80FFE000
03FF80FFE000
03FF807FE000
01FF807FE000
01FF007FE000
01FF007FC000
ENDCHAR
STARTCHAR X
ENCODING 88
SWIDTH 638 0
DWIDTH 32 0
BBX 32 36 0 0
BITMAP
7FC003FE
7FE007FE
3FE007FC
3FF00FFC
1FF00FF8
1FF81FF8
0FF81FF0
07FC3FE0
07FC3FE0
03FE7FC0
03FE7FC0
01FFFF80
01FFFF80
00FFFF00
00FFFF00
007FFE00
003FFC00
003FFC00
003FFC00
007FFE00
007FFE00
00FFFF00
00FFFF00
01FFFF80
01FFFF80
03FE7FC0
07FE7FC0
07FC3FE0
0FFC3FF0
0FF81FF0
1FF81FF8
1FF00FF8
3FF00FFC
7FE007FC
7FE007FE
FFC003FF
ENDCHAR
STARTCHAR Y
ENCODING 89
SWIDTH 627 0
DWIDTH 31 0
BBX 31 36 0 0
BITMAP
FF8003FE
7FC003FE
7FC007FC
3FE007FC
3FE00FF8
1FE00FF8
1FF00FF0
0FF01FF0
0FF81FE0
07F83FE0
07FC3FC0
03FC7FC0
03FC7F80
01FE7F80
01FEFF00
00FFFF00
00FFFE00
007FFE00
007FFC00
003FFC00
003FF800
001FF800
001FF000
001FF000
001FF000
001FF000
001FF000
001FF000
001FF000
001FF000
001FF000
001FF000
001FF000
001FF000
001FF000
001FF000
ENDCHAR
STARTCHAR Z
ENCODING 90
SWIDTH 610 0
DWIDTH 31 0
BBX 27 36 2 0
BITMAP
FFFFFFE0
FFFFFFE0
FFFFFFE0
FFFFFFE0
FFFFFFE0
FFFFFFC0
FFFFFFC0
0000FF80
0001FF00
0001FF00
0003FE00
0007FC00
0007FC00
000FF800
001FF000
001FF000
003FE000
007FC000
007FC000
00FF8000
01FF0000
03FF0000
03FE0000
07FC0000
0FFC0000
0FF80000
1FF00000
3FF00000
3FE00000
7FFFFFE0
FFFFFFE0
FFFFFFE0
FFFFFFE0
FFFFFFE0
FFFFFFE0
FFFFFFE0
ENDCHAR
STARTCHAR bracketleft
ENCODING 91
SWIDTH 282 0
DWIDTH 14 0
BBX 11 51 3 -9
BITMAP
FFE0
FFE0
FFE0
FFE0
FFE0
FFE0
FF00
FF00
FF00
FF00
FF00
FF00
FF00
FF00
FF00
FF00
FF00
FF00
FF00
FF00
FF00
FF00
FF00
FF00
FF00
FF00
FF00
FF00
FF00
FF00
FF00
FF00
FF00
FF00
FF00
FF00
FF00
FF00
FF00
FF00
FF00
FF00
FF00
FF00
FF00
FFE0
FFE0
FFE0
FFE0
FFE0
FFE0
ENDCHAR
STARTCHAR backslash
ENCODING 92
SWIDTH 426 0
DWIDTH 21 0
BBX 23 39 0 -3
BITMAP
FF0000
FF8000
FF8000
7F8000
7FC000
3FC000
3FE000
3FE000
1FE000
1FF000
1FF000
0FF000
0FF800
07F800
07FC00
07FC00
03FC00
03FE00
01FE00
01FF00
01FF00
00FF00
00FF80
00FF80
007F80
007FC0
003FC0
003FE0
003FE0
001FE0
001FF0
001FF0
000FF0
000FF8
0007F8
0007FC
0007FC
0003FC
0003FE
ENDCHAR
STARTCHAR bracketright
ENCODING 93
SWIDTH 282 0
DWIDTH 14 0
BBX 12 51 0 -9
BITMAP
FFF0
FFF0
FFF0
FFF0
FFF0
FFF0
1FF0
1FF0
1FF0
1FF0
1FF0
1FF0
1FF0
1FF0
1FF0
1FF0
1FF0
1FF0
1FF0
1FF0
1FF0
1FF0
1FF0
1FF0
1FF0
1FF0
1FF0
1FF0
1FF0
1FF0
1FF0
1FF0
1FF0
1FF0
1FF0
1FF0
1FF0
1FF0
1FF0
1FF0
1FF0
1FF0
1FF0
1FF0
1FF0
FFF0
FFF0
FFF0
FFF0
FFF0
FFF0
ENDCHAR
STARTCHAR asciicircum
ENCODING 94
SWIDTH 447 0
DWIDTH 22 0
BBX 20 18 1 18
BITMAP
01F800
01FC00
03FC00
03FE00
07FE00
07FF00
07FF00
0FFF00
0FDF80
1F9F80
1F8FC0
3F8FC0
3F0FC0
3F07E0
7E07E0
7E07F0
FE03F0
FC03F0
ENDCHAR
STARTCHAR underscore
ENCODING 95
SWIDTH 441 0
DWIDTH 22 0
BBX 22 6 0 -6
BITMAP
FFFFFC
FFFFFC
FFFFFC
FFFFFC
FFFFFC
FFFFFC
ENDCHAR
STARTCHAR grave
ENCODING 96
SWIDTH 339 0
DWIDTH 17 0
BBX 13 8 2 30
BITMAP
FF00
7F80
7FC0
3FC0
1FE0
0FE0
07F0
03F8
ENDCHAR
STARTCHAR a
ENCODING 97
SWIDTH 531 0
DWIDTH 27 0
BBX 24 26 1 0
BITMAP
00FF00
07FFE0
0FFFF0
1FFFF8
3FFFFC
7FFFFE
7FC3FE
7F81FE
7F81FE
0001FE
01FFFE
0FFFFE
1FFFFE
3FFFFE
7FE1FE
7F81FE
FF81FE
FF01FE
FF01FE
FF83FE
FFFFFE
7FFFFE
7FFFFE
3FFFFF
0FFCFF
03F0FF
ENDCHAR
STARTCHAR b
ENCODING 98
SWIDTH 562 0
DWIDTH 28 0
BBX 25 38 2 0
BITMAP
FF800000
FF800000
FF800000
FF800000
FF800000
FF800000
FF800000
FF800000
FF800000
FF800000
FF800000
FF800000
FF9FC000
FFBFF000
FFFFF800
FFFFFC00
FFFFFE00
FFFFFE00
FFE3FF00
FF81FF00
FF80FF00
FF80FF80
FF80FF80
FF807F80
FF807F80
FF807F80
FF807F80
FF80FF80
FF80FF80
FF80FF00
FF80FF00
FFE3FF00
FFFFFE00
FFFFFE00
FFFFFC00
FF7FF800
FF3FF000
FF1FC000
ENDCHAR
STARTCHAR c
ENCODING 99
SWIDTH 520 0
DWIDTH 26 0
BBX 24 26 1 0
BITMAP
007F00
03FFE0
07FFF0
0FFFF8
1FFFFC
3FFFFE
3FE3FE
7FC1FE
7F80FF
7F80FF
FF80FF
FF8000
FF8000
FF8000
FF8000
FF8000
7F80FF
7F80FF
7FC1FF
7FE3FE
3FFFFE
1FFFFC
1FFFF8
07FFF0
03FFE0
007F00
ENDCHAR
STARTCHAR d
ENCODING 100
SWIDTH 562 0
DWIDTH 28 0
BBX 25 38 1 0
BITMAP
0000FF80
0000FF80
0000FF80
0000FF80
0000FF80
0000FF80
0000FF80
0000FF80
0000FF80
0000FF80
0000FF80
0000FF80
01F8FF80
07FEFF80
0FFFFF80
1FFFFF80
3FFFFF80
3FFFFF80
7FE3FF80
7FC0FF80
7F80FF80
7F80FF80
FF80FF80
FF80FF80
FF80FF80
FF80FF80
FF80FF80
FF80FF80
7F80FF80
7F80FF80
7FC0FF80
7FE3FF80
3FFFFF80
3FFFFF80
1FFFFF80
0FFF7F80
07FE7F80
01FC7F80
ENDCHAR
STARTCHAR e
ENCODING 101
SWIDTH 544 0
DWIDTH 27 0
BBX 25 26 1 0
BITMAP
007F8000
01FFF000
07FFF800
0FFFFC00
1FFFFE00
3FFFFF00
3FF1FF00
7FC07F80
7FC07F80
7F807F80
7FFFFF80
7FFFFF80
FFFFFF80
FFFFFF80
FFFFFF80
7F800000
7F800000
7FC00800
7FE01C00
3FF8FE00
3FFFFF00
1FFFFF00
0FFFFF00
07FFFC00
01FFF800
003FC000
ENDCHAR
STARTCHAR f
ENCODING 102
SWIDTH 362 0
DWIDTH 18 0
BBX 18 39 0 0
BITMAP
003FC0
00FFC0
01FFC0
03FFC0
07FFC0
07FFC0
0FFE00
0FF800
0FF800
0FF000
0FF000
0FF000
0FF000
FFFFC0
FFFFC0
FFFFC0
FFFFC0
FFFFC0
FFFFC0
0FF000
0FF000
0FF000
0FF000
0FF000
0FF000
0FF000
0FF000
0FF000
0FF000
0FF000
0FF000
0FF000
0FF000
0FF000
0FF000
0FF000
0FF000
0FF000
0FF000
ENDCHAR
STARTCHAR g
ENCODING 103
SWIDTH 575 0
DWIDTH 29 0
BBX 25 36 1 -10
BITMAP
00FE3F80
03FF3F80
0FFFFF80
1FFFFF80
1FFFFF80
3FFFFF80
3FF1FF80
7FC07F80
7FC07F80
7F807F80
FF807F80
FF807F80
FF807F80
FF807F80
FF807F80
FF807F80
7F807F80
7FC07F80
7FC07F80
3FF1FF80
3FFFFF80
1FFFFF80
1FFFFF80
0FFFFF80
03FF7F80
00FC7F80
00007F80
04007F80
0600FF80
0F83FF80
1FFFFF00
1FFFFE00
1FFFFC00
0FFFF800
07FFF000
00FF8000
ENDCHAR
STARTCHAR h
ENCODING 104
SWIDTH 564 0
DWIDTH 28 0
BBX 24 38 2 0
BITMAP
FF0000
FF0000
FF0000
FF0000
FF0000
FF0000
FF0000
FF0000
FF0000
FF0000
FF0000
FF0000
FF0FE0
FF3FF8
FF7FFC
FFFFFC
FFFFFE
FFFFFE
FFC7FF
FF81FF
FF01FF
FF00FF
FF00FF
FF00FF
FF00FF
FF00FF
FF00FF
FF00FF
FF00FF
FF00FF
FF00FF
FF00FF
FF00FF
FF00FF
FF00FF
FF00FF
FF00FF
FF00FF
ENDCHAR
STARTCHAR i
ENCODING 105
SWIDTH 274 0
DWIDTH 14 0
BBX 9 37 2 0
BITMAP
3E00
7F80
7F80
FF80
FF80
7F80
7F00
3E00
0000
0000
0000
7F80
7F80
7F80
7F80
7F80
7F80
7F80
7F80
7F80
7F80
7F80
7F80
7F80
7F80
7F80
7F80
7F80
7F80
7F80
7F80
7F80
7F80
7F80
7F80
7F80
7F80
ENDCHAR
STARTCHAR j
ENCODING 106
SWIDTH 270 0
DWIDTH 14 0
BBX 14 47 -3 -10
BITMAP
01F0
03FC
03FC
07FC
07FC
03FC
03FC
00F0
0000
0000
0000
03FC
03FC
03FC
03FC
03FC
03FC
03FC
03FC
03FC
03FC
03FC
03FC
03FC
03FC
03FC
03FC
03FC
03FC
03FC
03FC
03FC
03FC
03FC
03FC
03FC
03FC
03FC
03FC
07FC
9FFC
FFF8
FFF8
FFF0
FFE0
FFC0
FF00
ENDCHAR
STARTCHAR k
ENCODING 107
SWIDTH 546 0
DWIDTH 27 0
BBX 26 38 2 0
BITMAP
FF800000
FF800000
FF800000
FF800000
FF800000
FF800000
FF800000
FF800000
FF800000
FF800000
FF800000
FF800000
FF81FF80
FF83FF00
FF83FE00
FF87FC00
FF8FFC00
FF9FF800
FFBFF000
FFBFE000
FFFFC000
FFFF8000
FFFF0000
FFFF8000
FFFF8000
FFFFC000
FFFFE000
FFFFE000
FFFFF000
FFCFF800
FF8FF800
FF87FC00
FF87FE00
FF83FE00
FF81FF00
FF81FF80
FF80FF80
FF80FFC0
ENDCHAR
STARTCHAR l
ENCODING 108
SWIDTH 274 0
DWIDTH 14 0
BBX 8 38 3 0
BITMAP
FF
FF
FF
FF
FF
FF
FF
FF
FF
FF
FF
FF
FF
FF
FF
FF
FF
FF
FF
FF
FF
FF
FF
FF
FF
FF
FF
FF
FF
FF
FF
FF
FF
FF
FF
FF
FF
FF
ENDCHAR
STARTCHAR m
ENCODING 109
SWIDTH 861 0
DWIDTH 43 0
BBX 39 26 2 0
BITMAP
FF07E01FC0
FF1FF87FF0
FF7FFCFFF8
FFFFFFFFF8
FFFFFFFFFC
FFFFFFFFFC
FFE7FFCFFC
FF81FF03FE
FF81FF03FE
FF81FF03FE
FF81FF03FE
FF81FF03FE
FF81FF03FE
FF81FF03FE
FF81FF03FE
FF81FF03FE
FF81FF03FE
FF81FF03FE
FF81FF03FE
FF81FF03FE
FF81FF03FE
FF81FF03FE
FF81FF03FE
FF81FF03FE
FF81FF03FE
FF81FF03FE
ENDCHAR
STARTCHAR n
ENCODING 110
SWIDTH 564 0
DWIDTH 28 0
BBX 24 26 2 0
BITMAP
FF0FE0
FF3FF8
FF7FFC
FFFFFE
FFFFFE
FFFFFE
FFE7FF
FF81FF
FF00FF
FF00FF
FF00FF
FF00FF
FF00FF
FF00FF
FF00FF
FF00FF
FF00FF
FF00FF
FF00FF
FF00FF
FF00FF
FF00FF
FF00FF
FF00FF
FF00FF
FF00FF
ENDCHAR
STARTCHAR o
ENCODING 111
SWIDTH 562 0
DWIDTH 28 0
BBX 26 26 1 0
BITMAP
007F8000
03FFF000
07FFF800
0FFFFC00
1FFFFE00
3FFFFF00
3FF3FF00
7FC0FF80
7F807F80
7F807F80
FF807FC0
FF807FC0
FF803FC0
FF803FC0
FF803FC0
FF807FC0
7F807F80
7F807F80
7FC0FF80
3FF3FF00
3FFFFF00
1FFFFE00
0FFFFC00
07FFF800
03FFF000
007F8000
ENDCHAR
STARTCHAR p
ENCODING 112
SWIDTH 562 0
DWIDTH 28 0
BBX 25 36 2 -10
BITMAP
FF1FC000
FF3FF000
FF7FF800
FFFFFC00
FFFFFE00
FFFFFE00
FFE3FF00
FF81FF00
FF80FF00
FF80FF80
FF80FF80
FF807F80
FF807F80
FF807F80
FF807F80
FF80FF80
FF80FF80
FF80FF00
FF81FF00
FFE3FF00
FFFFFE00
FFFFFE00
FFFFFC00
FFFFF800
FFBFF000
FF8FC000
FF800000
FF800000
FF800000
FF800000
FF800000
FF800000
FF800000
FF800000
FF800000
FF800000
ENDCHAR
STARTCHAR q
ENCODING 113
SWIDTH 562 0
DWIDTH 28 0
BBX 25 36 1 -10
BITMAP
01FC3F80
07FE7F80
0FFFFF80
1FFFFF80
3FFFFF80
3FFFFF80
7FE3FF80
7FC0FF80
7F80FF80
7F80FF80
FF80FF80
FF80FF80
FF80FF80
FF80FF80
FF80FF80
FF80FF80
7F80FF80
7F80FF80
7FC0FF80
7FE3FF80
3FFFFF80
3FFFFF80
1FFFFF80
0FFFFF80
07FEFF80
01FCFF80
0000FF80
0000FF80
0000FF80
0000FF80
0000FF80
0000FF80
0000FF80
0000FF80
0000FF80
0000FF80
ENDCHAR
STARTCHAR r
ENCODING 114
SWIDTH 378 0
DWIDTH 19 0
BBX 16 26 2 0
BITMAP
FF0F
FF3F
FF7F
FF7F
FFFF
FFFF
FFFF
FFFF
FFC0
FF80
FF80
FF80
FF80
FF80
FF80
FF80
FF80
FF80
FF80
FF80
FF80
FF80
FF80
FF80
FF80
FF80
ENDCHAR
STARTCHAR s
ENCODING 115
SWIDTH 512 0
DWIDTH 26 0
BBX 23 26 1 0
BITMAP
01FF00
07FFE0
1FFFF0
3FFFF8
3FFFFC
7FEFFE
7F83FE
7F01FE
7F81FE
7FC000
7FFC00
3FFFC0
1FFFF0
0FFFF8
03FFFC
007FFE
0007FE
FF01FE
FF01FE
FF81FE
7FE7FE
7FFFFC
3FFFF8
1FFFF0
07FFE0
01FF00
ENDCHAR
STARTCHAR t
ENCODING 116
SWIDTH 343 0
DWIDTH 17 0
BBX 17 33 0 0
BITMAP
0FF000
0FF000
0FF000
0FF000
0FF000
0FF000
0FF000
FFFF00
FFFF00
FFFF00
FFFF00
FFFF00
FFFF00
0FF000
0FF000
0FF000
0FF000
0FF000
0FF000
0FF000
0FF000
0FF000
0FF000
0FF000
0FF000
0FF000
0FFC80
0FFF80
0FFF80
07FF80
07FF80
03FF80
00FF00
ENDCHAR
STARTCHAR u
ENCODING 117
SWIDTH 564 0
DWIDTH 28 0
BBX 24 26 2 0
BITMAP
FF00FF
FF00FF
FF00FF
FF00FF
FF00FF
FF00FF
FF00FF
FF00FF
FF00FF
FF00FF
FF00FF
FF00FF
FF00FF
FF00FF
FF00FF
FF00FF
FF00FF
FF80FF
FF81FF
FFC7FF
7FFFFF
7FFFFF
3FFFFF
3FFEFF
1FFCFF
03F0FF
ENDCHAR
STARTCHAR v
ENCODING 118
SWIDTH 516 0
DWIDTH 26 0
BBX 26 26 0 0
BITMAP
FF807FC0
7F807F80
7F80FF80
7FC0FF80
3FC0FF00
3FC0FF00
3FC1FF00
1FE1FE00
1FE1FE00
1FE1FE00
0FE3FC00
0FF3FC00
0FF3FC00
07F3F800
07F7F800
07FFF800
03FFF000
03FFF000
03FFF000
01FFE000
01FFE000
01FFE000
00FFC000
00FFC000
00FFC000
007F8000
ENDCHAR
STARTCHAR w
ENCODING 119
SWIDTH 726 0
DWIDTH 36 0
BBX 35 26 1 0
BITMAP
FF03F01FE0
FF03F01FC0
FF03F83FC0
FF07F83FC0
7F07F83FC0
7F07F83F80
7F8FFC3F80
7F8FFC7F80
3F8FFC7F80
3F8FFE7F00
3F9FFE7F00
3F9FFE7F00
1FDFBE7F00
1FDF3FFE00
1FFF3FFE00
1FFF1FFE00
1FFE1FFE00
0FFE1FFE00
0FFE1FFC00
0FFE0FFC00
0FFC0FFC00
07FC0FFC00
07FC0FF800
07F807F800
07F807F800
03F807F800
ENDCHAR
STARTCHAR x
ENCODING 120
SWIDTH 515 0
DWIDTH 26 0
BBX 24 26 1 0
BITMAP
FF80FF
FF81FF
7FC3FE
3FC3FC
3FE7FC
1FE7F8
1FFFF8
0FFFF0
0FFFF0
07FFE0
07FFE0
03FFC0
03FFC0
03FFC0
03FFC0
07FFE0
0FFFF0
0FFFF0
1FFFF8
1FE7F8
3FE7FC
3FC3FC
7FC3FE
7F81FE
FF81FF
FF00FF
ENDCHAR
STARTCHAR y
ENCODING 121
SWIDTH 518 0
DWIDTH 26 0
BBX 26 36 0 -10
BITMAP
FF807FC0
FF807FC0
7F80FF80
7FC0FF80
7FC0FF00
3FC0FF00
3FE1FF00
1FE1FE00
1FE1FE00
1FE3FE00
0FF3FC00
0FF3FC00
0FF7FC00
07FFF800
07FFF800
07FFF800
03FFF000
03FFF000
03FFE000
01FFE000
01FFE000
00FFC000
00FFC000
00FFC000
007F8000
007F8000
007F8000
00FF0000
00FF0000
03FE0000
1FFE0000
1FFE0000
1FFC0000
1FF80000
1FF00000
1FC00000
ENDCHAR
STARTCHAR z
ENCODING 122
SWIDTH 515 0
DWIDTH 26 0
BBX 22 26 2 0
BITMAP
FFFFFC
FFFFFC
FFFFFC
FFFFFC
FFFFFC
FFFFF8
001FF0
003FE0
003FE0
007FC0
00FF80
01FF00
03FF00
03FE00
07FC00
0FF800
1FF800
1FF000
3FE000
7FC000
FFFFFC
FFFFFC
FFFFFC
FFFFFC
FFFFFC
FFFFFC
ENDCHAR
STARTCHAR braceleft
ENCODING 123
SWIDTH 325 0
DWIDTH 16 0
BBX 14 48 1 -9
BITMAP
0018
0078
00FC
01FC
03FC
07F8
07F0
0FF0
0FE0
0FE0
0FE0
0FE0
0FE0
0FE0
0FE0
0FE0
0FE0
0FE0
0FE0
1FE0
1FC0
FFC0
FF80
FF00
FE00
FF80
FF80
3FC0
1FE0
0FE0
0FE0
0FE0
0FE0
0FE0
0FE0
0FE0
0FE0
0FE0
0FE0
0FE0
0FF0
07F0
07F8
03FC
01FC
00FC
0078
0018
ENDCHAR
STARTCHAR bar
ENCODING 124
SWIDTH 255 0
DWIDTH 13 0
BBX 5 43 4 -7
BITMAP
F8
F8
F8
F8
F8
F8
F8
F8
F8
F8
F8
F8
F8
F8
F8
F8
F8
F8
F8
F8
F8
F8
F8
F8
F8
F8
F8
F8
F8
F8
F8
F8
F8
F8
F8
F8
F8
F8
F8
F8
F8
F8
F8
ENDCHAR
STARTCHAR braceright
ENCODING 125
SWIDTH 325 0
DWIDTH 16 0
BBX 14 48 1 -9
BITMAP
6000
7800
7E00
FF00
FF00
3F80
3FC0
1FC0
1FC0
1FC0
1FC0
1FC0
1FC0
1FC0
1FC0
1FC0
1FC0
1FC0
1FE0
0FE0
0FF0
07FC
07FC
01FC
01FC
03FC
07FC
0FF0
0FE0
1FE0
1FC0
1FC0
1FC0
1FC0
1FC0
1FC0
1FC0
1FC0
1FC0
1FC0
1FC0
3FC0
3F80
FF80
FF00
7E00
7800
6000
ENDCHAR
STARTCHAR asciitilde
ENCODING 126
SWIDTH 632 0
DWIDTH 32 0
BBX 27 11 2 9
BITMAP
03E00000
0FF807E0
1FFE07E0
3FFF07E0
7FFFDFE0
7FFFFFE0
7F3FFFC0
FE0FFFC0
FC07FF80
FC03FF00
0000FC00
ENDCHAR
STARTCHAR uni00A0
ENCODING 160
SWIDTH 249 0
DWIDTH 12 0
BBX 1 1 0 0
BITMAP
00
ENDCHAR
STARTCHAR exclamdown
ENCODING 161
SWIDTH 300 0
DWIDTH 15 0
BBX 9 36 3 -9
BITMAP
3E00
7F00
FF80
FF80
FF80
FF80
7F00
3E00
0000
0000
0000
7F00
7F00
7F00
7F00
7F00
7F00
7F00
7F00
7F00
7F00
7F00
7F00
7F00
7F00
7F00
7F80
FF80
FF80
FF80
FF80
FF80
FF80
FF80
FF80
FF80
ENDCHAR
STARTCHAR cent
ENCODING 162
SWIDTH 590 0
DWIDTH 30 0
BBX 24 37 2 -6
BITMAP
003E00
003E00
003E00
003E00
003E00
007F80
03FFE0
07FFF0
0FFFF8
1FFFFC
3FFFFE
3FE3FE
7FC1FF
7F80FF
7F80FF
7F80FF
FF8000
FF8000
FF8000
FF8000
7F8000
7F80FF
7F80FF
7FC1FF
3FE3FE
3FFFFE
1FFFFC
0FFFFC
07FFF8
03FFE0
007F00
003E00
003E00
003E00
003E00
003E00
003E00
ENDCHAR
STARTCHAR sterling
ENCODING 163
SWIDTH 600 0
DWIDTH 30 0
BBX 26 36 3 0
BITMAP
003FC000
00FFF800
03FFFC00
07FFFE00
07FFFF00
0FFFFF80
0FFFFF80
1FF07F80
1FF07FC0
1FF03FC0
1FF00000
1FF00000
1FF00000
1FF00000
1FF00000
1FF00000
FFFFE000
FFFFE000
FFFFE000
FFFFE000
FFFFE000
FFFFE000
0FF00000
0FF00000
0FF00000
0FF00000
0FF00000
0FF00000
1FF00000
FFFFFFC0
FFFFFFC0
FFFFFFC0
FFFFFFC0
FFFFFFC0
FFFFFFC0
FFFFFFC0
ENDCHAR
STARTCHAR currency
ENCODING 164
SWIDTH 682 0
DWIDTH 34 0
BBX 30 31 2 0
BITMAP
00000010
301FE038
787FFC78
FDFFFEFC
FFFFFFFC
7FFFFFF8
3FE01FF0
1F8007E0
3F0003F0
3E0001F0
3E0000F8
7C0000F8
7C0000F8
78000078
7800007C
7800007C
7800007C
7800007C
78000078
7C0000F8
7C0000F8
7E0000F8
3E0001F0
3F0003F0
1F8007E0
3FE01FF0
7FFFFFF8
FFFFFFFC
FDFFFEFC
787FFC78
301FE030
ENDCHAR
STARTCHAR yen
ENCODING 165
SWIDTH 541 0
DWIDTH 27 0
BBX 27 36 0 0
BITMAP
FF803FE0
7FC03FC0
7FC07FC0
3FC07F80
3FE0FF80
1FE0FF00
1FE0FF00
1FF1FF00
0FF1FE00
0FF1FE00
07FBFC00
07FBFC00
03FBF800
03FFF800
03FFF800
01FFF000
01FFF000
3FFFFF00
3FFFFF00
3FFFFF00
3FFFFF00
3FFFFF00
007FC000
007FC000
3FFFFF00
3FFFFF00
3FFFFF00
3FFFFF00
3FFFFF00
007FC000
007FC000
007FC000
007FC000
007FC000
007FC000
007FC000
ENDCHAR
STARTCHAR brokenbar
ENCODING 166
SWIDTH 256 0
DWIDTH 13 0
BBX 7 42 3 -6
BITMAP
FE
FE
FE
FE
FE
FE
FE
FE
FE
FE
FE
FE
FE
FE
FE
FE
FE
FE
FE
00
00
00
00
FE
FE
FE
FE
FE
FE
FE
FE
FE
FE
FE
FE
FE
FE
FE
FE
FE
FE
FE
ENDCHAR
STARTCHAR section
ENCODING 167
SWIDTH 635 0
DWIDTH 32 0
BBX 27 48 2 -11
BITMAP
007FE000
03FFF800
0FFFFE00
1FFFFF00
3FFFFF80
3FFFFFC0
7FF1FFC0
7FC07FC0
7F803FE0
7F803FE0
7F800000
7FC00000
7FE00000
7FFC0000
3FFF8000
1FFFF000
1FFFFC00
1FFFFF00
3FFFFF80
7FFFFFC0
7F8FFFC0
7F81FFE0
FF807FE0
FF803FE0
FF801FE0
FFC01FE0
7FF01FE0
7FFE1FE0
3FFFFFC0
3FFFFF80
1FFFFF00
07FFFF00
01FFFF80
007FFFC0
0007FFC0
0000FFC0
00007FE0
00003FE0
FF801FE0
FF803FE0
7FC03FE0
7FF1FFC0
7FFFFFC0
3FFFFF80
1FFFFF00
0FFFFE00
03FFFC00
007FE000
ENDCHAR
STARTCHAR dieresis
ENCODING 168
SWIDTH 494 0
DWIDTH 25 0
BBX 20 7 2 30
BITMAP
000080
7E03E0
7E07F0
FF07F0
FF07F0
7E03F0
3C01E0
ENDCHAR
STARTCHAR copyright
ENCODING 169
SWIDTH 785 0
DWIDTH 39 0
BBX 35 36 2 0
BITMAP
0007FC0000
003FFF8000
00FFFFC000
01FC07F000
03E000F800
0780007C00
0F00001E00
1E01E00F00
1C07FC0700
3C1FFE0780
383FFF0380
703C0F83C0
70780781C0
70780781C0
E0780781C0
E0700000E0
E0700000E0
E0700000E0
E0700000E0
E0700000E0
E0700000E0
E0780781C0
70780781C0
70780781C0
703C0F83C0
383FFF0380
3C1FFE0780
1C07FC0700
1E01E00F00
0F00001E00
0780007C00
03E000F800
01FC07F000
00FFFFC000
003FFF0000
0007FC0000
ENDCHAR
STARTCHAR ordfeminine
ENCODING 170
SWIDTH 441 0
DWIDTH 22 0
BBX 16 19 3 17
BITMAP
07E0
1FF8
3FFC
7FFE
783E
781E
001E
001E
07FE
3FFE
7FFE
7C1E
F81E
F81E
F81E
7CFE
7FFE
3FFF
1F9F
ENDCHAR
STARTCHAR guillemotleft
ENCODING 171
SWIDTH 514 0
DWIDTH 26 0
BBX 21 19 2 3
BITMAP
03E0F8
07C1F0
0FC3F0
0F83E0
1F87E0
3F0FC0
3E0F80
7E1F80
FC3F00
FC3F00
FC3F00
7E1F80
3E0F80
3F0FC0
1F87E0
0F83E0
0FC3F0
07C1F0
03E0F8
ENDCHAR
STARTCHAR logicalnot
ENCODING 172
SWIDTH 549 0
DWIDTH 27 0
BBX 20 11 3 9
BITMAP
FFFFF0
FFFFF0
FFFFF0
FFFFF0
0000F0
0000F0
0000F0
0000F0
0000F0
0000F0
0000F0
ENDCHAR
STARTCHAR uni00AD
ENCODING 173
SWIDTH 449 0
DWIDTH 22 0
BBX 14 6 4 12
BITMAP
FFFC
FFFC
FFFC
FFFC
FFFC
FFFC
ENDCHAR
STARTCHAR registered
ENCODING 174
SWIDTH 785 0
DWIDTH 39 0
BBX 35 37 2 -1
BITMAP
0007FC0000
003FFF0000
007FFFC000
01FC07F000
03E000F800
07C0007C00
0F00001E00
1E00000E00
1C3FF80F00
3C3FFE0780
383FFF0380
783C1F03C0
703C0781C0
703C0781C0
F03C0781C0
E03C0781E0
E03C0780E0
E03C1F00E0
E03FFE00E0
E03FFE00E0
E03FFF00E0
E03C0F00E0
F03C0781C0
703C0781C0
703C0781C0
783C078380
383C078380
3C3C078780
1C3C078F00
1E00000E00
0F00001E00
07C0007C00
03E000F800
01FC07F000
007FFFC000
003FFF0000
0007F80000
ENDCHAR
STARTCHAR macron
ENCODING 175
SWIDTH 520 0
DWIDTH 26 0
BBX 17 4 4 31
BITMAP
FFFF80
FFFF80
FFFF80
FFFF80
ENDCHAR
STARTCHAR degree
ENCODING 176
SWIDTH 397 0
DWIDTH 20 0
BBX 14 14 3 22
BITMAP
0F80
1FE0
3FF0
7FF8
7878
F03C
F03C
F03C
F03C
F878
7FF8
3FF0
1FE0
0F80
ENDCHAR
STARTCHAR plusminus
ENCODING 177
SWIDTH 538 0
DWIDTH 27 0
BBX 22 32 2 0
BITMAP
00FE00
00FE00
00FE00
00FE00
00FE00
00FE00
00FE00
00FE00
FFFFFC
FFFFFC
FFFFFC
FFFFFC
FFFFFC
FFFFFC
FFFFFC
00FE00
00FE00
00FE00
00FE00
00FE00
00FE00
00FE00
00FE00
000000
000000
000000
FFFFFC
FFFFFC
FFFFFC
FFFFFC
FFFFFC
FFFFFC
ENDCHAR
STARTCHAR uni00B2
ENCODING 178
SWIDTH 375 0
DWIDTH 19 0
BBX 16 20 1 16
BITMAP
07E0
1FF8
3FFC
7FFE
7E7E
FC3F
FC3F
003E
007E
00FE
01FC
03F8
07F0
0FE0
1F80
3F00
7FFF
7FFF
7FFF
7FFF
ENDCHAR
STARTCHAR uni00B3
ENCODING 179
SWIDTH 375 0
DWIDTH 19 0
BBX 16 20 1 16
BITMAP
07F0
1FFC
3FFE
7FFE
7E7F
FC3F
003F
003F
00FE
03FC
03F8
03FE
003F
001F
FC1F
FE3F
7FFF
7FFE
3FFC
0FF0
ENDCHAR
STARTCHAR acute
ENCODING 180
SWIDTH 337 0
DWIDTH 17 0
BBX 13 8 2 30
BITMAP
07F8
0FF0
0FF0
1FE0
3FC0
3F80
7F00
FE00
ENDCHAR
STARTCHAR mu
ENCODING 181
SWIDTH 641 0
DWIDTH 32 0
BBX 25 36 3 -10
BITMAP
FF007F80
FF007F80
FF007F80
FF007F80
FF007F80
FF007F80
FF007F80
FF007F80
FF007F80
FF007F80
FF007F80
FF007F80
FF007F80
FF007F80
FF007F80
FF007F80
FF807F80
FF807F80
FF807F80
FFC0FF80
FFF7FF80
FFFFFF80
FFFFFF80
FFFFFF80
FFFFFF80
FFFFFF80
FF7E0000
FF000000
FF000000
FF000000
FF000000
FF000000
FF000000
FF000000
FF000000
FF000000
ENDCHAR
STARTCHAR paragraph
ENCODING 182
SWIDTH 488 0
DWIDTH 24 0
BBX 20 36 2 0
BITMAP
00FFF0
07FFF0
0FFFF0
1FFFF0
3FFFF0
7FFFF0
7FFFF0
7FFFF0
FFFFF0
FFFFF0
FFFFF0
FFFFF0
FFFFF0
FFFFF0
FFFFF0
7FFFF0
7FFFF0
7FFFF0
3FFFF0
1FFFF0
0FFFF0
07FFF0
00FFF0
0003F0
0003F0
0003F0
0003F0
0003F0
0003F0
0003F0
0003F0
0003F0
0003F0
0003F0
0003F0
0003F0
ENDCHAR
STARTCHAR periodcentered
ENCODING 183
SWIDTH 321 0
DWIDTH 16 0
BBX 9 8 3 13
BITMAP
3F00
7F80
7F80
FF80
FF80
7F80
7F80
1E00
ENDCHAR
STARTCHAR cedilla
ENCODING 184
SWIDTH 278 0
DWIDTH 14 0
BBX 11 12 2 -12
BITMAP
7E00
7E00
FF80
FFC0
1FC0
1FE0
1FE0
7FC0
7FC0
7F80
7F00
7C00
ENDCHAR
STARTCHAR uni00B9
ENCODING 185
SWIDTH 375 0
DWIDTH 19 0
BBX 10 20 3 16
BITMAP
00C0
07C0
3FC0
FFC0
FFC0
FFC0
FFC0
07C0
07C0
07C0
07C0
07C0
07C0
07C0
07C0
07C0
07C0
07C0
07C0
07C0
ENDCHAR
STARTCHAR ordmasculine
ENCODING 186
SWIDTH 458 0
DWIDTH 23 0
BBX 17 19 3 17
BITMAP
07F000
1FF800
3FFE00
7FFE00
7C1F00
F80F00
F00F80
F00F80
F00780
F00780
F00780
F00F80
F00F80
F80F00
7C1F00
7FFE00
3FFE00
1FF800
07F000
ENDCHAR
STARTCHAR guillemotright
ENCODING 187
SWIDTH 514 0
DWIDTH 26 0
BBX 21 19 2 3
BITMAP
F83E00
7C1F00
7E1F80
3E0F80
3F0FC0
1F87E0
0F83E0
0FC3F0
07E1F8
07E1F8
07E1F8
07E1F8
0FC3F0
1F87E0
1F07C0
3F0FC0
7E1F80
7C1F00
F83E00
ENDCHAR
STARTCHAR onequarter
ENCODING 188
SWIDTH 708 0
DWIDTH 35 0
BBX 31 35 2 0
BITMAP
00C00000
07C00000
3FC00000
FFC00300
FFC003C0
FFC007C0
E7C00FC0
07C00F80
07C01F00
07C01F00
07C03E00
07C07C00
07C07C00
07C0F800
07C1F000
07C1F000
07C3E1F8
07C7E1F8
07C7C3F8
000F87F8
001F8FF8
001F0FF8
003E1FF8
003E3EF8
007C7CF8
00F878F8
00F8F8F8
01F1FFFE
03E1FFFE
03E0FFFE
03C0FFFE
00C000F8
000000F8
000000F8
000000F8
ENDCHAR
STARTCHAR onehalf
ENCODING 189
SWIDTH 750 0
DWIDTH 38 0
BBX 34 35 2 0
BITMAP
00C0000000
07C0000000
3FC0000000
FFC0060000
FFC0078000
FFC00F8000
E7C01F8000
07C01F0000
07C03E0000
07C03E0000
07C07C0000
07C0F80000
07C0F80000
07C1F00000
07C3E00000
07C3E1F800
07C7C7FE00
07CFCFFF00
07CF9FFF80
001F1F9F80
003F3F0FC0
003E3F0FC0
007C000F80
007C001F80
00F8003F80
01F0007F00
01F000FE00
03E001FC00
07C003F800
07C007E000
07800FC000
01801FFFC0
00001FFFC0
00001FFFC0
00001FFFC0
ENDCHAR
STARTCHAR threequarters
ENCODING 190
SWIDTH 824 0
DWIDTH 41 0
BBX 36 36 2 0
BITMAP
07F0000000
1FFC000000
7FFE000000
7FFE000000
7E7F001800
FC3F001E00
003F003E00
003F007E00
00FE007C00
03FC00F800
03F800F800
03FE01F000
003F03E000
001F03E000
FC1F07C000
FE3F0F8000
7FFF0F8000
7FFE1F0FC0
3FFC3F0FC0
0FF03E1FC0
00007C3FC0
0000FC7FC0
0000F87FC0
0001F0FFC0
0001F1F7C0
0003E3E7C0
0007C3C7C0
0007C7C7C0
000F8FFFF0
001F0FFFF0
001F07FFF0
001E07FFF0
00060007C0
00000007C0
00000007C0
00000007C0
ENDCHAR
STARTCHAR questiondown
ENCODING 191
SWIDTH 509 0
DWIDTH 25 0
BBX 23 36 2 -9
BITMAP
003C00
00FF00
00FF00
01FF00
01FF00
00FF00
00FF00
003C00
000000
000000
000000
00FE00
00FE00
00FE00
00FE00
01FE00
03FC00
07FC00
0FF800
1FF800
3FF000
7FE000
7FC000
FF8000
FF0000
FF0000
FF03FE
FF03FE
FF83FC
FFCFFC
7FFFFC
7FFFF8
3FFFF8
1FFFF0
0FFFC0
01FE00
ENDCHAR
STARTCHAR Agrave
ENCODING 192
SWIDTH 681 0
DWIDTH 34 0
BBX 34 46 0 0
BITMAP
00FF000000
007F800000
007FC00000
003FC00000
001FE00000
000FE00000
0007F00000
0003F80000
0000000000
0000000000
0007F80000
000FFC0000
000FFC0000
000FFC0000
001FFE0000
001FFE0000
001FFE0000
003FFF0000
003FFF0000
003FFF8000
007FFF8000
007FFF8000
00FF3FC000
00FF3FC000
00FF3FC000
01FE1FE000
01FE1FE000
01FE1FE000
03FC0FF000
03FC0FF000
03FC0FF800
07FC07F800
07FFFFF800
0FFFFFFC00
0FFFFFFC00
0FFFFFFC00
1FFFFFFE00
1FFFFFFE00
1FFFFFFE00
3FE001FF00
3FE001FF00
3FC000FF80
7FC000FF80
7FC000FF80
FFC000FFC0
FF80007FC0
ENDCHAR
STARTCHAR Aacute
ENCODING 193
SWIDTH 681 0
DWIDTH 34 0
BBX 34 46 0 0
BITMAP
00003FC000
00007F8000
00007F8000
0000FF0000
0001FE0000
0001FC0000
0003F80000
0007F00000
0000000000
0000000000
0007F80000
000FFC0000
000FFC0000
000FFC0000
001FFE0000
001FFE0000
001FFE0000
003FFF0000
003FFF0000
003FFF8000
007FFF8000
007FFF8000
00FF3FC000
00FF3FC000
00FF3FC000
01FE1FE000
01FE1FE000
01FE1FE000
03FC0FF000
03FC0FF000
03FC0FF800
07FC07F800
07FFFFF800
0FFFFFFC00
0FFFFFFC00
0FFFFFFC00
1FFFFFFE00
1FFFFFFE00
1FFFFFFE00
3FE001FF00
3FE001FF00
3FC000FF80
7FC000FF80
7FC000FF80
FFC000FFC0
FF80007FC0
ENDCHAR
STARTCHAR Acircumflex
ENCODING 194
SWIDTH 681 0
DWIDTH 34 0
BBX 34 46 0 0
BITMAP
0003F00000
000FF80000
001FFC0000
003FFE0000
007F7F0000
00FE1FC000
03F80FE000
0000000000
0000000000
0000000000
0007F80000
000FFC0000
000FFC0000
000FFC0000
001FFE0000
001FFE0000
001FFE0000
003FFF0000
003FFF0000
003FFF8000
007FFF8000
007FFF8000
00FF3FC000
00FF3FC000
00FF3FC000
01FE1FE000
01FE1FE000
01FE1FE000
03FC0FF000
03FC0FF000
03FC0FF800
07FC07F800
07FFFFF800
0FFFFFFC00
0FFFFFFC00
0FFFFFFC00
1FFFFFFE00
1FFFFFFE00
1FFFFFFE00
3FE001FF00
3FE001FF00
3FC000FF80
7FC000FF80
7FC000FF80
FFC000FFC0
FF80007FC0
ENDCHAR
STARTCHAR Atilde
ENCODING 195
SWIDTH 681 0
DWIDTH 34 0
BBX 34 46 0 0
BITMAP
001F03E000
003FC3C000
007FFFC000
00FFFFC000
00FFFF8000
00F87F0000
00F01E0000
0000000000
0000000000
0000000000
0007F80000
000FFC0000
000FFC0000
000FFC0000
001FFE0000
001FFE0000
001FFE0000
003FFF0000
003FFF0000
003FFF8000
007FFF8000
007FFF8000
00FF3FC000
00FF3FC000
00FF3FC000
01FE1FE000
01FE1FE000
01FE1FE000
03FC0FF000
03FC0FF000
03FC0FF800
07FC07F800
07FFFFF800
0FFFFFFC00
0FFFFFFC00
0FFFFFFC00
1FFFFFFE00
1FFFFFFE00
1FFFFFFE00
3FE001FF00
3FE001FF00
3FC000FF80
7FC000FF80
7FC000FF80
FFC000FFC0
FF80007FC0
ENDCHAR
STARTCHAR Adieresis
ENCODING 196
SWIDTH 681 0
DWIDTH 34 0
BBX 34 46 0 0
BITMAP
0000010000
00FC07C000
00FC0FE000
01FE0FE000
01FE0FE000
00FC07E000
007803C000
0000000000
0000000000
0000000000
0007F80000
000FFC0000
000FFC0000
000FFC0000
001FFE0000
001FFE0000
001FFE0000
003FFF0000
003FFF0000
003FFF8000
007FFF8000
007FFF8000
00FF3FC000
00FF3FC000
00FF3FC000
01FE1FE000
01FE1FE000
01FE1FE000
03FC0FF000
03FC0FF000
03FC0FF800
07FC07F800
07FFFFF800
0FFFFFFC00
0FFFFFFC00
0FFFFFFC00
1FFFFFFE00
1FFFFFFE00
1FFFFFFE00
3FE001FF00
3FE001FF00
3FC000FF80
7FC000FF80
7FC000FF80
FFC000FFC0
FF80007FC0
ENDCHAR
STARTCHAR Aring
ENCODING 197
SWIDTH 681 0
DWIDTH 34 0
BBX 34 48 0 0
BITMAP
0001F00000
0007F80000
00073C0000
000E1E0000
000E0E0000
000E0E0000
000E0E0000
00073C0000
0007F80000
0001F00000
0000000000
0000000000
0007F80000
000FFC0000
000FFC0000
000FFC0000
001FFE0000
001FFE0000
001FFE0000
003FFF0000
003FFF0000
003FFF8000
007FFF8000
007FFF8000
00FF3FC000
00FF3FC000
00FF3FC000
01FE1FE000
01FE1FE000
01FE1FE000
03FC0FF000
03FC0FF000
03FC0FF800
07FC07F800
07FFFFF800
0FFFFFFC00
0FFFFFFC00
0FFFFFFC00
1FFFFFFE00
1FFFFFFE00
1FFFFFFE00
3FE001FF00
3FE001FF00
3FC000FF80
7FC000FF80
7FC000FF80
FFC000FFC0
FF80007FC0
ENDCHAR
STARTCHAR AE
ENCODING 198
SWIDTH 940 0
DWIDTH 47 0
BBX 44 36 1 0
BITMAP
00007FFFFFE0
00007FFFFFE0
0000FFFFFFE0
0000FFFFFFE0
0001FFFFFFE0
0001FFFFFFE0
0003FFF80000
0003FFF80000
0007FFF80000
0007FFF80000
000FFFF80000
000FF7FC0000
001FF7FC0000
001FE7FC0000
003FE7FC0000
003FC7FFFF80
007FC3FFFF80
007F83FFFF80
00FF83FFFF80
00FF03FFFF80
01FF03FFFF80
01FFFFFC0000
03FFFFFC0000
03FFFFFC0000
07FFFFFC0000
07FFFFFC0000
0FFFFFFC0000
0FFFFFFC0000
1FF003FC0000
1FF003FC0000
3FE003FFFFF0
3FE003FFFFF0
7FE003FFFFF0
7FC003FFFFF0
FFC003FFFFF0
FF8003FFFFF0
ENDCHAR
STARTCHAR Ccedilla
ENCODING 199
SWIDTH 656 0
DWIDTH 33 0
BBX 29 48 2 -12
BITMAP
003FE000
00FFFC00
03FFFF00
07FFFF80
0FFFFFC0
1FFFFFE0
3FFFFFF0
3FE03FF0
7FC00FF0
7FC00FF8
7F8007F8
FF8007F8
FF8007F8
FF800000
FF000000
FF000000
FF000000
FF000000
FF000000
FF000000
FF000000
FF000000
FF800000
FF8007F8
FF8007F8
7F8007F8
7FC00FF8
7FC01FF8
3FE03FF0
3FFFFFF0
1FFFFFE0
0FFFFFC0
07FFFF80
03FFFF00
00FFFC00
003FE000
000FC000
000FC000
001FF000
001FF800
0003F800
0003FC00
0003FC00
000FF800
000FF800
000FF000
000FE000
000F8000
ENDCHAR
STARTCHAR Egrave
ENCODING 200
SWIDTH 559 0
DWIDTH 28 0
BBX 24 47 3 0
BITMAP
0FF000
07F800
07FC00
03FC00
01FE00
00FE00
007F00
003F80
000000
000000
000000
FFFFFF
FFFFFF
FFFFFF
FFFFFF
FFFFFF
FFFFFF
FFFFFF
FF0000
FF0000
FF0000
FF0000
FF0000
FF0000
FF0000
FF0000
FFFFFC
FFFFFC
FFFFFC
FFFFFC
FFFFFC
FFFFFC
FF0000
FF0000
FF0000
FF0000
FF0000
FF0000
FF0000
FF0000
FFFFFF
FFFFFF
FFFFFF
FFFFFF
FFFFFF
FFFFFF
FFFFFF
ENDCHAR
STARTCHAR Eacute
ENCODING 201
SWIDTH 559 0
DWIDTH 28 0
BBX 24 47 3 0
BITMAP
0003FC
0007F8
0007F8
000FF0
001FE0
001FC0
003F80
007F00
000000
000000
000000
FFFFFF
FFFFFF
FFFFFF
FFFFFF
FFFFFF
FFFFFF
FFFFFF
FF0000
FF0000
FF0000
FF0000
FF0000
FF0000
FF0000
FF0000
FFFFFC
FFFFFC
FFFFFC
FFFFFC
FFFFFC
FFFFFC
FF0000
FF0000
FF0000
FF0000
FF0000
FF0000
FF0000
FF0000
FFFFFF
FFFFFF
FFFFFF
FFFFFF
FFFFFF
FFFFFF
FFFFFF
ENDCHAR
STARTCHAR Ecircumflex
ENCODING 202
SWIDTH 559 0
DWIDTH 28 0
BBX 24 46 3 0
BITMAP
003F00
00FF80
01FFC0
03FFE0
07F7F0
0FE1FC
3F80FE
000000
000000
000000
FFFFFF
FFFFFF
FFFFFF
FFFFFF
FFFFFF
FFFFFF
FFFFFF
FF0000
FF0000
FF0000
FF0000
FF0000
FF0000
FF0000
FF0000
FFFFFC
FFFFFC
FFFFFC
FFFFFC
FFFFFC
FFFFFC
FF0000
FF0000
FF0000
FF0000
FF0000
FF0000
FF0000
FF0000
FFFFFF
FFFFFF
FFFFFF
FFFFFF
FFFFFF
FFFFFF
FFFFFF
ENDCHAR
STARTCHAR Edieresis
ENCODING 203
SWIDTH 559 0
DWIDTH 28 0
BBX 24 46 3 0
BITMAP
000020
1F80F8
1F81FC
3FC1FC
3FC1FC
1F80FC
0F0078
000000
000000
000000
FFFFFF
FFFFFF
FFFFFF
FFFFFF
FFFFFF
FFFFFF
FFFFFF
FF0000
FF0000
FF0000
FF0000
FF0000
FF0000
FF0000
FF0000
FFFFFC
FFFFFC
FFFFFC
FFFFFC
FFFFFC
FFFFFC
FF0000
FF0000
FF0000
FF0000
FF0000
FF0000
FF0000
FF0000
FFFFFF
FFFFFF
FFFFFF
FFFFFF
FFFFFF
FFFFFF
FFFFFF
ENDCHAR
STARTCHAR Igrave
ENCODING 204
SWIDTH 302 0
DWIDTH 15 0
BBX 13 47 -1 0
BITMAP
FF00
7F80
7FC0
3FC0
1FE0
0FE0
07F0
03F8
0000
0000
0000
0FF8
0FF8
0FF8
0FF8
0FF8
0FF8
0FF8
0FF8
0FF8
0FF8
0FF8
0FF8
0FF8
0FF8
0FF8
0FF8
0FF8
0FF8
0FF8
0FF8
0FF8
0FF8
0FF8
0FF8
0FF8
0FF8
0FF8
0FF8
0FF8
0FF8
0FF8
0FF8
0FF8
0FF8
0FF8
0FF8
ENDCHAR
STARTCHAR Iacute
ENCODING 205
SWIDTH 302 0
DWIDTH 15 0
BBX 14 47 3 0
BITMAP
03FC
07F8
07F8
0FF0
1FE0
1FC0
3F80
7F00
0000
0000
0000
FF80
FF80
FF80
FF80
FF80
FF80
FF80
FF80
FF80
FF80
FF80
FF80
FF80
FF80
FF80
FF80
FF80
FF80
FF80
FF80
FF80
FF80
FF80
FF80
FF80
FF80
FF80
FF80
FF80
FF80
FF80
FF80
FF80
FF80
FF80
FF80
ENDCHAR
STARTCHAR Icircumflex
ENCODING 206
SWIDTH 302 0
DWIDTH 15 0
BBX 21 46 -3 0
BITMAP
00FC00
03FE00
07FF00
0FFF80
1FDFC0
3F87F0
FE03F8
000000
000000
000000
03FE00
03FE00
03FE00
03FE00
03FE00
03FE00
03FE00
03FE00
03FE00
03FE00
03FE00
03FE00
03FE00
03FE00
03FE00
03FE00
03FE00
03FE00
03FE00
03FE00
03FE00
03FE00
03FE00
03FE00
03FE00
03FE00
03FE00
03FE00
03FE00
03FE00
03FE00
03FE00
03FE00
03FE00
03FE00
03FE00
ENDCHAR
STARTCHAR Idieresis
ENCODING 207
SWIDTH 302 0
DWIDTH 15 0
BBX 20 46 -3 0
BITMAP
000080
7E03E0
7E07F0
FF07F0
FF07F0
7E03F0
3C01E0
000000
000000
000000
03FE00
03FE00
03FE00
03FE00
03FE00
03FE00
03FE00
03FE00
03FE00
03FE00
03FE00
03FE00
03FE00
03FE00
03FE00
03FE00
03FE00
03FE00
03FE00
03FE00
03FE00
03FE00
03FE00
03FE00
03FE00
03FE00
03FE00
03FE00
03FE00
03FE00
03FE00
03FE00
03FE00
03FE00
03FE00
03FE00
ENDCHAR
STARTCHAR Eth
ENCODING 208
SWIDTH 661 0
DWIDTH 33 0
BBX 31 36 0 0
BITMAP
1FFFE000
1FFFFC00
1FFFFF00
1FFFFF80
1FFFFFC0
1FFFFFE0
1FFFFFF0
1FF01FF8
1FF00FF8
1FF007FC
1FF007FC
1FF003FE
1FF003FE
1FF003FE
1FF003FE
FFFFC1FE
FFFFC1FE
FFFFC1FE
FFFFC1FE
FFFFC1FE
1FF001FE
1FF003FE
1FF003FE
1FF003FE
1FF003FE
1FF007FC
1FF007FC
1FF00FF8
1FF01FF8
1FFFFFF0
1FFFFFE0
1FFFFFC0
1FFFFF80
1FFFFF00
1FFFFC00
1FFFE000
ENDCHAR
STARTCHAR Ntilde
ENCODING 209
SWIDTH 702 0
DWIDTH 35 0
BBX 29 46 3 0
BITMAP
007C0F80
00FF0F00
01FFFF00
03FFFF00
03FFFE00
03E1FC00
03C07800
00000000
00000000
00000000
FF8007F8
FF8007F8
FFC007F8
FFC007F8
FFE007F8
FFE007F8
FFF007F8
FFF807F8
FFF807F8
FFFC07F8
FFFC07F8
FFFE07F8
FFFE07F8
FFFF07F8
FF7F07F8
FF7F87F8
FF3FC7F8
FF3FC7F8
FF1FE7F8
FF0FE7F8
FF0FF7F8
FF07F7F8
FF07FFF8
FF03FFF8
FF03FFF8
FF01FFF8
FF00FFF8
FF00FFF8
FF007FF8
FF007FF8
FF003FF8
FF003FF8
FF001FF8
FF001FF8
FF000FF8
FF0007F8
ENDCHAR
STARTCHAR Ograve
ENCODING 210
SWIDTH 690 0
DWIDTH 35 0
BBX 31 46 2 0
BITMAP
03FC0000
01FE0000
01FF0000
00FF0000
007F8000
003F8000
001FC000
000FE000
00000000
00000000
001FE000
00FFFC00
03FFFF00
07FFFF80
0FFFFFC0
1FFFFFE0
1FFFFFF0
3FF03FF8
7FE00FF8
7FC00FF8
7FC007FC
FF8007FC
FF8003FC
FF8003FE
FF8003FE
FF0003FE
FF0003FE
FF0003FE
FF0003FE
FF0003FE
FF0003FE
FF8003FE
FF8003FC
FF8003FC
FF8007FC
7FC007FC
7FC00FF8
7FE00FF8
3FF03FF0
1FFFFFF0
1FFFFFE0
0FFFFFC0
07FFFF80
01FFFF00
00FFFC00
001FE000
ENDCHAR
STARTCHAR Oacute
ENCODING 211
SWIDTH 690 0
DWIDTH 35 0
BBX 31 46 2 0
BITMAP
0000FF00
0001FE00
0001FE00
0003FC00
0007F800
0007F000
000FE000
001FC000
00000000
00000000
001FE000
00FFFC00
03FFFF00
07FFFF80
0FFFFFC0
1FFFFFE0
1FFFFFF0
3FF03FF8
7FE00FF8
7FC00FF8
7FC007FC
FF8007FC
FF8003FC
FF8003FE
FF8003FE
FF0003FE
FF0003FE
FF0003FE
FF0003FE
FF0003FE
FF0003FE
FF8003FE
FF8003FC
FF8003FC
FF8007FC
7FC007FC
7FC00FF8
7FE00FF8
3FF03FF0
1FFFFFF0
1FFFFFE0
0FFFFFC0
07FFFF80
01FFFF00
00FFFC00
001FE000
ENDCHAR
STARTCHAR Ocircumflex
ENCODING 212
SWIDTH 690 0
DWIDTH 35 0
BBX 31 45 2 0
BITMAP
0007E000
001FF000
003FF800
007FFC00
00FEFE00
01FC3F80
07F01FC0
00000000
00000000
001FE000
00FFFC00
03FFFF00
07FFFF80
0FFFFFC0
1FFFFFE0
1FFFFFF0
3FF03FF8
7FE00FF8
7FC00FF8
7FC007FC
FF8007FC
FF8003FC
FF8003FE
FF8003FE
FF0003FE
FF0003FE
FF0003FE
FF0003FE
FF0003FE
FF0003FE
FF8003FE
FF8003FC
FF8003FC
FF8007FC
7FC007FC
7FC00FF8
7FE00FF8
3FF03FF0
1FFFFFF0
1FFFFFE0
0FFFFFC0
07FFFF80
01FFFF00
00FFFC00
001FE000
ENDCHAR
STARTCHAR Otilde
ENCODING 213
SWIDTH 690 0
DWIDTH 35 0
BBX 31 45 2 0
BITMAP
007C0F80
00FF0F00
01FFFF00
03FFFF00
03FFFE00
03E1FC00
03C07800
00000000
00000000
001FE000
00FFFC00
03FFFF00
07FFFF80
0FFFFFC0
1FFFFFE0
1FFFFFF0
3FF03FF8
7FE00FF8
7FC00FF8
7FC007FC
FF8007FC
FF8003FC
FF8003FE
FF8003FE
FF0003FE
FF0003FE
FF0003FE
FF0003FE
FF0003FE
FF0003FE
FF8003FE
FF8003FC
FF8003FC
FF8007FC
7FC007FC
7FC00FF8
7FE00FF8
3FF03FF0
1FFFFFF0
1FFFFFE0
0FFFFFC0
07FFFF80
01FFFF00
00FFFC00
001FE000
ENDCHAR
STARTCHAR Odieresis
ENCODING 214
SWIDTH 690 0
DWIDTH 35 0
BBX 31 45 2 0
BITMAP
00000400
03F01F00
03F03F80
07F83F80
07F83F80
03F01F80
01E00F00
00000000
00000000
001FE000
00FFFC00
03FFFF00
07FFFF80
0FFFFFC0
1FFFFFE0
1FFFFFF0
3FF03FF8
7FE00FF8
7FC00FF8
7FC007FC
FF8007FC
FF8003FC
FF8003FE
FF8003FE
FF0003FE
FF0003FE
FF0003FE
FF0003FE
FF0003FE
FF0003FE
FF8003FE
FF8003FC
FF8003FC
FF8007FC
7FC007FC
7FC00FF8
7FE00FF8
3FF03FF0
1FFFFFF0
1FFFFFE0
0FFFFFC0
07FFFF80
01FFFF00
00FFFC00
001FE000
ENDCHAR
STARTCHAR multiply
ENCODING 215
SWIDTH 529 0
DWIDTH 26 0
BBX 24 24 1 5
BITMAP
0C0010
1C0038
3E007C
7F00FE
FF81FF
7FC3FE
3FE7FC
1FFFF8
0FFFF0
07FFE0
03FFC0
01FF80
01FF80
03FFC0
07FFE0
0FFFF0
1FFFF8
3FE7FC
7FC3FE
FF81FF
7F00FE
3E007C
1C0038
0C0010
ENDCHAR
STARTCHAR Oslash
ENCODING 216
SWIDTH 688 0
DWIDTH 34 0
BBX 31 39 2 -2
BITMAP
000000F8
001FF1F0
007FFDF0
01FFFFE0
07FFFFC0
0FFFFFE0
0FFFFFE0
1FFFFFF0
3FF01FF8
3FE03FF8
7FC03FFC
7FC07FFC
7F807FFC
FF80FBFE
FF80FBFE
FF81F3FE
FF83E3FE
FF83E3FE
FF87C3FE
FF87C3FE
FF8F83FE
FF9F83FE
FF9F03FE
FFBE03FE
FFBE03FE
7FFC03FC
7FFC07FC
7FF807FC
3FF00FF8
3FF01FF8
1FFFFFF0
0FFFFFF0
0FFFFFE0
0FFFFFC0
0FFFFF00
1F7FFE00
1F1FF000
3E000000
3E000000
ENDCHAR
STARTCHAR Ugrave
ENCODING 217
SWIDTH 664 0
DWIDTH 33 0
BBX 28 46 3 0
BITMAP
0FF00000
07F80000
07FC0000
03FC0000
01FE0000
00FE0000
007F0000
003F8000
00000000
00000000
FF001FF0
FF001FF0
FF001FF0
FF001FF0
FF001FF0
FF001FF0
FF001FF0
FF001FF0
FF001FF0
FF001FF0
FF001FF0
FF001FF0
FF001FF0
FF001FF0
FF001FF0
FF001FF0
FF001FF0
FF001FF0
FF001FF0
FF001FF0
FF001FF0
FF001FF0
FF001FF0
FF001FF0
FF001FF0
FF001FE0
FF803FE0
FF803FE0
FFC07FE0
7FFFFFC0
3FFFFFC0
3FFFFF80
1FFFFF00
0FFFFE00
03FFF800
007FC000
ENDCHAR
STARTCHAR Uacute
ENCODING 218
SWIDTH 664 0
DWIDTH 33 0
BBX 28 46 3 0
BITMAP
0001FE00
0003FC00
0003FC00
0007F800
000FF000
000FE000
001FC000
003F8000
00000000
00000000
FF001FF0
FF001FF0
FF001FF0
FF001FF0
FF001FF0
FF001FF0
FF001FF0
FF001FF0
FF001FF0
FF001FF0
FF001FF0
FF001FF0
FF001FF0
FF001FF0
FF001FF0
FF001FF0
FF001FF0
FF001FF0
FF001FF0
FF001FF0
FF001FF0
FF001FF0
FF001FF0
FF001FF0
FF001FF0
FF001FE0
FF803FE0
FF803FE0
FFC07FE0
7FFFFFC0
3FFFFFC0
3FFFFF80
1FFFFF00
0FFFFE00
03FFF800
007FC000
ENDCHAR
STARTCHAR Ucircumflex
ENCODING 219
SWIDTH 664 0
DWIDTH 33 0
BBX 28 46 3 0
BITMAP
001F8000
007FC000
00FFE000
01FFF000
03FBF800
07F0FE00
1FC07F00
00000000
00000000
00000000
FF001FF0
FF001FF0
FF001FF0
FF001FF0
FF001FF0
FF001FF0
FF001FF0
FF001FF0
FF001FF0
FF001FF0
FF001FF0
FF001FF0
FF001FF0
FF001FF0
FF001FF0
FF001FF0
FF001FF0
FF001FF0
FF001FF0
FF001FF0
FF001FF0
FF001FF0
FF001FF0
FF001FF0
FF001FF0
FF001FE0
FF803FE0
FF803FE0
FFC07FE0
7FFFFFC0
3FFFFFC0
3FFFFF80
1FFFFF00
0FFFFE00
03FFF800
007FC000
ENDCHAR
STARTCHAR Udieresis
ENCODING 220
SWIDTH 664 0
DWIDTH 33 0
BBX 28 46 3 0
BITMAP
00001000
0FC07C00
0FC0FE00
1FE0FE00
1FE0FE00
0FC07E00
07803C00
00000000
00000000
00000000
FF001FF0
FF001FF0
FF001FF0
FF001FF0
FF001FF0
FF001FF0
FF001FF0
FF001FF0
FF001FF0
FF001FF0
FF001FF0
FF001FF0
FF001FF0
FF001FF0
FF001FF0
FF001FF0
FF001FF0
FF001FF0
FF001FF0
FF001FF0
FF001FF0
FF001FF0
FF001FF0
FF001FF0
FF001FF0
FF001FE0
FF803FE0
FF803FE0
FFC07FE0
7FFFFFC0
3FFFFFC0
3FFFFF80
1FFFFF00
0FFFFE00
03FFF800
007FC000
ENDCHAR
STARTCHAR Yacute
ENCODING 221
SWIDTH 627 0
DWIDTH 31 0
BBX 31 46 0 0
BITMAP
00007F80
0000FF00
0000FF00
0001FE00
0003FC00
0003F800
0007F000
000FE000
00000000
00000000
FF8003FE
7FC003FE
7FC007FC
3FE007FC
3FE00FF8
1FE00FF8
1FF00FF0
0FF01FF0
0FF81FE0
07F83FE0
07FC3FC0
03FC7FC0
03FC7F80
01FE7F80
01FEFF00
00FFFF00
00FFFE00
007FFE00
007FFC00
003FFC00
003FF800
001FF800
001FF000
001FF000
001FF000
001FF000
001FF000
001FF000
001FF000
001FF000
001FF000
001FF000
001FF000
001FF000
001FF000
001FF000
ENDCHAR
STARTCHAR Thorn
ENCODING 222
SWIDTH 618 0
DWIDTH 31 0
BBX 27 36 3 0
BITMAP
FF000000
FF000000
FF000000
FF000000
FF000000
FF000000
FFFFC000
FFFFF000
FFFFFC00
FFFFFE00
FFFFFF00
FFFFFF80
FF01FFC0
FF007FC0
FF003FC0
FF003FC0
FF003FE0
FF003FE0
FF003FE0
FF003FC0
FF003FC0
FF007FC0
FF01FFC0
FFFFFF80
FFFFFF00
FFFFFE00
FFFFFC00
FFFFF000
FFFFC000
FF000000
FF000000
FF000000
FF000000
FF000000
FF000000
FF000000
ENDCHAR
STARTCHAR germandbls
ENCODING 223
SWIDTH 649 0
DWIDTH 32 0
BBX 28 39 3 0
BITMAP
00FF8000
03FFE000
0FFFF800
1FFFFC00
3FFFFC00
3FFFFE00
7FE7FE00
7F81FE00
7F81FF00
FF81FF00
FF81FF00
FF81FE00
FF81FE00
FF83FE00
FF83FC00
FF87FC00
FF87F800
FF87F800
FF87F800
FF87FC00
FF87FE00
FF83FF00
FF83FF80
FF81FFC0
FF80FFC0
FF807FE0
FF803FF0
FF801FF0
FF800FF0
FF800FF0
FF800FF0
FF801FF0
FF9C3FF0
FF9FFFE0
FF9FFFE0
FFBFFFC0
FFBFFF80
FFBFFF00
FF8FF800
ENDCHAR
STARTCHAR agrave
ENCODING 224
SWIDTH 531 0
DWIDTH 27 0
BBX 24 37 1 0
BITMAP
1FE000
0FF000
0FF800
07F800
03FC00
01FC00
00FE00
007F00
000000
000000
000000
00FF00
07FFE0
0FFFF0
1FFFF8
3FFFFC
7FFFFE
7FC3FE
7F81FE
7F81FE
0001FE
01FFFE
0FFFFE
1FFFFE
3FFFFE
7FE1FE
7F81FE
FF81FE
FF01FE
FF01FE
FF83FE
FFFFFE
7FFFFE
7FFFFE
3FFFFF
0FFCFF
03F0FF
ENDCHAR
STARTCHAR aacute
ENCODING 225
SWIDTH 531 0
DWIDTH 27 0
BBX 24 37 1 0
BITMAP
0007F8
000FF0
000FF0
001FE0
003FC0
003F80
007F00
00FE00
000000
000000
000000
00FF00
07FFE0
0FFFF0
1FFFF8
3FFFFC
7FFFFE
7FC3FE
7F81FE
7F81FE
0001FE
01FFFE
0FFFFE
1FFFFE
3FFFFE
7FE1FE
7F81FE
FF81FE
FF01FE
FF01FE
FF83FE
FFFFFE
7FFFFE
7FFFFE
3FFFFF
0FFCFF
03F0FF
ENDCHAR
STARTCHAR acircumflex
ENCODING 226
SWIDTH 531 0
DWIDTH 27 0
BBX 24 37 1 0
BITMAP
007E00
01FF00
03FF80
07FFC0
0FEFE0
1FC3F8
7F01FC
000000
000000
000000
000000
00FF00
07FFE0
0FFFF0
1FFFF8
3FFFFC
7FFFFE
7FC3FE
7F81FE
7F81FE
0001FE
01FFFE
0FFFFE
1FFFFE
3FFFFE
7FE1FE
7F81FE
FF81FE
FF01FE
FF01FE
FF83FE
FFFFFE
7FFFFE
7FFFFE
3FFFFF
0FFCFF
03F0FF
ENDCHAR
STARTCHAR atilde
ENCODING 227
SWIDTH 531 0
DWIDTH 27 0
BBX 24 37 1 0
BITMAP
03E07C
07F878
0FFFF8
1FFFF8
1FFFF0
1F0FE0
1E03C0
000000
000000
000000
000000
00FF00
07FFE0
0FFFF0
1FFFF8
3FFFFC
7FFFFE
7FC3FE
7F81FE
7F81FE
0001FE
01FFFE
0FFFFE
1FFFFE
3FFFFE
7FE1FE
7F81FE
FF81FE
FF01FE
FF01FE
FF83FE
FFFFFE
7FFFFE
7FFFFE
3FFFFF
0FFCFF
03F0FF
ENDCHAR
STARTCHAR adieresis
ENCODING 228
SWIDTH 531 0
DWIDTH 27 0
BBX 24 37 1 0
BITMAP
000020
1F80F8
1F81FC
3FC1FC
3FC1FC
1F80FC
0F0078
000000
000000
000000
000000
00FF00
07FFE0
0FFFF0
1FFFF8
3FFFFC
7FFFFE
7FC3FE
7F81FE
7F81FE
0001FE
01FFFE
0FFFFE
1FFFFE
3FFFFE
7FE1FE
7F81FE
FF81FE
FF01FE
FF01FE
FF83FE
FFFFFE
7FFFFE
7FFFFE
3FFFFF
0FFCFF
03F0FF
ENDCHAR
STARTCHAR aring
ENCODING 229
SWIDTH 531 0
DWIDTH 27 0
BBX 24 39 1 0
BITMAP
003E00
00FF00
00E780
01C3C0
01C1C0
01C1C0
01C1C0
00E780
00FF00
003E00
000000
000000
000000
00FF00
07FFE0
0FFFF0
1FFFF8
3FFFFC
7FFFFE
7FC3FE
7F81FE
7F81FE
0001FE
01FFFE
0FFFFE
1FFFFE
3FFFFE
7FE1FE
7F81FE
FF81FE
FF01FE
FF01FE
FF83FE
FFFFFE
7FFFFE
7FFFFE
3FFFFF
0FFCFF
03F0FF
ENDCHAR
STARTCHAR ae
ENCODING 230
SWIDTH 844 0
DWIDTH 42 0
BBX 40 26 1 0
BITMAP
007FC07F80
03FFF3FFE0
0FFFFFFFF8
1FFFFFFFFC
1FFFFFFFFC
3FFFFFFFFE
3FF3FFE3FE
7FC0FFC0FF
1FC0FF80FF
0000FF80FF
00FFFFFFFF
07FFFFFFFF
1FFFFFFFFF
3FFFFFFFFF
7FFFFFFFFF
7FE0FF8000
7F80FF8000
FF80FF8000
FF80FFC00C
7F81FFF87C
7FFFFFFFFC
7FFFFFFFFE
3FFFFFFFFE
1FFFE7FFFE
0FFFC3FFF8
01FE007FC0
ENDCHAR
STARTCHAR ccedilla
ENCODING 231
SWIDTH 520 0
DWIDTH 26 0
BBX 24 38 1 -12
BITMAP
007F00
03FFE0
07FFF0
0FFFF8
1FFFFC
3FFFFE
3FE3FE
7FC1FE
7F80FF
7F80FF
FF80FF
FF8000
FF8000
FF8000
FF8000
FF8000
7F80FF
7F80FF
7FC1FF
7FE3FE
3FFFFE
1FFFFC
1FFFF8
07FFF0
03FFE0
007F00
003F00
003F00
007FC0
007FE0
000FE0
000FF0
000FF0
003FE0
003FE0
003FC0
003F80
003E00
ENDCHAR
STARTCHAR egrave
ENCODING 232
SWIDTH 544 0
DWIDTH 27 0
BBX 25 37 1 0
BITMAP
1FE00000
0FF00000
0FF80000
07F80000
03FC0000
01FC0000
00FE0000
007F0000
00000000
00000000
00000000
007F8000
01FFF000
07FFF800
0FFFFC00
1FFFFE00
3FFFFF00
3FF1FF00
7FC07F80
7FC07F80
7F807F80
7FFFFF80
7FFFFF80
FFFFFF80
FFFFFF80
FFFFFF80
7F800000
7F800000
7FC00800
7FE01C00
3FF8FE00
3FFFFF00
1FFFFF00
0FFFFF00
07FFFC00
01FFF800
003FC000
ENDCHAR
STARTCHAR eacute
ENCODING 233
SWIDTH 544 0
DWIDTH 27 0
BBX 25 37 1 0
BITMAP
0007F800
000FF000
000FF000
001FE000
003FC000
003F8000
007F0000
00FE0000
00000000
00000000
00000000
007F8000
01FFF000
07FFF800
0FFFFC00
1FFFFE00
3FFFFF00
3FF1FF00
7FC07F80
7FC07F80
7F807F80
7FFFFF80
7FFFFF80
FFFFFF80
FFFFFF80
FFFFFF80
7F800000
7F800000
7FC00800
7FE01C00
3FF8FE00
3FFFFF00
1FFFFF00
0FFFFF00
07FFFC00
01FFF800
003FC000
ENDCHAR
STARTCHAR ecircumflex
ENCODING 234
SWIDTH 544 0
DWIDTH 27 0
BBX 25 37 1 0
BITMAP
007E0000
01FF0000
03FF8000
07FFC000
0FEFE000
1FC3F800
7F01FC00
00000000
00000000
00000000
00000000
007F8000
01FFF000
07FFF800
0FFFFC00
1FFFFE00
3FFFFF00
3FF1FF00
7FC07F80
7FC07F80
7F807F80
7FFFFF80
7FFFFF80
FFFFFF80
FFFFFF80
FFFFFF80
7F800000
7F800000
7FC00800
7FE01C00
3FF8FE00
3FFFFF00
1FFFFF00
0FFFFF00
07FFFC00
01FFF800
003FC000
ENDCHAR
STARTCHAR edieresis
ENCODING 235
SWIDTH 544 0
DWIDTH 27 0
BBX 25 37 1 0
BITMAP
00002000
1F80F800
1F81FC00
3FC1FC00
3FC1FC00
1F80FC00
0F007800
00000000
00000000
00000000
00000000
007F8000
01FFF000
07FFF800
0FFFFC00
1FFFFE00
3FFFFF00
3FF1FF00
7FC07F80
7FC07F80
7F807F80
7FFFFF80
7FFFFF80
FFFFFF80
FFFFFF80
FFFFFF80
7F800000
7F800000
7FC00800
7FE01C00
3FF8FE00
3FFFFF00
1FFFFF00
0FFFFF00
07FFFC00
01FFF800
003FC000
ENDCHAR
STARTCHAR igrave
ENCODING 236
SWIDTH 285 0
DWIDTH 14 0
BBX 13 38 -2 0
BITMAP
FF00
7F80
7FC0
3FC0
1FE0
0FE0
07F0
03F8
0000
0000
0000
0000
07F8
07F8
07F8
07F8
07F8
07F8
07F8
07F8
07F8
07F8
07F8
07F8
07F8
07F8
07F8
07F8
07F8
07F8
07F8
07F8
07F8
07F8
07F8
07F8
07F8
07F8
ENDCHAR
STARTCHAR iacute
ENCODING 237
SWIDTH 285 0
DWIDTH 14 0
BBX 13 38 3 0
BITMAP
07F8
0FF0
0FF0
1FE0
3FC0
3F80
7F00
FE00
0000
0000
0000
0000
FF00
FF00
FF00
FF00
FF00
FF00
FF00
FF00
FF00
FF00
FF00
FF00
FF00
FF00
FF00
FF00
FF00
FF00
FF00
FF00
FF00
FF00
FF00
FF00
FF00
FF00
ENDCHAR
STARTCHAR icircumflex
ENCODING 238
SWIDTH 285 0
DWIDTH 14 0
BBX 21 37 -3 0
BITMAP
00FC00
03FE00
07FF00
0FFF80
1FDFC0
3F87F0
FE03F8
000000
000000
000000
000000
03FC00
03FC00
03FC00
03FC00
03FC00
03FC00
03FC00
03FC00
03FC00
03FC00
03FC00
03FC00
03FC00
03FC00
03FC00
03FC00
03FC00
03FC00
03FC00
03FC00
03FC00
03FC00
03FC00
03FC00
03FC00
03FC00
ENDCHAR
STARTCHAR idieresis
ENCODING 239
SWIDTH 285 0
DWIDTH 14 0
BBX 20 37 -3 0
BITMAP
000080
7E03E0
7E07F0
FF07F0
FF07F0
7E03F0
3C01E0
000000
000000
000000
000000
03FC00
03FC00
03FC00
03FC00
03FC00
03FC00
03FC00
03FC00
03FC00
03FC00
03FC00
03FC00
03FC00
03FC00
03FC00
03FC00
03FC00
03FC00
03FC00
03FC00
03FC00
03FC00
03FC00
03FC00
03FC00
03FC00
ENDCHAR
STARTCHAR eth
ENCODING 240
SWIDTH 569 0
DWIDTH 28 0
BBX 25 39 2 0
BITMAP
03000000
07E00000
07F81800
07FE3800
0FFFFC00
0FFFF800
07FFE000
00FFF000
007FF800
00FFFC00
03FFFC00
01E7FE00
0083FE00
0001FF00
0001FF00
01FCFF00
07FFFF80
1FFFFF80
3FFFFF80
3FFFFF80
7FFFFF80
7FC0FF80
FF807F80
FF007F80
FF007F80
FF007F80
FF007F80
FF007F80
FF007F80
FF00FF80
FF80FF00
FF81FF00
7FE7FE00
7FFFFE00
3FFFFC00
1FFFF800
0FFFF000
03FFC000
00FF0000
ENDCHAR
STARTCHAR ntilde
ENCODING 241
SWIDTH 564 0
DWIDTH 28 0
BBX 24 37 2 0
BITMAP
03E07C
07F878
0FFFF8
1FFFF8
1FFFF0
1F0FE0
1E03C0
000000
000000
000000
000000
FF0FE0
FF3FF8
FF7FFC
FFFFFE
FFFFFE
FFFFFE
FFE7FF
FF81FF
FF00FF
FF00FF
FF00FF
FF00FF
FF00FF
FF00FF
FF00FF
FF00FF
FF00FF
FF00FF
FF00FF
FF00FF
FF00FF
FF00FF
FF00FF
FF00FF
FF00FF
FF00FF
ENDCHAR
STARTCHAR ograve
ENCODING 242
SWIDTH 562 0
DWIDTH 28 0
BBX 26 37 1 0
BITMAP
0FF00000
07F80000
07FC0000
03FC0000
01FE0000
00FE0000
007F0000
003F8000
00000000
00000000
00000000
007F8000
03FFF000
07FFF800
0FFFFC00
1FFFFE00
3FFFFF00
3FF3FF00
7FC0FF80
7F807F80
7F807F80
FF807FC0
FF807FC0
FF803FC0
FF803FC0
FF803FC0
FF807FC0
7F807F80
7F807F80
7FC0FF80
3FF3FF00
3FFFFF00
1FFFFE00
0FFFFC00
07FFF800
03FFF000
007F8000
ENDCHAR
STARTCHAR oacute
ENCODING 243
SWIDTH 562 0
DWIDTH 28 0
BBX 26 37 1 0
BITMAP
0003FC00
0007F800
0007F800
000FF000
001FE000
001FC000
003F8000
007F0000
00000000
00000000
00000000
007F8000
03FFF000
07FFF800
0FFFFC00
1FFFFE00
3FFFFF00
3FF3FF00
7FC0FF80
7F807F80
7F807F80
FF807FC0
FF807FC0
FF803FC0
FF803FC0
FF803FC0
FF807FC0
7F807F80
7F807F80
7FC0FF80
3FF3FF00
3FFFFF00
1FFFFE00
0FFFFC00
07FFF800
03FFF000
007F8000
ENDCHAR
STARTCHAR ocircumflex
ENCODING 244
SWIDTH 562 0
DWIDTH 28 0
BBX 26 37 1 0
BITMAP
003F0000
00FF8000
01FFC000
03FFE000
07F7F000
0FE1FC00
3F80FE00
00000000
00000000
00000000
00000000
007F8000
03FFF000
07FFF800
0FFFFC00
1FFFFE00
3FFFFF00
3FF3FF00
7FC0FF80
7F807F80
7F807F80
FF807FC0
FF807FC0
FF803FC0
FF803FC0
FF803FC0
FF807FC0
7F807F80
7F807F80
7FC0FF80
3FF3FF00
3FFFFF00
1FFFFE00
0FFFFC00
07FFF800
03FFF000
007F8000
ENDCHAR
STARTCHAR otilde
ENCODING 245
SWIDTH 562 0
DWIDTH 28 0
BBX 26 37 1 0
BITMAP
01F03E00
03FC3C00
07FFFC00
0FFFFC00
0FFFF800
0F87F000
0F01E000
00000000
00000000
00000000
00000000
007F8000
03FFF000
07FFF800
0FFFFC00
1FFFFE00
3FFFFF00
3FF3FF00
7FC0FF80
7F807F80
7F807F80
FF807FC0
FF807FC0
FF803FC0
FF803FC0
FF803FC0
FF807FC0
7F807F80
7F807F80
7FC0FF80
3FF3FF00
3FFFFF00
1FFFFE00
0FFFFC00
07FFF800
03FFF000
007F8000
ENDCHAR
STARTCHAR odieresis
ENCODING 246
SWIDTH 562 0
DWIDTH 28 0
BBX 26 37 1 0
BITMAP
00001000
0FC07C00
0FC0FE00
1FE0FE00
1FE0FE00
0FC07E00
07803C00
00000000
00000000
00000000
00000000
007F8000
03FFF000
07FFF800
0FFFFC00
1FFFFE00
3FFFFF00
3FF3FF00
7FC0FF80
7F807F80
7F807F80
FF807FC0
FF807FC0
FF803FC0
FF803FC0
FF803FC0
FF807FC0
7F807F80
7F807F80
7FC0FF80
3FF3FF00
3FFFFF00
1FFFFE00
0FFFFC00
07FFF800
03FFF000
007F8000
ENDCHAR
STARTCHAR divide
ENCODING 247
SWIDTH 569 0
DWIDTH 28 0
BBX 26 28 1 3
BITMAP
001F0000
003F8000
007F8000
007FC000
007FC000
007F8000
007F8000
001F0000
00000000
00000000
00000000
FFFFFFC0
FFFFFFC0
FFFFFFC0
FFFFFFC0
FFFFFFC0
FFFFFFC0
00000000
00000000
00000000
001F0000
003F8000
007F8000
007FC000
007FC000
007F8000
007F8000
001F0000
ENDCHAR
STARTCHAR oslash
ENCODING 248
SWIDTH 562 0
DWIDTH 28 0
BBX 26 32 1 -3
BITMAP
00001E00
00003E00
00003C00
007FFC00
03FFF800
07FFF800
0FFFFC00
1FFFFE00
3FFFFF00
3FF3FF00
7FC3FF80
7F87FF80
7F87FF80
FF8FFFC0
FF8F7FC0
FF9F3FC0
FF9E3FC0
FFBE3FC0
FFBC7FC0
7FF87F80
7FF87F80
7FF0FF80
3FF3FF00
3FFFFF00
1FFFFE00
0FFFFC00
07FFF800
07FFF000
07FF8000
0F000000
0F000000
1E000000
ENDCHAR
STARTCHAR ugrave
ENCODING 249
SWIDTH 564 0
DWIDTH 28 0
BBX 24 38 2 0
BITMAP
1FE000
0FF000
0FF800
07F800
03FC00
01FC00
00FE00
007F00
000000
000000
000000
000000
FF00FF
FF00FF
FF00FF
FF00FF
FF00FF
FF00FF
FF00FF
FF00FF
FF00FF
FF00FF
FF00FF
FF00FF
FF00FF
FF00FF
FF00FF
FF00FF
FF00FF
FF80FF
FF81FF
FFC7FF
7FFFFF
7FFFFF
3FFFFF
3FFEFF
1FFCFF
03F0FF
ENDCHAR
STARTCHAR uacute
ENCODING 250
SWIDTH 564 0
DWIDTH 28 0
BBX 24 38 2 0
BITMAP
0007F8
000FF0
000FF0
001FE0
003FC0
003F80
007F00
00FE00
000000
000000
000000
000000
FF00FF
FF00FF
FF00FF
FF00FF
FF00FF
FF00FF
FF00FF
FF00FF
FF00FF
FF00FF
FF00FF
FF00FF
FF00FF
FF00FF
FF00FF
FF00FF
FF00FF
FF80FF
FF81FF
FFC7FF
7FFFFF
7FFFFF
3FFFFF
3FFEFF
1FFCFF
03F0FF
ENDCHAR
STARTCHAR ucircumflex
ENCODING 251
SWIDTH 564 0
DWIDTH 28 0
BBX 24 37 2 0
BITMAP
007E00
01FF00
03FF80
07FFC0
0FEFE0
1FC3F8
7F01FC
000000
000000
000000
000000
FF00FF
FF00FF
FF00FF
FF00FF
FF00FF
FF00FF
FF00FF
FF00FF
FF00FF
FF00FF
FF00FF
FF00FF
FF00FF
FF00FF
FF00FF
FF00FF
FF00FF
FF80FF
FF81FF
FFC7FF
7FFFFF
7FFFFF
3FFFFF
3FFEFF
1FFCFF
03F0FF
ENDCHAR
STARTCHAR udieresis
ENCODING 252
SWIDTH 564 0
DWIDTH 28 0
BBX 24 37 2 0
BITMAP
000020
1F80F8
1F81FC
3FC1FC
3FC1FC
1F80FC
0F0078
000000
000000
000000
000000
FF00FF
FF00FF
FF00FF
FF00FF
FF00FF
FF00FF
FF00FF
FF00FF
FF00FF
FF00FF
FF00FF
FF00FF
FF00FF
FF00FF
FF00FF
FF00FF
FF00FF
FF80FF
FF81FF
FFC7FF
7FFFFF
7FFFFF
3FFFFF
3FFEFF
1FFCFF
03F0FF
ENDCHAR
STARTCHAR yacute
ENCODING 253
SWIDTH 518 0
DWIDTH 26 0
BBX 26 48 0 -10
BITMAP
0003FC00
0007F800
0007F800
000FF000
001FE000
001FC000
003F8000
007F0000
00000000
00000000
00000000
00000000
FF807FC0
FF807FC0
7F80FF80
7FC0FF80
7FC0FF00
3FC0FF00
3FE1FF00
1FE1FE00
1FE1FE00
1FE3FE00
0FF3FC00
0FF3FC00
0FF7FC00
07FFF800
07FFF800
07FFF800
03FFF000
03FFF000
03FFE000
01FFE000
01FFE000
00FFC000
00FFC000
00FFC000
007F8000
007F8000
007F8000
00FF0000
00FF0000
03FE0000
1FFE0000
1FFE0000
1FFC0000
1FF80000
1FF00000
1FC00000
ENDCHAR
STARTCHAR thorn
ENCODING 254
SWIDTH 561 0
DWIDTH 28 0
BBX 25 48 2 -10
BITMAP
FF800000
FF800000
FF800000
FF800000
FF800000
FF800000
FF800000
FF800000
FF800000
FF800000
FF800000
FF800000
FF9FC000
FFBFF000
FFFFF800
FFFFFC00
FFFFFE00
FFFFFE00
FFE3FF00
FF81FF00
FF80FF00
FF80FF80
FF80FF80
FF80FF80
FF807F80
FF807F80
FF80FF80
FF80FF80
FF80FF80
FF80FF00
FF81FF00
FFE3FF00
FFFFFE00
FFFFFE00
FFFFFC00
FFFFF800
FFBFF000
FF9FC000
FF800000
FF800000
FF800000
FF800000
FF800000
FF800000
FF800000
FF800000
FF800000
FF800000
ENDCHAR
STARTCHAR ydieresis
ENCODING 255
SWIDTH 518 0
DWIDTH 26 0
BBX 26 47 0 -10
BITMAP
00002000
1F80F800
1F81FC00
3FC1FC00
3FC1FC00
1F80FC00
0F007800
00000000
00000000
00000000
00000000
FF807FC0
FF807FC0
7F80FF80
7FC0FF80
7FC0FF00
3FC0FF00
3FE1FF00
1FE1FE00
1FE1FE00
1FE3FE00
0FF3FC00
0FF3FC00
0FF7FC00
07FFF800
07FFF800
07FFF800
03FFF000
03FFF000
03FFE000
01FFE000
01FFE000
00FFC000
00FFC000
00FFC000
007F8000
007F8000
007F8000
00FF0000
00FF0000
03FE0000
1FFE0000
1FFE0000
1FFC0000
1FF80000
1FF00000
1FC00000
ENDCHAR
STARTCHAR Amacron
ENCODING 256
SWIDTH 681 0
DWIDTH 34 0
BBX 34 44 0 0
BITMAP
00FFFF8000
00FFFF8000
00FFFF8000
00FFFF8000
0000000000
0000000000
0000000000
0000000000
0007F80000
000FFC0000
000FFC0000
000FFC0000
001FFE0000
001FFE0000
001FFE0000
003FFF0000
003FFF0000
003FFF8000
007FFF8000
007FFF8000
00FF3FC000
00FF3FC000
00FF3FC000
01FE1FE000
01FE1FE000
01FE1FE000
03FC0FF000
03FC0FF000
03FC0FF800
07FC07F800
07FFFFF800
0FFFFFFC00
0FFFFFFC00
0FFFFFFC00
1FFFFFFE00
1FFFFFFE00
1FFFFFFE00
3FE001FF00
3FE001FF00
3FC000FF80
7FC000FF80
7FC000FF80
FFC000FFC0
FF80007FC0
ENDCHAR
STARTCHAR amacron
ENCODING 257
SWIDTH 531 0
DWIDTH 27 0
BBX 24 35 1 0
BITMAP
1FFFF0
1FFFF0
1FFFF0
1FFFF0
000000
000000
000000
000000
000000
00FF00
07FFE0
0FFFF0
1FFFF8
3FFFFC
7FFFFE
7FC3FE
7F81FE
7F81FE
0001FE
01FFFE
0FFFFE
1FFFFE
3FFFFE
7FE1FE
7F81FE
FF81FE
FF01FE
FF01FE
FF83FE
FFFFFE
7FFFFE
7FFFFE
3FFFFF
0FFCFF
03F0FF
ENDCHAR
STARTCHAR Abreve
ENCODING 258
SWIDTH 681 0
DWIDTH 34 0
BBX 34 46 0 0
BITMAP
00FC07C000
00FC0FC000
007E0FC000
007F3FC000
003FFF8000
003FFF0000
000FFE0000
0003F80000
0000000000
0000000000
0007F80000
000FFC0000
000FFC0000
000FFC0000
001FFE0000
001FFE0000
001FFE0000
003FFF0000
003FFF0000
003FFF8000
007FFF8000
007FFF8000
00FF3FC000
00FF3FC000
00FF3FC000
01FE1FE000
01FE1FE000
01FE1FE000
03FC0FF000
03FC0FF000
03FC0FF800
07FC07F800
07FFFFF800
0FFFFFFC00
0FFFFFFC00
0FFFFFFC00
1FFFFFFE00
1FFFFFFE00
1FFFFFFE00
3FE001FF00
3FE001FF00
3FC000FF80
7FC000FF80
7FC000FF80
FFC000FFC0
FF80007FC0
ENDCHAR
STARTCHAR abreve
ENCODING 259
SWIDTH 531 0
DWIDTH 27 0
BBX 24 37 1 0
BITMAP
1F80F8
1F81F8
0FC1F8
0FE7F8
07FFF0
07FFE0
01FFC0
007F00
000000
000000
000000
00FF00
07FFE0
0FFFF0
1FFFF8
3FFFFC
7FFFFE
7FC3FE
7F81FE
7F81FE
0001FE
01FFFE
0FFFFE
1FFFFE
3FFFFE
7FE1FE
7F81FE
FF81FE
FF01FE
FF01FE
FF83FE
FFFFFE
7FFFFE
7FFFFE
3FFFFF
0FFCFF
03F0FF
ENDCHAR
STARTCHAR Aogonek
ENCODING 260
SWIDTH 681 0
DWIDTH 34 0
BBX 34 46 0 -10
BITMAP
0007F80000
000FFC0000
000FFC0000
000FFC0000
001FFE0000
001FFE0000
001FFE0000
003FFF0000
003FFF0000
003FFF8000
007FFF8000
007FFF8000
00FF3FC000
00FF3FC000
00FF3FC000
01FE1FE000
01FE1FE000
01FE1FE000
03FC0FF000
03FC0FF000
03FC0FF800
07FC07F800
07FFFFF800
0FFFFFFC00
0FFFFFFC00
0FFFFFFC00
1FFFFFFE00
1FFFFFFE00
1FFFFFFE00
3FE001FF00
3FE001FF00
3FC000FF80
7FC000FF80
7FC000FF80
FFC000FFC0
FF80007FC0
000000FE00
000001F800
000001F000
000003F000
000003F000
000003FE00
000003FF00
000001FF00
000000FF00
0000007E00
ENDCHAR
STARTCHAR aogonek
ENCODING 261
SWIDTH 531 0
DWIDTH 27 0
BBX 24 36 1 -10
BITMAP
00FF00
07FFE0
0FFFF0
1FFFF8
3FFFFC
7FFFFE
7FC3FE
7F81FE
7F81FE
0001FE
01FFFE
0FFFFE
1FFFFE
3FFFFE
7FE1FE
7F81FE
FF81FE
FF01FE
FF01FE
FF83FE
FFFFFE
7FFFFE
7FFFFE
3FFFFF
0FFCFF
03F0FF
0001FC
0001F8
0003F0
0003F0
0003F0
0003FE
0003FE
0003FE
0001FF
00007C
ENDCHAR
STARTCHAR Cacute
ENCODING 262
SWIDTH 656 0
DWIDTH 33 0
BBX 29 47 2 0
BITMAP
0000FF00
0001FE00
0001FE00
0003FC00
0007F800
0007F000
000FE000
001FC000
00000000
00000000
00000000
003FE000
00FFFC00
03FFFF00
07FFFF80
0FFFFFC0
1FFFFFE0
3FFFFFF0
3FE03FF0
7FC00FF0
7FC00FF8
7F8007F8
FF8007F8
FF8007F8
FF800000
FF000000
FF000000
FF000000
FF000000
FF000000
FF000000
FF000000
FF000000
FF800000
FF8007F8
FF8007F8
7F8007F8
7FC00FF8
7FC01FF8
3FE03FF0
3FFFFFF0
1FFFFFE0
0FFFFFC0
07FFFF80
03FFFF00
00FFFC00
003FE000
ENDCHAR
STARTCHAR cacute
ENCODING 263
SWIDTH 520 0
DWIDTH 26 0
BBX 24 37 1 0
BITMAP
0007F8
000FF0
000FF0
001FE0
003FC0
003F80
007F00
00FE00
000000
000000
000000
007F00
03FFE0
07FFF0
0FFFF8
1FFFFC
3FFFFE
3FE3FE
7FC1FE
7F80FF
7F80FF
FF80FF
FF8000
FF8000
FF8000
FF8000
FF8000
7F80FF
7F80FF
7FC1FF
7FE3FE
3FFFFE
1FFFFC
1FFFF8
07FFF0
03FFE0
007F00
ENDCHAR
STARTCHAR Ccircumflex
ENCODING 264
SWIDTH 656 0
DWIDTH 33 0
BBX 29 46 2 0
BITMAP
000FC000
003FE000
007FF000
00FFF800
01FDFC00
03F87F00
0FE03F80
00000000
00000000
00000000
003FE000
00FFFC00
03FFFF00
07FFFF80
0FFFFFC0
1FFFFFE0
3FFFFFF0
3FE03FF0
7FC00FF0
7FC00FF8
7F8007F8
FF8007F8
FF8007F8
FF800000
FF000000
FF000000
FF000000
FF000000
FF000000
FF000000
FF000000
FF000000
FF800000
FF8007F8
FF8007F8
7F8007F8
7FC00FF8
7FC01FF8
3FE03FF0
3FFFFFF0
1FFFFFE0
0FFFFFC0
07FFFF80
03FFFF00
00FFFC00
003FE000
ENDCHAR
STARTCHAR ccircumflex
ENCODING 265
SWIDTH 520 0
DWIDTH 26 0
BBX 24 37 1 0
BITMAP
003F00
00FF80
01FFC0
03FFE0
07F7F0
0FE1FC
3F80FE
000000
000000
000000
000000
007F00
03FFE0
07FFF0
0FFFF8
1FFFFC
3FFFFE
3FE3FE
7FC1FE
7F80FF
7F80FF
FF80FF
FF8000
FF8000
FF8000
FF8000
FF8000
7F80FF
7F80FF
7FC1FF
7FE3FE
3FFFFE
1FFFFC
1FFFF8
07FFF0
03FFE0
007F00
ENDCHAR
STARTCHAR Cdotaccent
ENCODING 266
SWIDTH 656 0
DWIDTH 33 0
BBX 29 46 2 0
BITMAP
000F8000
001FC000
001FE000
001FE000
001FE000
001FC000
000F8000
00000000
00000000
00000000
003FE000
00FFFC00
03FFFF00
07FFFF80
0FFFFFC0
1FFFFFE0
3FFFFFF0
3FE03FF0
7FC00FF0
7FC00FF8
7F8007F8
FF8007F8
FF8007F8
FF800000
FF000000
FF000000
FF000000
FF000000
FF000000
FF000000
FF000000
FF000000
FF800000
FF8007F8
FF8007F8
7F8007F8
7FC00FF8
7FC01FF8
3FE03FF0
3FFFFFF0
1FFFFFE0
0FFFFFC0
07FFFF80
03FFFF00
00FFFC00
003FE000
ENDCHAR
STARTCHAR cdotaccent
ENCODING 267
SWIDTH 520 0
DWIDTH 26 0
BBX 24 37 1 0
BITMAP
007C00
00FE00
00FF00
00FF00
00FF00
00FE00
007C00
000000
000000
000000
000000
007F00
03FFE0
07FFF0
0FFFF8
1FFFFC
3FFFFE
3FE3FE
7FC1FE
7F80FF
7F80FF
FF80FF
FF8000
FF8000
FF8000
FF8000
FF8000
7F80FF
7F80FF
7FC1FF
7FE3FE
3FFFFE
1FFFFC
1FFFF8
07FFF0
03FFE0
007F00
ENDCHAR
STARTCHAR Ccaron
ENCODING 268
SWIDTH 656 0
DWIDTH 33 0
BBX 29 46 2 0
BITMAP
07F03F80
03F87F00
01FCFE00
00FFFC00
007FF800
001FE000
000FC000
00000000
00000000
00000000
003FE000
00FFFC00
03FFFF00
07FFFF80
0FFFFFC0
1FFFFFE0
3FFFFFF0
3FE03FF0
7FC00FF0
7FC00FF8
7F8007F8
FF8007F8
FF8007F8
FF800000
FF000000
FF000000
FF000000
FF000000
FF000000
FF000000
FF000000
FF000000
FF800000
FF8007F8
FF8007F8
7F8007F8
7FC00FF8
7FC01FF8
3FE03FF0
3FFFFFF0
1FFFFFE0
0FFFFFC0
07FFFF80
03FFFF00
00FFFC00
003FE000
ENDCHAR
STARTCHAR ccaron
ENCODING 269
SWIDTH 520 0
DWIDTH 26 0
BBX 24 37 1 0
BITMAP
3F81FC
1FC3F8
0FE7F0
07FFE0
03FFC0
00FF00
007E00
000000
000000
000000
000000
007F00
03FFE0
07FFF0
0FFFF8
1FFFFC
3FFFFE
3FE3FE
7FC1FE
7F80FF
7F80FF
FF80FF
FF8000
FF8000
FF8000
FF8000
FF8000
7F80FF
7F80FF
7FC1FF
7FE3FE
3FFFFE
1FFFFC
1FFFF8
07FFF0
03FFE0
007F00
ENDCHAR
STARTCHAR Dcaron
ENCODING 270
SWIDTH 646 0
DWIDTH 32 0
BBX 29 46 2 0
BITMAP
FE07F000
7F0FE000
3F9FC000
1FFF8000
0FFF0000
03FC0000
01F80000
00000000
00000000
00000000
7FFF0000
7FFFE000
7FFFF800
7FFFFE00
7FFFFF00
7FFFFF80
7FFFFF80
7F80FFC0
7F807FE0
7F803FE0
7F801FE0
7F801FF0
7F801FF0
7F800FF0
7F800FF0
7F800FF8
7F800FF8
7F800FF8
7F800FF8
7F800FF8
7F800FF8
7F800FF0
7F800FF0
7F801FF0
7F801FF0
7F801FE0
7F803FE0
7F807FE0
7F80FFC0
7FFFFF80
7FFFFF80
7FFFFF00
7FFFFE00
7FFFF800
7FFFE000
7FFF0000
ENDCHAR
STARTCHAR dcaron
ENCODING 271
SWIDTH 635 0
DWIDTH 32 0
BBX 34 38 1 0
BITMAP
0000FF87C0
0000FF87C0
0000FF87C0
0000FF87C0
0000FF87C0
0000FF8FC0
0000FF8F80
0000FF8F80
0000FF9F00
0000FF8F00
0000FF8200
0000FF8000
01F8FF8000
07FEFF8000
0FFFFF8000
1FFFFF8000
3FFFFF8000
3FFFFF8000
7FE3FF8000
7FC0FF8000
7F80FF8000
7F80FF8000
FF80FF8000
FF80FF8000
FF80FF8000
FF80FF8000
FF80FF8000
FF80FF8000
7F80FF8000
7F80FF8000
7FC0FF8000
7FE3FF8000
3FFFFF8000
3FFFFF8000
1FFFFF8000
0FFF7F8000
07FE7F8000
01FC7F8000
ENDCHAR
STARTCHAR Dcroat
ENCODING 272
SWIDTH 661 0
DWIDTH 33 0
BBX 31 36 0 0
BITMAP
1FFFE000
1FFFFC00
1FFFFF00
1FFFFF80
1FFFFFC0
1FFFFFE0
1FFFFFF0
1FF01FF8
1FF00FF8
1FF007FC
1FF007FC
1FF003FE
1FF003FE
1FF003FE
1FF003FE
FFFFC1FE
FFFFC1FE
FFFFC1FE
FFFFC1FE
FFFFC1FE
1FF001FE
1FF003FE
1FF003FE
1FF003FE
1FF003FE
1FF007FC
1FF007FC
1FF00FF8
1FF01FF8
1FFFFFF0
1FFFFFE0
1FFFFFC0
1FFFFF80
1FFFFF00
1FFFFC00
1FFFE000
ENDCHAR
STARTCHAR dcroat
ENCODING 273
SWIDTH 645 0
DWIDTH 32 0
BBX 28 38 1 0
BITMAP
0000FF80
0000FF80
0000FF80
0000FF80
003FFFF0
003FFFF0
003FFFF0
003FFFF0
003FFFF0
0000FF80
0000FF80
0000FF80
01F8FF80
07FEFF80
0FFFFF80
1FFFFF80
3FFFFF80
3FFFFF80
7FE3FF80
7FC0FF80
7F80FF80
7F80FF80
FF80FF80
FF80FF80
FF80FF80
FF80FF80
FF80FF80
FF80FF80
7F80FF80
7F80FF80
7FC0FF80
7FE3FF80
3FFFFF80
3FFFFF80
1FFFFF80
0FFF7F80
07FE7F80
01FC7F80
ENDCHAR
STARTCHAR Emacron
ENCODING 274
SWIDTH 559 0
DWIDTH 28 0
BBX 24 44 3 0
BITMAP
0FFFF8
0FFFF8
0FFFF8
0FFFF8
000000
000000
000000
000000
FFFFFF
FFFFFF
FFFFFF
FFFFFF
FFFFFF
FFFFFF
FFFFFF
FF0000
FF0000
FF0000
FF0000
FF0000
FF0000
FF0000
FF0000
FFFFFC
FFFFFC
FFFFFC
FFFFFC
FFFFFC
FFFFFC
FF0000
FF0000
FF0000
FF0000
FF0000
FF0000
FF0000
FF0000
FFFFFF
FFFFFF
FFFFFF
FFFFFF
FFFFFF
FFFFFF
FFFFFF
ENDCHAR
STARTCHAR emacron
ENCODING 275
SWIDTH 544 0
DWIDTH 27 0
BBX 25 35 1 0
BITMAP
1FFFF000
1FFFF000
1FFFF000
1FFFF000
00000000
00000000
00000000
00000000
00000000
007F8000
01FFF000
07FFF800
0FFFFC00
1FFFFE00
3FFFFF00
3FF1FF00
7FC07F80
7FC07F80
7F807F80
7FFFFF80
7FFFFF80
FFFFFF80
FFFFFF80
FFFFFF80
7F800000
7F800000
7FC00800
7FE01C00
3FF8FE00
3FFFFF00
1FFFFF00
0FFFFF00
07FFFC00
01FFF800
003FC000
ENDCHAR
STARTCHAR Ebreve
ENCODING 276
SWIDTH 559 0
DWIDTH 28 0
BBX 24 46 3 0
BITMAP
1F80F8
1F81F8
0FC1F8
0FE7F8
07FFF0
07FFE0
01FFC0
007F00
000000
000000
FFFFFF
FFFFFF
FFFFFF
FFFFFF
FFFFFF
FFFFFF
FFFFFF
FF0000
FF0000
FF0000
FF0000
FF0000
FF0000
FF0000
FF0000
FFFFFC
FFFFFC
FFFFFC
FFFFFC
FFFFFC
FFFFFC
FF0000
FF0000
FF0000
FF0000
FF0000
FF0000
FF0000
FF0000
FFFFFF
FFFFFF
FFFFFF
FFFFFF
FFFFFF
FFFFFF
FFFFFF
ENDCHAR
STARTCHAR ebreve
ENCODING 277
SWIDTH 544 0
DWIDTH 27 0
BBX 25 37 1 0
BITMAP
1F80F800
1F81F800
0FC1F800
0FE7F800
07FFF000
07FFE000
01FFC000
007F0000
00000000
00000000
00000000
007F8000
01FFF000
07FFF800
0FFFFC00
1FFFFE00
3FFFFF00
3FF1FF00
7FC07F80
7FC07F80
7F807F80
7FFFFF80
7FFFFF80
FFFFFF80
FFFFFF80
FFFFFF80
7F800000
7F800000
7FC00800
7FE01C00
3FF8FE00
3FFFFF00
1FFFFF00
0FFFFF00
07FFFC00
01FFF800
003FC000
ENDCHAR
STARTCHAR Edotaccent
ENCODING 278
SWIDTH 559 0
DWIDTH 28 0
BBX 24 46 3 0
BITMAP
003E00
007F00
007F80
007F80
007F80
007F00
003E00
000000
000000
000000
FFFFFF
FFFFFF
FFFFFF
FFFFFF
FFFFFF
FFFFFF
FFFFFF
FF0000
FF0000
FF0000
FF0000
FF0000
FF0000
FF0000
FF0000
FFFFFC
FFFFFC
FFFFFC
FFFFFC
FFFFFC
FFFFFC
FF0000
FF0000
FF0000
FF0000
FF0000
FF0000
FF0000
FF0000
FFFFFF
FFFFFF
FFFFFF
FFFFFF
FFFFFF
FFFFFF
FFFFFF
ENDCHAR
STARTCHAR edotaccent
ENCODING 279
SWIDTH 544 0
DWIDTH 27 0
BBX 25 37 1 0
BITMAP
007C0000
00FE0000
00FF0000
00FF0000
00FF0000
00FE0000
007C0000
00000000
00000000
00000000
00000000
007F8000
01FFF000
07FFF800
0FFFFC00
1FFFFE00
3FFFFF00
3FF1FF00
7FC07F80
7FC07F80
7F807F80
7FFFFF80
7FFFFF80
FFFFFF80
FFFFFF80
FFFFFF80
7F800000
7F800000
7FC00800
7FE01C00
3FF8FE00
3FFFFF00
1FFFFF00
0FFFFF00
07FFFC00
01FFF800
003FC000
ENDCHAR
STARTCHAR Eogonek
ENCODING 280
SWIDTH 559 0
DWIDTH 28 0
BBX 24 46 3 -10
BITMAP
FFFFFF
FFFFFF
FFFFFF
FFFFFF
FFFFFF
FFFFFF
FFFFFF
FF0000
FF0000
FF0000
FF0000
FF0000
FF0000
FF0000
FFFFFC
FFFFFC
FFFFFC
FFFFFC
FFFFFC
FFFFFC
FF0000
FF0000
FF0000
FF0000
FF0000
FF0000
FF0000
FF0000
FF0000
FFFFFF
FFFFFF
FFFFFF
FFFFFF
FFFFFF
FFFFFF
FFFFFF
000FC0
001F80
003F00
003F00
003F00
003FE0
003FE0
001FF0
001FF0
0007E0
ENDCHAR
STARTCHAR eogonek
ENCODING 281
SWIDTH 544 0
DWIDTH 27 0
BBX 25 36 1 -10
BITMAP
007F8000
01FFF000
07FFF800
0FFFFC00
1FFFFE00
3FFFFF00
3FF3FF00
7FC0FF00
7FC07F80
7F807F80
7F807F80
7FFFFF80
FFFFFF80
FFFFFF80
FFFFFF80
7FFFFF80
7F800000
7FC00800
7FE01C00
3FF8FE00
3FFFFF00
1FFFFF00
0FFFFF00
07FFFC00
01FFF800
003FE000
000FC000
000F8000
001F8000
001F8000
001F8000
001FF000
001FF000
000FF800
0007F800
0003F000
ENDCHAR
STARTCHAR Ecaron
ENCODING 282
SWIDTH 559 0
DWIDTH 28 0
BBX 24 46 3 0
BITMAP
1FC0FE
0FE1FC
07F3F8
03FFF0
01FFE0
007F80
003F00
000000
000000
000000
FFFFFF
FFFFFF
FFFFFF
FFFFFF
FFFFFF
FFFFFF
FFFFFF
FF0000
FF0000
FF0000
FF0000
FF0000
FF0000
FF0000
FF0000
FFFFFC
FFFFFC
FFFFFC
FFFFFC
FFFFFC
FFFFFC
FF0000
FF0000
FF0000
FF0000
FF0000
FF0000
FF0000
FF0000
FFFFFF
FFFFFF
FFFFFF
FFFFFF
FFFFFF
FFFFFF
FFFFFF
ENDCHAR
STARTCHAR ecaron
ENCODING 283
SWIDTH 544 0
DWIDTH 27 0
BBX 25 37 1 0
BITMAP
3F81FC00
1FC3F800
0FE7F000
07FFE000
03FFC000
00FF0000
007E0000
00000000
00000000
00000000
00000000
007F8000
01FFF000
07FFF800
0FFFFC00
1FFFFE00
3FFFFF00
3FF1FF00
7FC07F80
7FC07F80
7F807F80
7FFFFF80
7FFFFF80
FFFFFF80
FFFFFF80
FFFFFF80
7F800000
7F800000
7FC00800
7FE01C00
3FF8FE00
3FFFFF00
1FFFFF00
0FFFFF00
07FFFC00
01FFF800
003FC000
ENDCHAR
STARTCHAR Gcircumflex
ENCODING 284
SWIDTH 681 0
DWIDTH 34 0
BBX 30 46 2 0
BITMAP
0007E000
001FF000
003FF800
007FFC00
00FEFE00
01FC3F80
07F01FC0
00000000
00000000
00000000
001FF000
00FFFE00
01FFFF80
07FFFFC0
0FFFFFE0
1FFFFFF0
1FFFFFF0
3FF01FF8
3FE00FF8
7FC007F8
7FC007FC
7F8007FC
FF800000
FF800000
FF800000
FF800000
FF800000
FF81FFFC
FF81FFFC
FF81FFFC
FF81FFFC
FF81FFFC
FF81FFFC
FF8007FC
7F8007FC
7FC007FC
7FC007FC
3FE007FC
3FF00FFC
1FFFFFFC
1FFFFFFC
0FFFFFFC
07FFFFF0
01FFFFE0
00FFFF80
001FF800
ENDCHAR
STARTCHAR gcircumflex
ENCODING 285
SWIDTH 575 0
DWIDTH 29 0
BBX 25 47 1 -10
BITMAP
003F0000
00FF8000
01FFC000
03FFE000
07F7F000
0FE1FC00
3F80FE00
00000000
00000000
00000000
00000000
00FE3F80
03FF3F80
0FFFFF80
1FFFFF80
1FFFFF80
3FFFFF80
3FF1FF80
7FC07F80
7FC07F80
7F807F80
FF807F80
FF807F80
FF807F80
FF807F80
FF807F80
FF807F80
7F807F80
7FC07F80
7FC07F80
3FF1FF80
3FFFFF80
1FFFFF80
1FFFFF80
0FFFFF80
03FF7F80
00FC7F80
00007F80
04007F80
0600FF80
0F83FF80
1FFFFF00
1FFFFE00
1FFFFC00
0FFFF800
07FFF000
00FF8000
ENDCHAR
STARTCHAR Gbreve
ENCODING 286
SWIDTH 681 0
DWIDTH 34 0
BBX 30 46 2 0
BITMAP
03F01F00
03F03F00
01F83F00
01FCFF00
00FFFE00
00FFFC00
003FF800
000FE000
00000000
00000000
001FF000
00FFFE00
01FFFF80
07FFFFC0
0FFFFFE0
1FFFFFF0
1FFFFFF0
3FF01FF8
3FE00FF8
7FC007F8
7FC007FC
7F8007FC
FF800000
FF800000
FF800000
FF800000
FF800000
FF81FFFC
FF81FFFC
FF81FFFC
FF81FFFC
FF81FFFC
FF81FFFC
FF8007FC
7F8007FC
7FC007FC
7FC007FC
3FE007FC
3FF00FFC
1FFFFFFC
1FFFFFFC
0FFFFFFC
07FFFFF0
01FFFFE0
00FFFF80
001FF800
ENDCHAR
STARTCHAR gbreve
ENCODING 287
SWIDTH 575 0
DWIDTH 29 0
BBX 25 47 1 -10
BITMAP
1F80F800
1F81F800
0FC1F800
0FE7F800
07FFF000
07FFE000
01FFC000
007F0000
00000000
00000000
00000000
00FE3F80
03FF3F80
0FFFFF80
1FFFFF80
1FFFFF80
3FFFFF80
3FF1FF80
7FC07F80
7FC07F80
7F807F80
FF807F80
FF807F80
FF807F80
FF807F80
FF807F80
FF807F80
7F807F80
7FC07F80
7FC07F80
3FF1FF80
3FFFFF80
1FFFFF80
1FFFFF80
0FFFFF80
03FF7F80
00FC7F80
00007F80
04007F80
0600FF80
0F83FF80
1FFFFF00
1FFFFE00
1FFFFC00
0FFFF800
07FFF000
00FF8000
ENDCHAR
STARTCHAR Gdotaccent
ENCODING 288
SWIDTH 681 0
DWIDTH 34 0
BBX 30 46 2 0
BITMAP
0007C000
000FE000
000FF000
000FF000
000FF000
000FE000
0007C000
00000000
00000000
00000000
001FF000
00FFFE00
01FFFF80
07FFFFC0
0FFFFFE0
1FFFFFF0
1FFFFFF0
3FF01FF8
3FE00FF8
7FC007F8
7FC007FC
7F8007FC
FF800000
FF800000
FF800000
FF800000
FF800000
FF81FFFC
FF81FFFC
FF81FFFC
FF81FFFC
FF81FFFC
FF81FFFC
FF8007FC
7F8007FC
7FC007FC
7FC007FC
3FE007FC
3FF00FFC
1FFFFFFC
1FFFFFFC
0FFFFFFC
07FFFFF0
01FFFFE0
00FFFF80
001FF800
ENDCHAR
STARTCHAR gdotaccent
ENCODING 289
SWIDTH 575 0
DWIDTH 29 0
BBX 25 47 1 -10
BITMAP
003E0000
007F0000
007F8000
007F8000
007F8000
007F0000
003E0000
00000000
00000000
00000000
00000000
00FE3F80
03FF3F80
0FFFFF80
1FFFFF80
1FFFFF80
3FFFFF80
3FF1FF80
7FC07F80
7FC07F80
7F807F80
FF807F80
FF807F80
FF807F80
FF807F80
FF807F80
FF807F80
7F807F80
7FC07F80
7FC07F80
3FF1FF80
3FFFFF80
1FFFFF80
1FFFFF80
0FFFFF80
03FF7F80
00FC7F80
00007F80
04007F80
0600FF80
0F83FF80
1FFFFF00
1FFFFE00
1FFFFC00
0FFFF800
07FFF000
00FF8000
ENDCHAR
STARTCHAR uni0122
ENCODING 290
SWIDTH 681 0
DWIDTH 34 0
BBX 30 50 2 -14
BITMAP
001FF000
00FFFE00
01FFFF80
07FFFFC0
0FFFFFE0
1FFFFFF0
1FFFFFF0
3FF01FF8
3FE00FF8
7FC007F8
7FC007FC
7F8007FC
FF800000
FF800000
FF800000
FF800000
FF800000
FF81FFFC
FF81FFFC
FF81FFFC
FF81FFFC
FF81FFFC
FF81FFFC
FF8007FC
7F8007FC
7FC007FC
7FC007FC
3FE007FC
3FF00FFC
1FFFFFFC
1FFFFFFC
0FFFFFFC
07FFFFF0
01FFFFE0
00FFFF80
001FF800
00000000
00000000
00000000
0007C000
0007C000
0007C000
0007C000
0007C000
000FC000
000F8000
000F8000
001F0000
000F0000
00020000
ENDCHAR
STARTCHAR uni0123
ENCODING 291
SWIDTH 575 0
DWIDTH 29 0
BBX 25 51 1 -10
BITMAP
00060000
000F8000
001F8000
001F8000
003F0000
003F0000
003F0000
003F0000
003F0000
003F0000
003F0000
00000000
00000000
00000000
00000000
00FE3F80
03FF3F80
0FFFFF80
1FFFFF80
1FFFFF80
3FFFFF80
3FF1FF80
7FC07F80
7FC07F80
7F807F80
FF807F80
FF807F80
FF807F80
FF807F80
FF807F80
FF807F80
7F807F80
7FC07F80
7FC07F80
3FF1FF80
3FFFFF80
1FFFFF80
1FFFFF80
0FFFFF80
03FF7F80
00FC7F80
00007F80
04007F80
0600FF80
0F83FF80
1FFFFF00
1FFFFE00
1FFFFC00
0FFFF800
07FFF000
00FF8000
ENDCHAR
STARTCHAR Hcircumflex
ENCODING 292
SWIDTH 702 0
DWIDTH 35 0
BBX 29 46 3 0
BITMAP
000FC000
003FE000
007FF000
00FFF800
01FDFC00
03F87F00
0FE03F80
00000000
00000000
00000000
FF0007F8
FF0007F8
FF0007F8
FF0007F8
FF0007F8
FF0007F8
FF0007F8
FF0007F8
FF0007F8
FF0007F8
FF0007F8
FF0007F8
FF0007F8
FF0007F8
FFFFFFF8
FFFFFFF8
FFFFFFF8
FFFFFFF8
FFFFFFF8
FFFFFFF8
FFFFFFF8
FF0007F8
FF0007F8
FF0007F8
FF0007F8
FF0007F8
FF0007F8
FF0007F8
FF0007F8
FF0007F8
FF0007F8
FF0007F8
FF0007F8
FF0007F8
FF0007F8
FF0007F8
ENDCHAR
STARTCHAR hcircumflex
ENCODING 293
SWIDTH 564 0
DWIDTH 28 0
BBX 24 46 2 0
BITMAP
00FC00
03FE00
07FF00
0FFF80
1FDFC0
3F87F0
FE03F8
000000
FF0000
FF0000
FF0000
FF0000
FF0000
FF0000
FF0000
FF0000
FF0000
FF0000
FF0000
FF0000
FF0FE0
FF3FF8
FF7FFC
FFFFFC
FFFFFE
FFFFFE
FFC7FF
FF81FF
FF01FF
FF00FF
FF00FF
FF00FF
FF00FF
FF00FF
FF00FF
FF00FF
FF00FF
FF00FF
FF00FF
FF00FF
FF00FF
FF00FF
FF00FF
FF00FF
FF00FF
FF00FF
ENDCHAR
STARTCHAR Hbar
ENCODING 294
SWIDTH 729 0
DWIDTH 36 0
BBX 35 36 1 0
BITMAP
3FE001FF00
3FE001FF00
3FE001FF00
3FE001FF00
3FE001FF00
3FE001FF00
FFFFFFFFE0
FFFFFFFFE0
FFFFFFFFE0
FFFFFFFFE0
3FE001FF00
3FE001FF00
3FE001FF00
3FE001FF00
3FFFFFFF00
3FFFFFFF00
3FFFFFFF00
3FFFFFFF00
3FFFFFFF00
3FFFFFFF00
3FFFFFFF00
3FE001FF00
3FE001FF00
3FE001FF00
3FE001FF00
3FE001FF00
3FE001FF00
3FE001FF00
3FE001FF00
3FE001FF00
3FE001FF00
3FE001FF00
3FE001FF00
3FE001FF00
3FE001FF00
3FE001FF00
ENDCHAR
STARTCHAR hbar
ENCODING 295
SWIDTH 579 0
DWIDTH 29 0
BBX 28 38 -1 0
BITMAP
0FF00000
0FF00000
0FF00000
0FF00000
FFFFC000
FFFFC000
FFFFC000
FFFFC000
FFFFC000
0FF00000
0FF00000
0FF00000
0FF0FC00
0FF3FF00
0FF7FF80
0FFFFFC0
0FFFFFE0
0FFFFFE0
0FFC7FE0
0FF01FF0
0FF01FF0
0FF01FF0
0FF01FF0
0FF01FF0
0FF01FF0
0FF01FF0
0FF01FF0
0FF01FF0
0FF01FF0
0FF01FF0
0FF01FF0
0FF01FF0
0FF01FF0
0FF01FF0
0FF01FF0
0FF01FF0
0FF01FF0
0FF01FF0
ENDCHAR
STARTCHAR Itilde
ENCODING 296
SWIDTH 302 0
DWIDTH 15 0
BBX 19 46 -2 0
BITMAP
1F03E0
3FC3C0
7FFFC0
FFFFC0
FFFF80
F87F00
F01E00
000000
000000
000000
07FC00
07FC00
07FC00
07FC00
07FC00
07FC00
07FC00
07FC00
07FC00
07FC00
07FC00
07FC00
07FC00
07FC00
07FC00
07FC00
07FC00
07FC00
07FC00
07FC00
07FC00
07FC00
07FC00
07FC00
07FC00
07FC00
07FC00
07FC00
07FC00
07FC00
07FC00
07FC00
07FC00
07FC00
07FC00
07FC00
ENDCHAR
STARTCHAR itilde
ENCODING 297
SWIDTH 285 0
DWIDTH 14 0
BBX 19 37 -2 0
BITMAP
1F03E0
3FC3C0
7FFFC0
FFFFC0
FFFF80
F87F00
F01E00
000000
000000
000000
000000
07F800
07F800
07F800
07F800
07F800
07F800
07F800
07F800
07F800
07F800
07F800
07F800
07F800
07F800
07F800
07F800
07F800
07F800
07F800
07F800
07F800
07F800
07F800
07F800
07F800
07F800
ENDCHAR
STARTCHAR Imacron
ENCODING 298
SWIDTH 302 0
DWIDTH 15 0
BBX 17 44 -1 0
BITMAP
FFFF80
FFFF80
FFFF80
FFFF80
000000
000000
000000
000000
0FF800
0FF800
0FF800
0FF800
0FF800
0FF800
0FF800
0FF800
0FF800
0FF800
0FF800
0FF800
0FF800
0FF800
0FF800
0FF800
0FF800
0FF800
0FF800
0FF800
0FF800
0FF800
0FF800
0FF800
0FF800
0FF800
0FF800
0FF800
0FF800
0FF800
0FF800
0FF800
0FF800
0FF800
0FF800
0FF800
ENDCHAR
STARTCHAR imacron
ENCODING 299
SWIDTH 285 0
DWIDTH 14 0
BBX 17 36 -2 0
BITMAP
FFFF80
FFFF80
FFFF80
FFFF80
000000
000000
000000
000000
000000
000000
07F800
07F800
07F800
07F800
07F800
07F800
07F800
07F800
07F800
07F800
07F800
07F800
07F800
07F800
07F800
07F800
07F800
07F800
07F800
07F800
07F800
07F800
07F800
07F800
07F800
07F800
ENDCHAR
STARTCHAR Ibreve
ENCODING 300
SWIDTH 302 0
DWIDTH 15 0
BBX 18 46 -2 0
BITMAP
FC07C0
FC0FC0
7E0FC0
7F3FC0
3FFF80
3FFF00
0FFE00
03F800
000000
000000
07FC00
07FC00
07FC00
07FC00
07FC00
07FC00
07FC00
07FC00
07FC00
07FC00
07FC00
07FC00
07FC00
07FC00
07FC00
07FC00
07FC00
07FC00
07FC00
07FC00
07FC00
07FC00
07FC00
07FC00
07FC00
07FC00
07FC00
07FC00
07FC00
07FC00
07FC00
07FC00
07FC00
07FC00
07FC00
07FC00
ENDCHAR
STARTCHAR ibreve
ENCODING 301
SWIDTH 285 0
DWIDTH 14 0
BBX 18 38 -2 0
BITMAP
FC07C0
FC0FC0
7E0FC0
7F3FC0
3FFF80
3FFF00
0FFE00
03F800
000000
000000
000000
000000
07F800
07F800
07F800
07F800
07F800
07F800
07F800
07F800
07F800
07F800
07F800
07F800
07F800
07F800
07F800
07F800
07F800
07F800
07F800
07F800
07F800
07F800
07F800
07F800
07F800
07F800
ENDCHAR
STARTCHAR Iogonek
ENCODING 302
SWIDTH 302 0
DWIDTH 15 0
BBX 11 47 1 -11
BITMAP
3FE0
3FE0
3FE0
3FE0
3FE0
3FE0
3FE0
3FE0
3FE0
3FE0
3FE0
3FE0
3FE0
3FE0
3FE0
3FE0
3FE0
3FE0
3FE0
3FE0
3FE0
3FE0
3FE0
3FE0
3FE0
3FE0
3FE0
3FE0
3FE0
3FE0
3FE0
3FE0
3FE0
3FE0
3FE0
3FE0
3F00
7E00
FC00
FC00
FC00
FC80
FF80
FF80
7F80
3FC0
0400
ENDCHAR
STARTCHAR iogonek
ENCODING 303
SWIDTH 274 0
DWIDTH 14 0
BBX 10 48 1 -11
BITMAP
1F00
3FC0
3FC0
7FC0
7FC0
3FC0
3F80
1F00
0000
0000
0000
3FC0
3FC0
3FC0
3FC0
3FC0
3FC0
3FC0
3FC0
3FC0
3FC0
3FC0
3FC0
3FC0
3FC0
3FC0
3FC0
3FC0
3FC0
3FC0
3FC0
3FC0
3FC0
3FC0
3FC0
3FC0
3FC0
3F00
7E00
FC00
FC00
FC00
FC80
FF80
FF80
7F80
3FC0
0400
ENDCHAR
STARTCHAR Idotaccent
ENCODING 304
SWIDTH 302 0
DWIDTH 15 0
BBX 9 46 3 0
BITMAP
3E00
7F00
7F80
7F80
7F80
7F00
3E00
0000
0000
0000
FF80
FF80
FF80
FF80
FF80
FF80
FF80
FF80
FF80
FF80
FF80
FF80
FF80
FF80
FF80
FF80
FF80
FF80
FF80
FF80
FF80
FF80
FF80
FF80
FF80
FF80
FF80
FF80
FF80
FF80
FF80
FF80
FF80
FF80
FF80
FF80
ENDCHAR
STARTCHAR dotlessi
ENCODING 305
SWIDTH 285 0
DWIDTH 14 0
BBX 8 26 3 0
BITMAP
FF
FF
FF
FF
FF
FF
FF
FF
FF
FF
FF
FF
FF
FF
FF
FF
FF
FF
FF
FF
FF
FF
FF
FF
FF
FF
ENDCHAR
STARTCHAR IJ
ENCODING 306
SWIDTH 864 0
DWIDTH 43 0
BBX 37 36 3 0
BITMAP
FF800007F8
FF800007F8
FF800007F8
FF800007F8
FF800007F8
FF800007F8
FF800007F8
FF800007F8
FF800007F8
FF800007F8
FF800007F8
FF800007F8
FF800007F8
FF800007F8
FF800007F8
FF800007F8
FF800007F8
FF800007F8
FF800007F8
FF800007F8
FF800007F8
FF800007F8
FF800007F8
FF800007F8
FF800007F8
FF87FC07F8
FF87FC07F8
FF87FC0FF8
FF87FC1FF8
FF83FFFFF0
FF83FFFFF0
FF81FFFFE0
FF81FFFFC0
FF807FFF80
FF803FFF00
FF8007F800
ENDCHAR
STARTCHAR ij
ENCODING 307
SWIDTH 545 0
DWIDTH 27 0
BBX 23 47 2 -10
BITMAP
3E00F8
7F81FE
7F81FE
FF83FE
FF83FE
7F81FE
7F01FE
3E0078
000000
000000
000000
7F81FE
7F81FE
7F81FE
7F81FE
7F81FE
7F81FE
7F81FE
7F81FE
7F81FE
7F81FE
7F81FE
7F81FE
7F81FE
7F81FE
7F81FE
7F81FE
7F81FE
7F81FE
7F81FE
7F81FE
7F81FE
7F81FE
7F81FE
7F81FE
7F81FE
7F81FE
0001FE
0001FE
0003FE
004FFE
007FFC
007FFC
007FF8
007FF0
007FE0
007F80
ENDCHAR
STARTCHAR Jcircumflex
ENCODING 308
SWIDTH 562 0
DWIDTH 28 0
BBX 30 46 1 0
BITMAP
00007E00
0001FF00
0003FF80
0007FFC0
000FEFE0
001FC3F8
007F01FC
00000000
00000000
00000000
0000FF00
0000FF00
0000FF00
0000FF00
0000FF00
0000FF00
0000FF00
0000FF00
0000FF00
0000FF00
0000FF00
0000FF00
0000FF00
0000FF00
0000FF00
0000FF00
0000FF00
0000FF00
0000FF00
0000FF00
0000FF00
0000FF00
0000FF00
0000FF00
0000FF00
FF80FF00
FF80FF00
FF81FF00
FF83FF00
7FFFFE00
7FFFFE00
3FFFFC00
3FFFF800
0FFFF000
07FFE000
00FF0000
ENDCHAR
STARTCHAR jcircumflex
ENCODING 309
SWIDTH 295 0
DWIDTH 15 0
BBX 21 46 -4 -10
BITMAP
00FC00
03FE00
07FF00
0FFF80
1FDFC0
3F87F0
FE03F8
000000
000000
000000
01FF00
01FF00
01FF00
01FF00
01FF00
01FF00
01FF00
01FF00
01FF00
01FF00
01FF00
01FF00
01FF00
01FF00
01FF00
01FF00
01FF00
01FF00
01FF00
01FF00
01FF00
01FF00
01FF00
01FF00
01FF00
01FF00
01FF00
01FF00
01FE00
23FE00
3FFE00
3FFC00
3FFC00
3FF800
3FF000
3FC000
ENDCHAR
STARTCHAR uni0136
ENCODING 310
SWIDTH 639 0
DWIDTH 32 0
BBX 29 48 3 -12
BITMAP
FF001FF8
FF003FF0
FF007FF0
FF007FE0
FF00FFC0
FF01FF80
FF01FF80
FF03FF00
FF07FE00
FF0FFC00
FF0FFC00
FF1FF800
FF3FF000
FF3FE000
FF7FE000
FF7FC000
FFFFC000
FFFFC000
FFFFE000
FFFFF000
FFFFF000
FFFFF800
FFFFF800
FFEFFC00
FFC7FE00
FF87FE00
FF03FF00
FF01FF00
FF01FF80
FF00FFC0
FF00FFC0
FF007FE0
FF007FE0
FF003FF0
FF001FF8
FF001FF8
00000000
003E0000
003E0000
003E0000
003E0000
003E0000
007E0000
007C0000
007C0000
00F80000
00780000
00100000
ENDCHAR
STARTCHAR uni0137
ENCODING 311
SWIDTH 546 0
DWIDTH 27 0
BBX 26 50 2 -12
BITMAP
FF800000
FF800000
FF800000
FF800000
FF800000
FF800000
FF800000
FF800000
FF800000
FF800000
FF800000
FF800000
FF81FF80
FF83FF00
FF83FE00
FF87FC00
FF8FFC00
FF9FF800
FFBFF000
FFBFE000
FFFFC000
FFFF8000
FFFF0000
FFFF8000
FFFF8000
FFFFC000
FFFFE000
FFFFE000
FFFFF000
FFCFF800
FF8FF800
FF87FC00
FF87FE00
FF83FE00
FF81FF00
FF81FF80
FF80FF80
FF80FFC0
00000000
003E0000
003E0000
003E0000
003E0000
003E0000
007E0000
007C0000
007C0000
00F80000
00780000
00100000
ENDCHAR
STARTCHAR kgreenlandic
ENCODING 312
SWIDTH 606 0
DWIDTH 30 0
BBX 26 26 3 0
BITMAP
FF01FFC0
FF01FF80
FF03FF80
FF03FF00
FF07FE00
FF07FE00
FF0FFC00
FF1FF800
FF1FF800
FFFFF000
FFFFE000
FFFFE000
FFFFC000
FFFFE000
FFFFE000
FFFFF000
FFFFF800
FF1FF800
FF0FFC00
FF0FFE00
FF07FE00
FF03FF00
FF03FF00
FF01FF80
FF01FFC0
FF00FFC0
ENDCHAR
STARTCHAR Lacute
ENCODING 313
SWIDTH 541 0
DWIDTH 27 0
BBX 23 46 3 0
BITMAP
07F800
0FF000
0FF000
1FE000
3FC000
3F8000
7F0000
FE0000
000000
000000
FF0000
FF0000
FF0000
FF0000
FF0000
FF0000
FF0000
FF0000
FF0000
FF0000
FF0000
FF0000
FF0000
FF0000
FF0000
FF0000
FF0000
FF0000
FF0000
FF0000
FF0000
FF0000
FF0000
FF0000
FF0000
FF0000
FF0000
FF0000
FF0000
FFFFFE
FFFFFE
FFFFFE
FFFFFE
FFFFFE
FFFFFE
FFFFFE
ENDCHAR
STARTCHAR lacute
ENCODING 314
SWIDTH 274 0
DWIDTH 14 0
BBX 13 49 3 0
BITMAP
07F8
0FF0
0FF0
1FE0
3FC0
3F80
7F00
FE00
0000
0000
0000
FF00
FF00
FF00
FF00
FF00
FF00
FF00
FF00
FF00
FF00
FF00
FF00
FF00
FF00
FF00
FF00
FF00
FF00
FF00
FF00
FF00
FF00
FF00
FF00
FF00
FF00
FF00
FF00
FF00
FF00
FF00
FF00
FF00
FF00
FF00
FF00
FF00
FF00
ENDCHAR
STARTCHAR uni013B
ENCODING 315
SWIDTH 541 0
DWIDTH 27 0
BBX 23 50 3 -14
BITMAP
FF0000
FF0000
FF0000
FF0000
FF0000
FF0000
FF0000
FF0000
FF0000
FF0000
FF0000
FF0000
FF0000
FF0000
FF0000
FF0000
FF0000
FF0000
FF0000
FF0000
FF0000
FF0000
FF0000
FF0000
FF0000
FF0000
FF0000
FF0000
FF0000
FFFFFE
FFFFFE
FFFFFE
FFFFFE
FFFFFE
FFFFFE
FFFFFE
000000
000000
000000
007C00
007C00
007C00
007C00
007C00
00FC00
00F800
00F800
01F000
00F000
002000
ENDCHAR
STARTCHAR uni013C
ENCODING 316
SWIDTH 274 0
DWIDTH 14 0
BBX 9 52 2 -14
BITMAP
7F80
7F80
7F80
7F80
7F80
7F80
7F80
7F80
7F80
7F80
7F80
7F80
7F80
7F80
7F80
7F80
7F80
7F80
7F80
7F80
7F80
7F80
7F80
7F80
7F80
7F80
7F80
7F80
7F80
7F80
7F80
7F80
7F80
7F80
7F80
7F80
7F80
7F80
0000
0000
0000
3E00
3E00
3E00
3E00
3E00
7E00
7C00
7C00
F800
7800
1000
ENDCHAR
STARTCHAR Lcaron
ENCODING 317
SWIDTH 541 0
DWIDTH 27 0
BBX 23 36 3 0
BITMAP
FF01F0
FF01F0
FF01F0
FF01F0
FF01F0
FF03F0
FF03E0
FF03E0
FF07C0
FF03C0
FF0080
FF0000
FF0000
FF0000
FF0000
FF0000
FF0000
FF0000
FF0000
FF0000
FF0000
FF0000
FF0000
FF0000
FF0000
FF0000
FF0000
FF0000
FF0000
FFFFFE
FFFFFE
FFFFFE
FFFFFE
FFFFFE
FFFFFE
FFFFFE
ENDCHAR
STARTCHAR lcaron
ENCODING 318
SWIDTH 348 0
DWIDTH 17 0
BBX 17 38 3 0
BITMAP
FF0F80
FF0F80
FF0F80
FF0F80
FF0F80
FF1F80
FF1F00
FF1F00
FF3E00
FF1E00
FF0400
FF0000
FF0000
FF0000
FF0000
FF0000
FF0000
FF0000
FF0000
FF0000
FF0000
FF0000
FF0000
FF0000
FF0000
FF0000
FF0000
FF0000
FF0000
FF0000
FF0000
FF0000
FF0000
FF0000
FF0000
FF0000
FF0000
FF0000
ENDCHAR
STARTCHAR Ldot
ENCODING 319
SWIDTH 541 0
DWIDTH 27 0
BBX 23 36 3 0
BITMAP
FF0000
FF0000
FF0000
FF0000
FF0000
FF0000
FF0000
FF0000
FF0000
FF0000
FF0000
FF0000
FF07C0
FF0FE0
FF0FF0
FF0FF0
FF0FF0
FF0FE0
FF07C0
FF0000
FF0000
FF0000
FF0000
FF0000
FF0000
FF0000
FF0000
FF0000
FF0000
FFFFFE
FFFFFE
FFFFFE
FFFFFE
FFFFFE
FFFFFE
FFFFFE
ENDCHAR
STARTCHAR ldot
ENCODING 320
SWIDTH 382 0
DWIDTH 19 0
BBX 19 38 3 0
BITMAP
FF0000
FF0000
FF0000
FF0000
FF0000
FF0000
FF0000
FF0000
FF0000
FF0000
FF0000
FF0000
FF0000
FF0000
FF0000
FF0000
FF0F80
FF1FC0
FF1FE0
FF1FE0
FF1FE0
FF1FC0
FF0F80
FF0000
FF0000
FF0000
FF0000
FF0000
FF0000
FF0000
FF0000
FF0000
FF0000
FF0000
FF0000
FF0000
FF0000
FF0000
ENDCHAR
STARTCHAR Lslash
ENCODING 321
SWIDTH 566 0
DWIDTH 28 0
BBX 26 36 1 0
BITMAP
1FF00000
1FF00000
1FF00000
1FF00000
1FF00000
1FF00000
1FF00000
1FF00000
1FF00000
1FF00000
1FF00000
1FF00000
1FF30000
1FFF0000
1FFF0000
1FFF0000
FFFF0000
FFF80000
FFF00000
FFF00000
DFF00000
1FF00000
1FF00000
1FF00000
1FF00000
1FF00000
1FF00000
1FF00000
1FF00000
1FFFFFC0
1FFFFFC0
1FFFFFC0
1FFFFFC0
1FFFFFC0
1FFFFFC0
1FFFFFC0
ENDCHAR
STARTCHAR lslash
ENCODING 322
SWIDTH 323 0
DWIDTH 16 0
BBX 14 38 1 0
BITMAP
1FE0
1FE0
1FE0
1FE0
1FE0
1FE0
1FE0
1FE0
1FE0
1FE0
1FE0
1FE0
1FE0
1FE0
1FEC
1FFC
1FFC
1FFC
FFFC
FFE0
FFE0
FFE0
DFE0
1FE0
1FE0
1FE0
1FE0
1FE0
1FE0
1FE0
1FE0
1FE0
1FE0
1FE0
1FE0
1FE0
1FE0
1FE0
ENDCHAR
STARTCHAR Nacute
ENCODING 323
SWIDTH 702 0
DWIDTH 35 0
BBX 29 46 3 0
BITMAP
0000FF00
0001FE00
0001FE00
0003FC00
0007F800
0007F000
000FE000
001FC000
00000000
00000000
FF8007F8
FF8007F8
FFC007F8
FFC007F8
FFE007F8
FFE007F8
FFF007F8
FFF807F8
FFF807F8
FFFC07F8
FFFC07F8
FFFE07F8
FFFE07F8
FFFF07F8
FF7F07F8
FF7F87F8
FF3FC7F8
FF3FC7F8
FF1FE7F8
FF0FE7F8
FF0FF7F8
FF07F7F8
FF07FFF8
FF03FFF8
FF03FFF8
FF01FFF8
FF00FFF8
FF00FFF8
FF007FF8
FF007FF8
FF003FF8
FF003FF8
FF001FF8
FF001FF8
FF000FF8
FF0007F8
ENDCHAR
STARTCHAR nacute
ENCODING 324
SWIDTH 564 0
DWIDTH 28 0
BBX 24 38 2 0
BITMAP
0007F8
000FF0
000FF0
001FE0
003FC0
003F80
007F00
00FE00
000000
000000
000000
000000
FF0FE0
FF3FF8
FF7FFC
FFFFFE
FFFFFE
FFFFFE
FFE7FF
FF81FF
FF00FF
FF00FF
FF00FF
FF00FF
FF00FF
FF00FF
FF00FF
FF00FF
FF00FF
FF00FF
FF00FF
FF00FF
FF00FF
FF00FF
FF00FF
FF00FF
FF00FF
FF00FF
ENDCHAR
STARTCHAR uni0145
ENCODING 325
SWIDTH 702 0
DWIDTH 35 0
BBX 29 50 3 -14
BITMAP
FF8007F8
FF8007F8
FFC007F8
FFC007F8
FFE007F8
FFE007F8
FFF007F8
FFF807F8
FFF807F8
FFFC07F8
FFFC07F8
FFFE07F8
FFFE07F8
FFFF07F8
FF7F07F8
FF7F87F8
FF3FC7F8
FF3FC7F8
FF1FE7F8
FF0FE7F8
FF0FF7F8
FF07F7F8
FF07FFF8
FF03FFF8
FF03FFF8
FF01FFF8
FF00FFF8
FF00FFF8
FF007FF8
FF007FF8
FF003FF8
FF003FF8
FF001FF8
FF001FF8
FF000FF8
FF0007F8
00000000
00000000
00000000
000F8000
000F8000
000F8000
000F8000
000F8000
001F8000
001F0000
001F0000
003E0000
001E0000
00040000
ENDCHAR
STARTCHAR uni0146
ENCODING 326
SWIDTH 564 0
DWIDTH 28 0
BBX 24 40 2 -14
BITMAP
FF0FE0
FF3FF8
FF7FFC
FFFFFE
FFFFFE
FFFFFE
FFE7FF
FF81FF
FF00FF
FF00FF
FF00FF
FF00FF
FF00FF
FF00FF
FF00FF
FF00FF
FF00FF
FF00FF
FF00FF
FF00FF
FF00FF
FF00FF
FF00FF
FF00FF
FF00FF
FF00FF
000000
000000
000000
003E00
003E00
003E00
003E00
003E00
007E00
007C00
007C00
00F800
007800
001000
ENDCHAR
STARTCHAR Ncaron
ENCODING 327
SWIDTH 702 0
DWIDTH 35 0
BBX 29 46 3 0
BITMAP
07F03F80
03F87F00
01FCFE00
00FFFC00
007FF800
001FE000
000FC000
00000000
00000000
00000000
FF8007F8
FF8007F8
FFC007F8
FFC007F8
FFE007F8
FFE007F8
FFF007F8
FFF807F8
FFF807F8
FFFC07F8
FFFC07F8
FFFE07F8
FFFE07F8
FFFF07F8
FF7F07F8
FF7F87F8
FF3FC7F8
FF3FC7F8
FF1FE7F8
FF0FE7F8
FF0FF7F8
FF07F7F8
FF07FFF8
FF03FFF8
FF03FFF8
FF01FFF8
FF00FFF8
FF00FFF8
FF007FF8
FF007FF8
FF003FF8
FF003FF8
FF001FF8
FF001FF8
FF000FF8
FF0007F8
ENDCHAR
STARTCHAR ncaron
ENCODING 328
SWIDTH 564 0
DWIDTH 28 0
BBX 24 37 2 0
BITMAP
3F81FC
1FC3F8
0FE7F0
07FFE0
03FFC0
00FF00
007E00
000000
000000
000000
000000
FF0FE0
FF3FF8
FF7FFC
FFFFFE
FFFFFE
FFFFFE
FFE7FF
FF81FF
FF00FF
FF00FF
FF00FF
FF00FF
FF00FF
FF00FF
FF00FF
FF00FF
FF00FF
FF00FF
FF00FF
FF00FF
FF00FF
FF00FF
FF00FF
FF00FF
FF00FF
FF00FF
ENDCHAR
STARTCHAR napostrophe
ENCODING 329
SWIDTH 564 0
DWIDTH 28 0
BBX 29 38 -3 0
BITMAP
3E000000
3E000000
3E000000
3E000000
3E000000
7E000000
7C000000
7C000000
F8000000
78000000
10000000
00000000
07F87F00
07F9FFC0
07FBFFE0
07FFFFF0
07FFFFF0
07FFFFF0
07FF3FF8
07FC0FF8
07F807F8
07F807F8
07F807F8
07F807F8
07F807F8
07F807F8
07F807F8
07F807F8
07F807F8
07F807F8
07F807F8
07F807F8
07F807F8
07F807F8
07F807F8
07F807F8
07F807F8
07F807F8
ENDCHAR
STARTCHAR Eng
ENCODING 330
SWIDTH 709 0
DWIDTH 35 0
BBX 30 47 3 -11
BITMAP
FF8007FC
FF8007FC
FFC007FC
FFC007FC
FFE007FC
FFE007FC
FFF007FC
FFF807FC
FFF807FC
FFFC07FC
FFFC07FC
FFFE07FC
FFFE07FC
FFFF07FC
FF7F87FC
FF7F87FC
FF3FC7FC
FF1FC7FC
FF1FE7FC
FF0FE7FC
FF0FF7FC
FF07FFFC
FF07FFFC
FF03FFFC
FF01FFFC
FF01FFFC
FF00FFFC
FF00FFFC
FF007FFC
FF007FFC
FF003FFC
FF001FFC
FF001FFC
FF000FFC
FF000FFC
FF0007FC
000007FC
000007FC
000007FC
00000FF8
0000FFF8
0000FFF8
0000FFF0
0000FFF0
0000FFE0
0001FF80
0001FE00
ENDCHAR
STARTCHAR eng
ENCODING 331
SWIDTH 562 0
DWIDTH 28 0
BBX 24 36 2 -10
BITMAP
FF07E0
FF1FF8
FF3FFC
FF7FFE
FFFFFE
FFFFFE
FFE3FF
FF81FF
FF01FF
FF00FF
FF00FF
FF00FF
FF00FF
FF00FF
FF00FF
FF00FF
FF00FF
FF00FF
FF00FF
FF00FF
FF00FF
FF00FF
FF00FF
FF00FF
FF00FF
FF00FF
0000FF
0000FF
0001FF
0023FF
003FFE
003FFE
003FFC
003FF8
003FF0
003FC0
ENDCHAR
STARTCHAR Omacron
ENCODING 332
SWIDTH 690 0
DWIDTH 35 0
BBX 31 44 2 0
BITMAP
03FFFE00
03FFFE00
03FFFE00
03FFFE00
00000000
00000000
00000000
00000000
001FE000
00FFFC00
03FFFF00
07FFFF80
0FFFFFC0
1FFFFFE0
1FFFFFF0
3FF03FF8
7FE00FF8
7FC00FF8
7FC007FC
FF8007FC
FF8003FC
FF8003FE
FF8003FE
FF0003FE
FF0003FE
FF0003FE
FF0003FE
FF0003FE
FF0003FE
FF8003FE
FF8003FC
FF8003FC
FF8007FC
7FC007FC
7FC00FF8
7FE00FF8
3FF03FF0
1FFFFFF0
1FFFFFE0
0FFFFFC0
07FFFF80
01FFFF00
00FFFC00
001FE000
ENDCHAR
STARTCHAR omacron
ENCODING 333
SWIDTH 562 0
DWIDTH 28 0
BBX 26 35 1 0
BITMAP
0FFFF800
0FFFF800
0FFFF800
0FFFF800
00000000
00000000
00000000
00000000
00000000
007F8000
03FFF000
07FFF800
0FFFFC00
1FFFFE00
3FFFFF00
3FF3FF00
7FC0FF80
7F807F80
7F807F80
FF807FC0
FF807FC0
FF803FC0
FF803FC0
FF803FC0
FF807FC0
7F807F80
7F807F80
7FC0FF80
3FF3FF00
3FFFFF00
1FFFFE00
0FFFFC00
07FFF800
03FFF000
007F8000
ENDCHAR
STARTCHAR Obreve
ENCODING 334
SWIDTH 690 0
DWIDTH 35 0
BBX 31 46 2 0
BITMAP
03F01F00
03F03F00
01F83F00
01FCFF00
00FFFE00
00FFFC00
003FF800
000FE000
00000000
00000000
001FE000
00FFFC00
03FFFF00
07FFFF80
0FFFFFC0
1FFFFFE0
1FFFFFF0
3FF03FF8
7FE00FF8
7FC00FF8
7FC007FC
FF8007FC
FF8003FC
FF8003FE
FF8003FE
FF0003FE
FF0003FE
FF0003FE
FF0003FE
FF0003FE
FF0003FE
FF8003FE
FF8003FC
FF8003FC
FF8007FC
7FC007FC
7FC00FF8
7FE00FF8
3FF03FF0
1FFFFFF0
1FFFFFE0
0FFFFFC0
07FFFF80
01FFFF00
00FFFC00
001FE000
ENDCHAR
STARTCHAR obreve
ENCODING 335
SWIDTH 562 0
DWIDTH 28 0
BBX 26 37 1 0
BITMAP
0FC07C00
0FC0FC00
07E0FC00
07F3FC00
03FFF800
03FFF000
00FFE000
003F8000
00000000
00000000
00000000
007F8000
03FFF000
07FFF800
0FFFFC00
1FFFFE00
3FFFFF00
3FF3FF00
7FC0FF80
7F807F80
7F807F80
FF807FC0
FF807FC0
FF803FC0
FF803FC0
FF803FC0
FF807FC0
7F807F80
7F807F80
7FC0FF80
3FF3FF00
3FFFFF00
1FFFFE00
0FFFFC00
07FFF800
03FFF000
007F8000
ENDCHAR
STARTCHAR Ohungarumlaut
ENCODING 336
SWIDTH 690 0
DWIDTH 35 0
BBX 31 45 2 0
BITMAP
001FC3F0
001F87E0
003F8FC0
007F1FC0
007E3F80
00FC3F00
01F87E00
00000000
00000000
001FE000
00FFFC00
03FFFF00
07FFFF80
0FFFFFC0
1FFFFFE0
1FFFFFF0
3FF03FF8
7FE00FF8
7FC00FF8
7FC007FC
FF8007FC
FF8003FC
FF8003FE
FF8003FE
FF0003FE
FF0003FE
FF0003FE
FF0003FE
FF0003FE
FF0003FE
FF8003FE
FF8003FC
FF8003FC
FF8007FC
7FC007FC
7FC00FF8
7FE00FF8
3FF03FF0
1FFFFFF0
1FFFFFE0
0FFFFFC0
07FFFF80
01FFFF00
00FFFC00
001FE000
ENDCHAR
STARTCHAR ohungarumlaut
ENCODING 337
SWIDTH 562 0
DWIDTH 28 0
BBX 26 36 1 0
BITMAP
007F0FC0
007E1F80
00FE3F00
01FC7F00
01F8FE00
03F0FC00
07E1F800
00000000
00000000
00000000
007F8000
03FFF000
07FFF800
0FFFFC00
1FFFFE00
3FFFFF00
3FF3FF00
7FC0FF80
7F807F80
7F807F80
FF807FC0
FF807FC0
FF803FC0
FF803FC0
FF803FC0
FF807FC0
7F807F80
7F807F80
7FC0FF80
3FF3FF00
3FFFFF00
1FFFFE00
0FFFFC00
07FFF800
03FFF000
007F8000
ENDCHAR
STARTCHAR OE
ENCODING 338
SWIDTH 974 0
DWIDTH 49 0
BBX 45 36 2 0
BITMAP
001FFFFFFFF8
00FFFFFFFFF8
03FFFFFFFFF8
07FFFFFFFFF8
0FFFFFFFFFF8
1FFFFFFFFFF8
3FFC1FFFFFF8
3FE00FF80000
7FC00FF80000
7FC00FF80000
7F800FF80000
FF800FF80000
FF800FF80000
FF800FF80000
FF800FF80000
FF800FFFFFC0
FF800FFFFFC0
FF800FFFFFC0
FF800FFFFFC0
FF800FFFFFC0
FF800FFFFFC0
FF800FF80000
FF800FF80000
FF800FF80000
FF800FF80000
7F800FF80000
7FC00FF80000
7FC00FF80000
3FE00FF80000
3FFC1FFFFFF8
1FFFFFFFFFF8
0FFFFFFFFFF8
07FFFFFFFFF8
03FFFFFFFFF8
00FFFFFFFFF8
001FFFFFFFF8
ENDCHAR
STARTCHAR oe
ENCODING 339
SWIDTH 900 0
DWIDTH 45 0
BBX 41 26 2 0
BITMAP
00FF803FC000
03FFE1FFF000
0FFFFBFFFC00
1FFFFFFFFE00
3FFFFFFFFE00
3FFFFFFFFF00
7FE3FFF9FF00
7FC0FFE0FF80
FF80FFC07F80
FF007FC07F80
FF007FFFFF80
FF007FFFFF80
FF007FFFFF80
FF007FFFFF80
FF007FFFFF80
FF007FC00000
FF007FC00000
FF80FFE00000
7FC0FFF00600
7FE3FFFC3E00
3FFFFFFFFF00
3FFFFFFFFF00
1FFFFFFFFF00
0FFFFBFFFF00
03FFE0FFFC00
00FF803FE000
ENDCHAR
STARTCHAR Racute
ENCODING 340
SWIDTH 652 0
DWIDTH 33 0
BBX 28 46 3 0
BITMAP
0007F800
000FF000
000FF000
001FE000
003FC000
003F8000
007F0000
00FE0000
00000000
00000000
FFFFE000
FFFFF800
FFFFFE00
FFFFFF00
FFFFFF80
FFFFFFC0
FFFFFFC0
FF007FE0
FF003FE0
FF003FE0
FF003FE0
FF001FE0
FF003FE0
FF003FE0
FF003FE0
FF007FC0
FFFFFFC0
FFFFFF80
FFFFFF00
FFFFFE00
FFFFFC00
FFFFF800
FFFFFC00
FF07FC00
FF03FE00
FF03FE00
FF01FF00
FF01FF00
FF00FF80
FF00FF80
FF00FFC0
FF007FC0
FF007FE0
FF003FE0
FF003FF0
FF001FF0
ENDCHAR
STARTCHAR racute
ENCODING 341
SWIDTH 378 0
DWIDTH 19 0
BBX 17 38 2 0
BITMAP
007F80
00FF00
00FF00
01FE00
03FC00
03F800
07F000
0FE000
000000
000000
000000
000000
FF0F00
FF3F00
FF7F00
FF7F00
FFFF00
FFFF00
FFFF00
FFFF00
FFC000
FF8000
FF8000
FF8000
FF8000
FF8000
FF8000
FF8000
FF8000
FF8000
FF8000
FF8000
FF8000
FF8000
FF8000
FF8000
FF8000
FF8000
ENDCHAR
STARTCHAR uni0156
ENCODING 342
SWIDTH 652 0
DWIDTH 33 0
BBX 28 50 3 -14
BITMAP
FFFFE000
FFFFF800
FFFFFE00
FFFFFF00
FFFFFF80
FFFFFFC0
FFFFFFC0
FF007FE0
FF003FE0
FF003FE0
FF003FE0
FF001FE0
FF003FE0
FF003FE0
FF003FE0
FF007FC0
FFFFFFC0
FFFFFF80
FFFFFF00
FFFFFE00
FFFFFC00
FFFFF800
FFFFFC00
FF07FC00
FF03FE00
FF03FE00
FF01FF00
FF01FF00
FF00FF80
FF00FF80
FF00FFC0
FF007FC0
FF007FE0
FF003FE0
FF003FF0
FF001FF0
00000000
00000000
00000000
003E0000
003E0000
003E0000
003E0000
003E0000
007E0000
007C0000
007C0000
00F80000
00780000
00100000
ENDCHAR
STARTCHAR uni0157
ENCODING 343
SWIDTH 378 0
DWIDTH 19 0
BBX 16 40 2 -14
BITMAP
FF0F
FF3F
FF7F
FF7F
FFFF
FFFF
FFFF
FFFF
FFC0
FF80
FF80
FF80
FF80
FF80
FF80
FF80
FF80
FF80
FF80
FF80
FF80
FF80
FF80
FF80
FF80
FF80
0000
0000
0000
3E00
3E00
3E00
3E00
3E00
7E00
7C00
7C00
F800
7800
1000
ENDCHAR
STARTCHAR Rcaron
ENCODING 344
SWIDTH 652 0
DWIDTH 33 0
BBX 28 46 3 0
BITMAP
7F03F800
3F87F000
1FCFE000
0FFFC000
07FF8000
01FE0000
00FC0000
00000000
00000000
00000000
FFFFE000
FFFFF800
FFFFFE00
FFFFFF00
FFFFFF80
FFFFFFC0
FFFFFFC0
FF007FE0
FF003FE0
FF003FE0
FF003FE0
FF001FE0
FF003FE0
FF003FE0
FF003FE0
FF007FC0
FFFFFFC0
FFFFFF80
FFFFFF00
FFFFFE00
FFFFFC00
FFFFF800
FFFFFC00
FF07FC00
FF03FE00
FF03FE00
FF01FF00
FF01FF00
FF00FF80
FF00FF80
FF00FFC0
FF007FC0
FF007FE0
FF003FE0
FF003FF0
FF001FF0
ENDCHAR
STARTCHAR rcaron
ENCODING 345
SWIDTH 378 0
DWIDTH 19 0
BBX 20 37 0 0
BITMAP
FE07F0
7F0FE0
3F9FC0
1FFF80
0FFF00
03FC00
01F800
000000
000000
000000
000000
3FC3C0
3FCFC0
3FDFC0
3FDFC0
3FFFC0
3FFFC0
3FFFC0
3FFFC0
3FF000
3FE000
3FE000
3FE000
3FE000
3FE000
3FE000
3FE000
3FE000
3FE000
3FE000
3FE000
3FE000
3FE000
3FE000
3FE000
3FE000
3FE000
ENDCHAR
STARTCHAR Sacute
ENCODING 346
SWIDTH 625 0
DWIDTH 31 0
BBX 28 46 2 0
BITMAP
0001FE00
0003FC00
0003FC00
0007F800
000FF000
000FE000
001FC000
003F8000
00000000
00000000
003FE000
01FFFC00
07FFFE00
1FFFFF00
1FFFFF80
3FFFFFC0
7FFDFFE0
7FE03FE0
7FC03FE0
7F801FF0
7F801FF0
7FC00000
7FE00000
7FF80000
3FFE0000
1FFFC000
0FFFF800
07FFFC00
01FFFF00
007FFF80
001FFFC0
0003FFC0
0000FFE0
00003FE0
FF001FE0
FF001FF0
FF801FF0
FF801FE0
FFC03FE0
7FF8FFE0
3FFFFFE0
3FFFFFC0
1FFFFF80
07FFFF00
01FFFC00
003FE000
ENDCHAR
STARTCHAR sacute
ENCODING 347
SWIDTH 512 0
DWIDTH 26 0
BBX 23 37 1 0
BITMAP
000FF0
001FE0
001FE0
003FC0
007F80
007F00
00FE00
01FC00
000000
000000
000000
01FF00
07FFE0
1FFFF0
3FFFF8
3FFFFC
7FEFFE
7F83FE
7F01FE
7F81FE
7FC000
7FFC00
3FFFC0
1FFFF0
0FFFF8
03FFFC
007FFE
0007FE
FF01FE
FF01FE
FF81FE
7FE7FE
7FFFFC
3FFFF8
1FFFF0
07FFE0
01FF00
ENDCHAR
STARTCHAR Scircumflex
ENCODING 348
SWIDTH 625 0
DWIDTH 31 0
BBX 28 45 2 0
BITMAP
000FC000
003FE000
007FF000
00FFF800
01FDFC00
03F87F00
0FE03F80
00000000
00000000
003FE000
01FFFC00
07FFFE00
1FFFFF00
1FFFFF80
3FFFFFC0
7FFDFFE0
7FE03FE0
7FC03FE0
7F801FF0
7F801FF0
7FC00000
7FE00000
7FF80000
3FFE0000
1FFFC000
0FFFF800
07FFFC00
01FFFF00
007FFF80
001FFFC0
0003FFC0
0000FFE0
00003FE0
FF001FE0
FF001FF0
FF801FF0
FF801FE0
FFC03FE0
7FF8FFE0
3FFFFFE0
3FFFFFC0
1FFFFF80
07FFFF00
01FFFC00
003FE000
ENDCHAR
STARTCHAR scircumflex
ENCODING 349
SWIDTH 512 0
DWIDTH 26 0
BBX 23 37 1 0
BITMAP
007E00
01FF00
03FF80
07FFC0
0FEFE0
1FC3F8
7F01FC
000000
000000
000000
000000
01FF00
07FFE0
1FFFF0
3FFFF8
3FFFFC
7FEFFE
7F83FE
7F01FE
7F81FE
7FC000
7FFC00
3FFFC0
1FFFF0
0FFFF8
03FFFC
007FFE
0007FE
FF01FE
FF01FE
FF81FE
7FE7FE
7FFFFC
3FFFF8
1FFFF0
07FFE0
01FF00
ENDCHAR
STARTCHAR Scedilla
ENCODING 350
SWIDTH 625 0
DWIDTH 31 0
BBX 28 48 2 -12
BITMAP
003FE000
01FFFC00
07FFFE00
1FFFFF00
1FFFFF80
3FFFFFC0
7FFDFFE0
7FE03FE0
7FC03FE0
7F801FF0
7F801FF0
7FC00000
7FE00000
7FF80000
3FFE0000
1FFFC000
0FFFF800
07FFFC00
01FFFF00
007FFF80
001FFFC0
0003FFC0
0000FFE0
00003FE0
FF001FE0
FF001FF0
FF801FF0
FF801FE0
FFC03FE0
7FF8FFE0
3FFFFFE0
3FFFFFC0
1FFFFF80
07FFFF00
01FFFC00
003FE000
001F8000
001F8000
003FE000
003FF000
0007F000
0007F800
0007F800
001FF000
001FF000
001FE000
001FC000
001F0000
ENDCHAR
STARTCHAR scedilla
ENCODING 351
SWIDTH 512 0
DWIDTH 26 0
BBX 23 38 1 -12
BITMAP
01FF00
07FFE0
1FFFF0
3FFFF8
3FFFFC
7FEFFE
7F83FE
7F01FE
7F81FE
7FC000
7FFC00
3FFFC0
1FFFF0
0FFFF8
03FFFC
007FFE
0007FE
FF01FE
FF01FE
FF81FE
7FE7FE
7FFFFC
3FFFF8
1FFFF0
07FFE0
01FF00
00FC00
00FC00
01FF00
01FF80
003F80
003FC0
003FC0
00FF80
00FF80
00FF00
00FE00
00F800
ENDCHAR
STARTCHAR Scaron
ENCODING 352
SWIDTH 625 0
DWIDTH 31 0
BBX 28 45 2 0
BITMAP
0FE07F00
07F0FE00
03F9FC00
01FFF800
00FFF000
003FC000
001F8000
00000000
00000000
003FE000
01FFFC00
07FFFE00
1FFFFF00
1FFFFF80
3FFFFFC0
7FFDFFE0
7FE03FE0
7FC03FE0
7F801FF0
7F801FF0
7FC00000
7FE00000
7FF80000
3FFE0000
1FFFC000
0FFFF800
07FFFC00
01FFFF00
007FFF80
001FFFC0
0003FFC0
0000FFE0
00003FE0
FF001FE0
FF001FF0
FF801FF0
FF801FE0
FFC03FE0
7FF8FFE0
3FFFFFE0
3FFFFFC0
1FFFFF80
07FFFF00
01FFFC00
003FE000
ENDCHAR
STARTCHAR scaron
ENCODING 353
SWIDTH 512 0
DWIDTH 26 0
BBX 23 37 1 0
BITMAP
7F03F8
3F87F0
1FCFE0
0FFFC0
07FF80
01FE00
00FC00
000000
000000
000000
000000
01FF00
07FFE0
1FFFF0
3FFFF8
3FFFFC
7FEFFE
7F83FE
7F01FE
7F81FE
7FC000
7FFC00
3FFFC0
1FFFF0
0FFFF8
03FFFC
007FFE
0007FE
FF01FE
FF01FE
FF81FE
7FE7FE
7FFFFC
3FFFF8
1FFFF0
07FFE0
01FF00
ENDCHAR
STARTCHAR uni0162
ENCODING 354
SWIDTH 630 0
DWIDTH 32 0
BBX 30 48 1 -12
BITMAP
FFFFFFFC
FFFFFFFC
FFFFFFFC
FFFFFFFC
FFFFFFFC
FFFFFFFC
FFFFFFFC
003FE000
003FE000
003FE000
003FE000
003FE000
003FE000
003FE000
003FE000
003FE000
003FE000
003FE000
003FE000
003FE000
003FE000
003FE000
003FE000
003FE000
003FE000
003FE000
003FE000
003FE000
003FE000
003FE000
003FE000
003FE000
003FE000
003FE000
003FE000
003FE000
000FC000
000FC000
001FF000
001FF800
0003F800
0003FC00
0003FC00
000FF800
000FF800
000FF000
000FE000
000F8000
ENDCHAR
STARTCHAR uni0163
ENCODING 355
SWIDTH 343 0
DWIDTH 17 0
BBX 17 45 0 -12
BITMAP
0FF000
0FF000
0FF000
0FF000
0FF000
0FF000
0FF000
FFFF00
FFFF00
FFFF00
FFFF00
FFFF00
FFFF00
0FF000
0FF000
0FF000
0FF000
0FF000
0FF000
0FF000
0FF000
0FF000
0FF000
0FF000
0FF000
0FF000
0FFC80
0FFF80
0FFF80
07FF80
07FF80
03FF80
00FF00
01F800
01F800
03FE00
03FF00
007F00
007F80
007F80
01FF00
01FF00
01FE00
01FC00
01F000
ENDCHAR
STARTCHAR Tcaron
ENCODING 356
SWIDTH 630 0
DWIDTH 32 0
BBX 30 46 1 0
BITMAP
07F03F80
03F87F00
01FCFE00
00FFFC00
007FF800
001FE000
000FC000
00000000
00000000
00000000
FFFFFFFC
FFFFFFFC
FFFFFFFC
FFFFFFFC
FFFFFFFC
FFFFFFFC
FFFFFFFC
003FE000
003FE000
003FE000
003FE000
003FE000
003FE000
003FE000
003FE000
003FE000
003FE000
003FE000
003FE000
003FE000
003FE000
003FE000
003FE000
003FE000
003FE000
003FE000
003FE000
003FE000
003FE000
003FE000
003FE000
003FE000
003FE000
003FE000
003FE000
003FE000
ENDCHAR
STARTCHAR tcaron
ENCODING 357
SWIDTH 363 0
DWIDTH 18 0
BBX 22 42 0 0
BITMAP
00007C
00007C
00007C
00007C
00007C
0000FC
0000F8
0000F8
0001F0
0FF0F0
0FF020
0FF000
0FF000
0FF000
0FF000
0FF000
FFFF00
FFFF00
FFFF00
FFFF00
FFFF00
FFFF00
0FF000
0FF000
0FF000
0FF000
0FF000
0FF000
0FF000
0FF000
0FF000
0FF000
0FF000
0FF000
0FF000
0FFC80
0FFF80
0FFF80
07FF80
07FF80
03FF80
00FF00
ENDCHAR
STARTCHAR Tbar
ENCODING 358
SWIDTH 630 0
DWIDTH 32 0
BBX 30 36 1 0
BITMAP
FFFFFFFC
FFFFFFFC
FFFFFFFC
FFFFFFFC
FFFFFFFC
FFFFFFFC
FFFFFFFC
003FE000
003FE000
003FE000
003FE000
003FE000
003FE000
003FE000
07FFFE00
07FFFE00
07FFFE00
07FFFE00
07FFFE00
003FE000
003FE000
003FE000
003FE000
003FE000
003FE000
003FE000
003FE000
003FE000
003FE000
003FE000
003FE000
003FE000
003FE000
003FE000
003FE000
003FE000
ENDCHAR
STARTCHAR tbar
ENCODING 359
SWIDTH 343 0
DWIDTH 17 0
BBX 18 33 -1 0
BITMAP
07F800
07F800
07F800
07F800
07F800
07F800
07F800
7FFF80
7FFF80
7FFF80
7FFF80
7FFF80
7FFF80
07F800
07F800
07F800
FFFFC0
FFFFC0
FFFFC0
FFFFC0
FFFFC0
07F800
07F800
07F800
07F800
07F800
07FE40
07FFC0
07FFC0
03FFC0
03FFC0
01FFC0
007F80
ENDCHAR
STARTCHAR Utilde
ENCODING 360
SWIDTH 664 0
DWIDTH 33 0
BBX 28 46 3 0
BITMAP
01F03E00
03FC3C00
07FFFC00
0FFFFC00
0FFFF800
0F87F000
0F01E000
00000000
00000000
00000000
FF001FF0
FF001FF0
FF001FF0
FF001FF0
FF001FF0
FF001FF0
FF001FF0
FF001FF0
FF001FF0
FF001FF0
FF001FF0
FF001FF0
FF001FF0
FF001FF0
FF001FF0
FF001FF0
FF001FF0
FF001FF0
FF001FF0
FF001FF0
FF001FF0
FF001FF0
FF001FF0
FF001FF0
FF001FF0
FF001FE0
FF803FE0
FF803FE0
FFC07FE0
7FFFFFC0
3FFFFFC0
3FFFFF80
1FFFFF00
0FFFFE00
03FFF800
007FC000
ENDCHAR
STARTCHAR utilde
ENCODING 361
SWIDTH 564 0
DWIDTH 28 0
BBX 24 37 2 0
BITMAP
03E07C
07F878
0FFFF8
1FFFF8
1FFFF0
1F0FE0
1E03C0
000000
000000
000000
000000
FF00FF
FF00FF
FF00FF
FF00FF
FF00FF
FF00FF
FF00FF
FF00FF
FF00FF
FF00FF
FF00FF
FF00FF
FF00FF
FF00FF
FF00FF
FF00FF
FF00FF
FF80FF
FF81FF
FFC7FF
7FFFFF
7FFFFF
3FFFFF
3FFEFF
1FFCFF
03F0FF
ENDCHAR
STARTCHAR Umacron
ENCODING 362
SWIDTH 664 0
DWIDTH 33 0
BBX 28 44 3 0
BITMAP
07FFFC00
07FFFC00
07FFFC00
07FFFC00
00000000
00000000
00000000
00000000
FF001FF0
FF001FF0
FF001FF0
FF001FF0
FF001FF0
FF001FF0
FF001FF0
FF001FF0
FF001FF0
FF001FF0
FF001FF0
FF001FF0
FF001FF0
FF001FF0
FF001FF0
FF001FF0
FF001FF0
FF001FF0
FF001FF0
FF001FF0
FF001FF0
FF001FF0
FF001FF0
FF001FF0
FF001FF0
FF001FE0
FF803FE0
FF803FE0
FFC07FE0
7FFFFFC0
3FFFFFC0
3FFFFF80
1FFFFF00
0FFFFE00
03FFF800
007FC000
ENDCHAR
STARTCHAR umacron
ENCODING 363
SWIDTH 564 0
DWIDTH 28 0
BBX 24 36 2 0
BITMAP
1FFFF0
1FFFF0
1FFFF0
1FFFF0
000000
000000
000000
000000
000000
000000
FF00FF
FF00FF
FF00FF
FF00FF
FF00FF
FF00FF
FF00FF
FF00FF
FF00FF
FF00FF
FF00FF
FF00FF
FF00FF
FF00FF
FF00FF
FF00FF
FF00FF
FF80FF
FF81FF
FFC7FF
7FFFFF
7FFFFF
3FFFFF
3FFEFF
1FFCFF
03F0FF
ENDCHAR
STARTCHAR Ubreve
ENCODING 364
SWIDTH 664 0
DWIDTH 33 0
BBX 28 46 3 0
BITMAP
0FC07C00
0FC0FC00
07E0FC00
07F3FC00
03FFF800
03FFF000
00FFE000
003F8000
00000000
00000000
FF001FF0
FF001FF0
FF001FF0
FF001FF0
FF001FF0
FF001FF0
FF001FF0
FF001FF0
FF001FF0
FF001FF0
FF001FF0
FF001FF0
FF001FF0
FF001FF0
FF001FF0
FF001FF0
FF001FF0
FF001FF0
FF001FF0
FF001FF0
FF001FF0
FF001FF0
FF001FF0
FF001FF0
FF001FF0
FF001FE0
FF803FE0
FF803FE0
FFC07FE0
7FFFFFC0
3FFFFFC0
3FFFFF80
1FFFFF00
0FFFFE00
03FFF800
007FC000
ENDCHAR
STARTCHAR ubreve
ENCODING 365
SWIDTH 564 0
DWIDTH 28 0
BBX 24 38 2 0
BITMAP
1F80F8
1F81F8
0FC1F8
0FE7F8
07FFF0
07FFE0
01FFC0
007F00
000000
000000
000000
000000
FF00FF
FF00FF
FF00FF
FF00FF
FF00FF
FF00FF
FF00FF
FF00FF
FF00FF
FF00FF
FF00FF
FF00FF
FF00FF
FF00FF
FF00FF
FF00FF
FF00FF
FF80FF
FF81FF
FFC7FF
7FFFFF
7FFFFF
3FFFFF
3FFEFF
1FFCFF
03F0FF
ENDCHAR
STARTCHAR Uring
ENCODING 366
SWIDTH 664 0
DWIDTH 33 0
BBX 28 48 3 0
BITMAP
001F0000
007F8000
0073C000
00E1E000
00E0E000
00E0E000
00E0E000
0073C000
007F8000
001F0000
00000000
00000000
FF001FF0
FF001FF0
FF001FF0
FF001FF0
FF001FF0
FF001FF0
FF001FF0
FF001FF0
FF001FF0
FF001FF0
FF001FF0
FF001FF0
FF001FF0
FF001FF0
FF001FF0
FF001FF0
FF001FF0
FF001FF0
FF001FF0
FF001FF0
FF001FF0
FF001FF0
FF001FF0
FF001FF0
FF001FF0
FF001FE0
FF803FE0
FF803FE0
FFC07FE0
7FFFFFC0
3FFFFFC0
3FFFFF80
1FFFFF00
0FFFFE00
03FFF800
007FC000
ENDCHAR
STARTCHAR uring
ENCODING 367
SWIDTH 564 0
DWIDTH 28 0
BBX 24 39 2 0
BITMAP
003E00
00FF00
00E780
01C3C0
01C1C0
01C1C0
01C1C0
00E780
00FF00
003E00
000000
000000
000000
FF00FF
FF00FF
FF00FF
FF00FF
FF00FF
FF00FF
FF00FF
FF00FF
FF00FF
FF00FF
FF00FF
FF00FF
FF00FF
FF00FF
FF00FF
FF00FF
FF00FF
FF80FF
FF81FF
FFC7FF
7FFFFF
7FFFFF
3FFFFF
3FFEFF
1FFCFF
03F0FF
ENDCHAR
STARTCHAR Uhungarumlaut
ENCODING 368
SWIDTH 664 0
DWIDTH 33 0
BBX 28 45 3 0
BITMAP
007F0FC0
007E1F80
00FE3F00
01FC7F00
01F8FE00
03F0FC00
07E1F800
00000000
00000000
FF001FF0
FF001FF0
FF001FF0
FF001FF0
FF001FF0
FF001FF0
FF001FF0
FF001FF0
FF001FF0
FF001FF0
FF001FF0
FF001FF0
FF001FF0
FF001FF0
FF001FF0
FF001FF0
FF001FF0
FF001FF0
FF001FF0
FF001FF0
FF001FF0
FF001FF0
FF001FF0
FF001FF0
FF001FF0
FF001FE0
FF803FE0
FF803FE0
FFC07FE0
7FFFFFC0
3FFFFFC0
3FFFFF80
1FFFFF00
0FFFFE00
03FFF800
007FC000
ENDCHAR
STARTCHAR uhungarumlaut
ENCODING 369
SWIDTH 564 0
DWIDTH 28 0
BBX 25 37 2 0
BITMAP
00FE1F80
00FC3F00
01FC7E00
03F8FE00
03F1FC00
07E1F800
0FC3F000
00000000
00000000
00000000
00000000
FF00FF00
FF00FF00
FF00FF00
FF00FF00
FF00FF00
FF00FF00
FF00FF00
FF00FF00
FF00FF00
FF00FF00
FF00FF00
FF00FF00
FF00FF00
FF00FF00
FF00FF00
FF00FF00
FF00FF00
FF80FF00
FF81FF00
FFC7FF00
7FFFFF00
7FFFFF00
3FFFFF00
3FFEFF00
1FFCFF00
03F0FF00
ENDCHAR
STARTCHAR Uogonek
ENCODING 370
SWIDTH 664 0
DWIDTH 33 0
BBX 28 44 3 -8
BITMAP
FF001FF0
FF001FF0
FF001FF0
FF001FF0
FF001FF0
FF001FF0
FF001FF0
FF001FF0
FF001FF0
FF001FF0
FF001FF0
FF001FF0
FF001FF0
FF001FF0
FF001FF0
FF001FF0
FF001FF0
FF001FF0
FF001FF0
FF001FF0
FF001FF0
FF001FF0
FF001FF0
FF001FF0
FF001FF0
FF001FE0
FF803FE0
FF803FE0
FFC07FE0
7FFFFFC0
3FFFFFC0
3FFFFF80
1FFFFF00
0FFFFE00
03FFF800
007FF000
0003E000
0007E000
0007E000
0007FC00
0007FE00
0003FE00
0001FE00
0000FC00
ENDCHAR
STARTCHAR uogonek
ENCODING 371
SWIDTH 564 0
DWIDTH 28 0
BBX 24 36 2 -10
BITMAP
FF00FF
FF00FF
FF00FF
FF00FF
FF00FF
FF00FF
FF00FF
FF00FF
FF00FF
FF00FF
FF00FF
FF00FF
FF00FF
FF00FF
FF00FF
FF00FF
FF00FF
FF80FF
FF81FF
FFC7FF
7FFFFF
7FFFFF
3FFFFF
3FFEFF
1FFCFF
03F0FF
0001F8
0003F0
0003F0
0003E0
0003F0
0003FE
0003FE
0003FE
0001FE
00007C
ENDCHAR
STARTCHAR Wcircumflex
ENCODING 372
SWIDTH 869 0
DWIDTH 43 0
BBX 42 46 1 0
BITMAP
00003F000000
0000FF800000
0001FFC00000
0003FFE00000
0007F7F00000
000FE1FC0000
003F80FE0000
000000000000
000000000000
000000000000
FF007F007FC0
FF007F807F80
FF00FF807F80
FF80FF807F80
FF80FF80FF80
7F80FF80FF80
7F80FFC0FF00
7F81FFC0FF00
7FC1FFC0FF00
3FC1FFC0FF00
3FC1FFE1FF00
3FC3FFE1FE00
3FC3FFE1FE00
3FC3FFE1FE00
1FE3FFE1FE00
1FE3FFF1FE00
1FE7F7F3FC00
1FE7F7F3FC00
1FE7F7F3FC00
0FF7F3FBFC00
0FF7F3FBFC00
0FFFE3FFF800
0FFFE3FFF800
0FFFE3FFF800
07FFE1FFF800
07FFC1FFF000
07FFC1FFF000
07FFC1FFF000
03FFC0FFF000
03FF80FFF000
03FF80FFE000
03FF80FFE000
03FF807FE000
01FF807FE000
01FF007FE000
01FF007FC000
ENDCHAR
STARTCHAR wcircumflex
ENCODING 373
SWIDTH 726 0
DWIDTH 36 0
BBX 35 37 1 0
BITMAP
0001F80000
0007FC0000
000FFE0000
001FFF0000
003FBF8000
007F0FE000
01FC07F000
0000000000
0000000000
0000000000
0000000000
FF03F01FE0
FF03F01FC0
FF03F83FC0
FF07F83FC0
7F07F83FC0
7F07F83F80
7F8FFC3F80
7F8FFC7F80
3F8FFC7F80
3F8FFE7F00
3F9FFE7F00
3F9FFE7F00
1FDFBE7F00
1FDF3FFE00
1FFF3FFE00
1FFF1FFE00
1FFE1FFE00
0FFE1FFE00
0FFE1FFC00
0FFE0FFC00
0FFC0FFC00
07FC0FFC00
07FC0FF800
07F807F800
07F807F800
03F807F800
ENDCHAR
STARTCHAR Ycircumflex
ENCODING 374
SWIDTH 627 0
DWIDTH 31 0
BBX 31 46 0 0
BITMAP
0007E000
001FF000
003FF800
007FFC00
00FEFE00
01FC3F80
07F01FC0
00000000
00000000
00000000
FF8003FE
7FC003FE
7FC007FC
3FE007FC
3FE00FF8
1FE00FF8
1FF00FF0
0FF01FF0
0FF81FE0
07F83FE0
07FC3FC0
03FC7FC0
03FC7F80
01FE7F80
01FEFF00
00FFFF00
00FFFE00
007FFE00
007FFC00
003FFC00
003FF800
001FF800
001FF000
001FF000
001FF000
001FF000
001FF000
001FF000
001FF000
001FF000
001FF000
001FF000
001FF000
001FF000
001FF000
001FF000
ENDCHAR
STARTCHAR ycircumflex
ENCODING 375
SWIDTH 518 0
DWIDTH 26 0
BBX 26 47 0 -10
BITMAP
003F0000
00FF8000
01FFC000
03FFE000
07F7F000
0FE1FC00
3F80FE00
00000000
00000000
00000000
00000000
FF807FC0
FF807FC0
7F80FF80
7FC0FF80
7FC0FF00
3FC0FF00
3FE1FF00
1FE1FE00
1FE1FE00
1FE3FE00
0FF3FC00
0FF3FC00
0FF7FC00
07FFF800
07FFF800
07FFF800
03FFF000
03FFF000
03FFE000
01FFE000
01FFE000
00FFC000
00FFC000
00FFC000
007F8000
007F8000
007F8000
00FF0000
00FF0000
03FE0000
1FFE0000
1FFE0000
1FFC0000
1FF80000
1FF00000
1FC00000
ENDCHAR
STARTCHAR Ydieresis
ENCODING 376
SWIDTH 627 0
DWIDTH 31 0
BBX 31 46 0 0
BITMAP
00000400
03F01F00
03F03F80
07F83F80
07F83F80
03F01F80
01E00F00
00000000
00000000
00000000
FF8003FE
7FC003FE
7FC007FC
3FE007FC
3FE00FF8
1FE00FF8
1FF00FF0
0FF01FF0
0FF81FE0
07F83FE0
07FC3FC0
03FC7FC0
03FC7F80
01FE7F80
01FEFF00
00FFFF00
00FFFE00
007FFE00
007FFC00
003FFC00
003FF800
001FF800
001FF000
001FF000
001FF000
001FF000
001FF000
001FF000
001FF000
001FF000
001FF000
001FF000
001FF000
001FF000
001FF000
001FF000
ENDCHAR
STARTCHAR Zacute
ENCODING 377
SWIDTH 610 0
DWIDTH 31 0
BBX 27 46 2 0
BITMAP
0001FE00
0003FC00
0003FC00
0007F800
000FF000
000FE000
001FC000
003F8000
00000000
00000000
FFFFFFE0
FFFFFFE0
FFFFFFE0
FFFFFFE0
FFFFFFE0
FFFFFFC0
FFFFFFC0
0000FF80
0001FF00
0001FF00
0003FE00
0007FC00
0007FC00
000FF800
001FF000
001FF000
003FE000
007FC000
007FC000
00FF8000
01FF0000
03FF0000
03FE0000
07FC0000
0FFC0000
0FF80000
1FF00000
3FF00000
3FE00000
7FFFFFE0
FFFFFFE0
FFFFFFE0
FFFFFFE0
FFFFFFE0
FFFFFFE0
FFFFFFE0
ENDCHAR
STARTCHAR zacute
ENCODING 378
SWIDTH 515 0
DWIDTH 26 0
BBX 22 38 2 0
BITMAP
000FF0
001FE0
001FE0
003FC0
007F80
007F00
00FE00
01FC00
000000
000000
000000
000000
FFFFFC
FFFFFC
FFFFFC
FFFFFC
FFFFFC
FFFFF8
001FF0
003FE0
003FE0
007FC0
00FF80
01FF00
03FF00
03FE00
07FC00
0FF800
1FF800
1FF000
3FE000
7FC000
FFFFFC
FFFFFC
FFFFFC
FFFFFC
FFFFFC
FFFFFC
ENDCHAR
STARTCHAR Zdotaccent
ENCODING 379
SWIDTH 610 0
DWIDTH 31 0
BBX 27 46 2 0
BITMAP
001F0000
003F8000
003FC000
003FC000
003FC000
003F8000
001F0000
00000000
00000000
00000000
FFFFFFE0
FFFFFFE0
FFFFFFE0
FFFFFFE0
FFFFFFE0
FFFFFFC0
FFFFFFC0
0000FF80
0001FF00
0001FF00
0003FE00
0007FC00
0007FC00
000FF800
001FF000
001FF000
003FE000
007FC000
007FC000
00FF8000
01FF0000
03FF0000
03FE0000
07FC0000
0FFC0000
0FF80000
1FF00000
3FF00000
3FE00000
7FFFFFE0
FFFFFFE0
FFFFFFE0
FFFFFFE0
FFFFFFE0
FFFFFFE0
FFFFFFE0
ENDCHAR
STARTCHAR zdotaccent
ENCODING 380
SWIDTH 515 0
DWIDTH 26 0
BBX 22 37 2 0
BITMAP
00F800
01FC00
01FE00
01FE00
01FE00
01FC00
00F800
000000
000000
000000
000000
FFFFFC
FFFFFC
FFFFFC
FFFFFC
FFFFFC
FFFFF8
001FF0
003FE0
003FE0
007FC0
00FF80
01FF00
03FF00
03FE00
07FC00
0FF800
1FF800
1FF000
3FE000
7FC000
FFFFFC
FFFFFC
FFFFFC
FFFFFC
FFFFFC
FFFFFC
ENDCHAR
STARTCHAR Zcaron
ENCODING 381
SWIDTH 610 0
DWIDTH 31 0
BBX 27 46 2 0
BITMAP
0FE07F00
07F0FE00
03F9FC00
01FFF800
00FFF000
003FC000
001F8000
00000000
00000000
00000000
FFFFFFE0
FFFFFFE0
FFFFFFE0
FFFFFFE0
FFFFFFE0
FFFFFFC0
FFFFFFC0
0000FF80
0001FF00
0001FF00
0003FE00
0007FC00
0007FC00
000FF800
001FF000
001FF000
003FE000
007FC000
007FC000
00FF8000
01FF0000
03FF0000
03FE0000
07FC0000
0FFC0000
0FF80000
1FF00000
3FF00000
3FE00000
7FFFFFE0
FFFFFFE0
FFFFFFE0
FFFFFFE0
FFFFFFE0
FFFFFFE0
FFFFFFE0
ENDCHAR
STARTCHAR zcaron
ENCODING 382
SWIDTH 515 0
DWIDTH 26 0
BBX 22 37 2 0
BITMAP
7F03F8
3F87F0
1FCFE0
0FFFC0
07FF80
01FE00
00FC00
000000
000000
000000
000000
FFFFFC
FFFFFC
FFFFFC
FFFFFC
FFFFFC
FFFFF8
001FF0
003FE0
003FE0
007FC0
00FF80
01FF00
03FF00
03FE00
07FC00
0FF800
1FF800
1FF000
3FE000
7FC000
FFFFFC
FFFFFC
FFFFFC
FFFFFC
FFFFFC
FFFFFC
ENDCHAR
STARTCHAR longs
ENCODING 383
SWIDTH 263 0
DWIDTH 13 0
BBX 15 39 2 0
BITMAP
01FE
0FFE
1FFE
3FFE
7FFC
7FFC
7FE0
FF80
FF80
FF80
FF80
FF80
FF80
FF80
FF80
FF80
FF80
FF80
FF80
FF80
FF80
FF80
FF80
FF80
FF80
FF80
FF80
FF80
FF80
FF80
FF80
FF80
FF80
FF80
FF80
FF80
FF80
FF80
FF80
ENDCHAR
STARTCHAR uni018F
ENCODING 399
SWIDTH 698 0
DWIDTH 35 0
BBX 31 36 2 0
BITMAP
01FFE000
1FFFFC00
3FFFFF00
3FFFFF80
3FFFFFC0
1FFFFFE0
1FFFFFF0
1F80FFF8
10001FF8
00000FFC
000007FC
000007FC
000003FC
000003FE
000003FE
FFFFFFFE
FFFFFFFE
FFFFFFFE
FFFFFFFE
FFFFFFFE
FFFFFFFE
FFFFFFFE
FF0003FE
FF0003FC
FF0007FC
FF8007FC
7F800FFC
7FC01FF8
3FF87FF8
3FFFFFF0
1FFFFFE0
0FFFFFC0
07FFFF80
03FFFF00
00FFFC00
001FF000
ENDCHAR
STARTCHAR florin
ENCODING 402
SWIDTH 370 0
DWIDTH 19 0
BBX 20 49 -1 -10
BITMAP
000FF0
007FF0
00FFE0
01FFE0
01FFE0
03FFE0
03FF00
07FC00
07FC00
07F800
07F800
07F800
07F800
7FFFE0
7FFFE0
7FFFE0
7FFFE0
7FFFE0
7FFFE0
07F800
07F800
07F800
07F800
07F800
07F800
07F800
07F800
07F800
07F800
07F800
07F800
07F800
07F800
07F800
07F800
07F800
07F800
07F800
07F800
07F800
07F800
07F800
8FF800
FFF800
FFF000
FFF000
FFE000
FFC000
FE0000
ENDCHAR
STARTCHAR Ohorn
ENCODING 416
SWIDTH 710 0
DWIDTH 36 0
BBX 34 38 2 0
BITMAP
00000007C0
00000007C0
001FE007C0
00FFFC07C0
01FFFF07C0
07FFFF8F80
0FFFFFDF80
1FFFFFFF80
1FFFFFFF00
3FF03FFE00
3FE00FF800
7FC00FF800
7FC007FC00
FF8007FC00
FF8003FC00
FF8003FE00
FF8003FE00
FF8003FE00
FF0003FE00
FF0003FE00
FF0003FE00
FF0003FE00
FF8003FE00
FF8003FE00
FF8003FE00
FF8003FC00
FF8007FC00
7FC007FC00
7FC00FFC00
3FE00FF800
3FF03FF800
1FFFFFF000
1FFFFFE000
0FFFFFC000
07FFFF8000
01FFFF0000
00FFFC0000
001FE00000
ENDCHAR
STARTCHAR ohorn
ENCODING 417
SWIDTH 585 0
DWIDTH 29 0
BBX 28 28 1 0
BITMAP
000000F0
000000F0
007F80F0
03FFF1F0
07FFF9F0
0FFFFFE0
1FFFFFE0
3FFFFFC0
3FF3FF00
7FC0FF80
7F807F80
7F807F80
FF807FC0
FF807FC0
FF007FC0
FF007FC0
FF807FC0
FF807FC0
7F807F80
7F807F80
7FC0FF80
3FF3FF00
3FFFFF00
1FFFFE00
0FFFFC00
07FFF800
03FFF000
007F8000
ENDCHAR
STARTCHAR Uhorn
ENCODING 431
SWIDTH 720 0
DWIDTH 36 0
BBX 37 38 3 0
BITMAP
00000000F8
00000000F8
FF001FF0F8
FF001FF0F8
FF001FF0F8
FF001FF1F0
FF001FF1F0
FF001FF7F0
FF001FFFE0
FF001FFFC0
FF001FFF80
FF001FF800
FF001FF000
FF001FF000
FF001FF000
FF001FF000
FF001FF000
FF001FF000
FF001FF000
FF001FF000
FF001FF000
FF001FF000
FF001FF000
FF001FF000
FF001FF000
FF001FF000
FF001FF000
FF001FE000
FF803FE000
FF803FE000
FFC07FE000
7FFFFFC000
3FFFFFC000
3FFFFF8000
1FFFFF0000
0FFFFE0000
03FFF80000
007FC00000
ENDCHAR
STARTCHAR uhorn
ENCODING 432
SWIDTH 601 0
DWIDTH 30 0
BBX 31 28 2 0
BITMAP
0000003E
0000003E
FF00FF3E
FF00FF3E
FF00FF7C
FF00FFFC
FF00FFF8
FF00FFF0
FF00FFC0
FF00FF00
FF00FF00
FF00FF00
FF00FF00
FF00FF00
FF00FF00
FF00FF00
FF00FF00
FF00FF00
FF00FF00
FF80FF00
FF81FF00
FFC7FF00
7FFFFF00
7FFFFF00
3FFFFF00
3FFEFF00
1FFCFF00
03F0FF00
ENDCHAR
STARTCHAR uni01F0
ENCODING 496
SWIDTH 295 0
DWIDTH 15 0
BBX 20 46 -3 -10
BITMAP
FE07F0
7F0FE0
3F9FC0
1FFF80
0FFF00
03FC00
01F800
000000
000000
000000
03FE00
03FE00
03FE00
03FE00
03FE00
03FE00
03FE00
03FE00
03FE00
03FE00
03FE00
03FE00
03FE00
03FE00
03FE00
03FE00
03FE00
03FE00
03FE00
03FE00
03FE00
03FE00
03FE00
03FE00
03FE00
03FE00
03FE00
03FE00
03FC00
47FC00
7FFC00
7FF800
7FF800
7FF000
7FE000
7F8000
ENDCHAR
STARTCHAR Aringacute
ENCODING 506
SWIDTH 681 0
DWIDTH 34 0
BBX 34 49 0 0
BITMAP
00001FC000
00003F0000
00007E0000
0000F80000
0001F00000
0000000000
0003F00000
000FF80000
000E3C0000
001E1C0000
001C1C0000
000E1C0000
000F780000
0007F80000
000FFC0000
000FFC0000
000FFC0000
001FFE0000
001FFE0000
001FFE0000
003FFF0000
003FFF0000
003FFF8000
007FFF8000
007FFF8000
00FF3FC000
00FF3FC000
00FF3FC000
01FE1FE000
01FE1FE000
01FE1FE000
03FC0FF000
03FC0FF000
03FC0FF800
07FC07F800
07FFFFF800
0FFFFFFC00
0FFFFFFC00
0FFFFFFC00
1FFFFFFE00
1FFFFFFE00
1FFFFFFE00
3FE001FF00
3FE001FF00
3FC000FF80
7FC000FF80
7FC000FF80
FFC000FFC0
FF80007FC0
ENDCHAR
STARTCHAR aringacute
ENCODING 507
SWIDTH 531 0
DWIDTH 27 0
BBX 24 41 1 0
BITMAP
0003F8
0007E0
000FC0
001F00
003E00
000000
007E00
01FF00
01C780
03C380
038380
01C380
01EF00
00FF00
007C00
00FF00
07FFE0
0FFFF0
1FFFF8
3FFFFC
7FFFFE
7FC3FE
7F81FE
7F81FE
0001FE
01FFFE
0FFFFE
1FFFFE
3FFFFE
7FE1FE
7F81FE
FF81FE
FF01FE
FF01FE
FF83FE
FFFFFE
7FFFFE
7FFFFE
3FFFFF
0FFCFF
03F0FF
ENDCHAR
STARTCHAR AEacute
ENCODING 508
SWIDTH 940 0
DWIDTH 47 0
BBX 44 47 1 0
BITMAP
000001FE0000
000003FC0000
000003FC0000
000007F80000
00000FF00000
00000FE00000
00001FC00000
00003F800000
000000000000
000000000000
000000000000
00007FFFFFE0
00007FFFFFE0
0000FFFFFFE0
0000FFFFFFE0
0001FFFFFFE0
0001FFFFFFE0
0003FFF80000
0003FFF80000
0007FFF80000
0007FFF80000
000FFFF80000
000FF7FC0000
001FF7FC0000
001FE7FC0000
003FE7FC0000
003FC7FFFF80
007FC3FFFF80
007F83FFFF80
00FF83FFFF80
00FF03FFFF80
01FF03FFFF80
01FFFFFC0000
03FFFFFC0000
03FFFFFC0000
07FFFFFC0000
07FFFFFC0000
0FFFFFFC0000
0FFFFFFC0000
1FF003FC0000
1FF003FC0000
3FE003FFFFF0
3FE003FFFFF0
7FE003FFFFF0
7FC003FFFFF0
FFC003FFFFF0
FF8003FFFFF0
ENDCHAR
STARTCHAR aeacute
ENCODING 509
SWIDTH 844 0
DWIDTH 42 0
BBX 40 37 1 0
BITMAP
000007F800
00000FF000
00000FF000
00001FE000
00003FC000
00003F8000
00007F0000
0000FE0000
0000000000
0000000000
0000000000
007FC07F80
03FFF3FFE0
0FFFFFFFF8
1FFFFFFFFC
1FFFFFFFFC
3FFFFFFFFE
3FF3FFE3FE
7FC0FFC0FF
1FC0FF80FF
0000FF80FF
00FFFFFFFF
07FFFFFFFF
1FFFFFFFFF
3FFFFFFFFF
7FFFFFFFFF
7FE0FF8000
7F80FF8000
FF80FF8000
FF80FFC00C
7F81FFF87C
7FFFFFFFFC
7FFFFFFFFE
3FFFFFFFFE
1FFFE7FFFE
0FFFC3FFF8
01FE007FC0
ENDCHAR
STARTCHAR Oslashacute
ENCODING 510
SWIDTH 687 0
DWIDTH 34 0
BBX 31 50 2 -2
BITMAP
00007F80
0000FF00
0000FF00
0001FE00
0003FC00
0003F800
0007F000
000FE000
00000000
00000000
00000000
000000F8
001FF1F0
007FFDF0
01FFFFE0
07FFFFC0
0FFFFFE0
0FFFFFE0
1FFFFFF0
3FF01FF8
3FE03FF8
7FC03FFC
7FC07FFC
7F807FFC
FF80FBFE
FF80FBFE
FF81F3FE
FF83E3FE
FF83E3FE
FF87C3FE
FF87C3FE
FF8F83FE
FF9F83FE
FF9F03FE
FFBE03FE
FFBE03FE
7FFC03FC
7FFC07FC
7FF807FC
3FF00FF8
3FF01FF8
1FFFFFF0
0FFFFFF0
0FFFFFE0
0FFFFFC0
0FFFFF00
1F7FFE00
1F1FF000
3E000000
3E000000
ENDCHAR
STARTCHAR oslashacute
ENCODING 511
SWIDTH 562 0
DWIDTH 28 0
BBX 26 40 1 -3
BITMAP
0007F800
000FF000
000FF000
001FE000
003FC000
003F8000
007F0000
00FE0000
00001E00
00003E00
00003C00
007FFC00
03FFF800
07FFF800
0FFFFC00
1FFFFE00
3FFFFF00
3FF3FF00
7FC3FF80
7F87FF80
7F87FF80
FF8FFFC0
FF8F7FC0
FF9F3FC0
FF9E3FC0
FFBE3FC0
FFBC7FC0
7FF87F80
7FF87F80
7FF0FF80
3FF3FF00
3FFFFF00
1FFFFE00
0FFFFC00
07FFF800
07FFF000
07FF8000
0F000000
0F000000
1E000000
ENDCHAR
STARTCHAR uni0218
ENCODING 536
SWIDTH 625 0
DWIDTH 31 0
BBX 28 49 2 -13
BITMAP
003FE000
01FFFC00
07FFFE00
1FFFFF00
1FFFFF80
3FFFFFC0
7FFDFFE0
7FE03FE0
7FC03FE0
7F801FF0
7F801FF0
7FC00000
7FE00000
7FF80000
3FFE0000
1FFFC000
0FFFF800
07FFFC00
01FFFF00
007FFF80
001FFFC0
0003FFC0
0000FFE0
00003FE0
FF001FE0
FF001FF0
FF801FF0
FF801FE0
FFC03FE0
7FF8FFE0
3FFFFFE0
3FFFFFC0
1FFFFF80
07FFFF00
01FFFC00
003FE000
00000000
00000000
000F8000
000F8000
000F8000
000F8000
000F8000
001F8000
001F0000
001F0000
003E0000
001E0000
00040000
ENDCHAR
STARTCHAR uni0219
ENCODING 537
SWIDTH 512 0
DWIDTH 26 0
BBX 23 40 1 -14
BITMAP
01FF00
07FFE0
1FFFF0
3FFFF8
3FFFFC
7FEFFE
7F83FE
7F01FE
7F81FE
7FC000
7FFC00
3FFFC0
1FFFF0
0FFFF8
03FFFC
007FFE
0007FE
FF01FE
FF01FE
FF81FE
7FE7FE
7FFFFC
3FFFF8
1FFFF0
07FFE0
01FF00
000000
000000
000000
007C00
007C00
007C00
007C00
007C00
00FC00
00F800
00F800
01F000
00F000
002000
ENDCHAR
STARTCHAR uni021A
ENCODING 538
SWIDTH 630 0
DWIDTH 32 0
BBX 30 50 1 -14
BITMAP
FFFFFFFC
FFFFFFFC
FFFFFFFC
FFFFFFFC
FFFFFFFC
FFFFFFFC
FFFFFFFC
003FE000
003FE000
003FE000
003FE000
003FE000
003FE000
003FE000
003FE000
003FE000
003FE000
003FE000
003FE000
003FE000
003FE000
003FE000
003FE000
003FE000
003FE000
003FE000
003FE000
003FE000
003FE000
003FE000
003FE000
003FE000
003FE000
003FE000
003FE000
003FE000
00000000
00000000
00000000
000F8000
000F8000
000F8000
000F8000
000F8000
001F8000
001F0000
001F0000
003E0000
001E0000
00040000
ENDCHAR
STARTCHAR uni021B
ENCODING 539
SWIDTH 343 0
DWIDTH 17 0
BBX 17 46 0 -13
BITMAP
0FF000
0FF000
0FF000
0FF000
0FF000
0FF000
0FF000
FFFF00
FFFF00
FFFF00
FFFF00
FFFF00
FFFF00
0FF000
0FF000
0FF000
0FF000
0FF000
0FF000
0FF000
0FF000
0FF000
0FF000
0FF000
0FF000
0FF000
0FFC80
0FFF80
0FFF80
07FF80
07FF80
03FF80
00FF00
000000
000000
00F800
00F800
00F800
00F800
00F800
01F800
01F000
01F000
03E000
01E000
004000
ENDCHAR
STARTCHAR uni0237
ENCODING 567
SWIDTH 295 0
DWIDTH 15 0
BBX 14 36 -2 -10
BITMAP
07FC
07FC
07FC
07FC
07FC
07FC
07FC
07FC
07FC
07FC
07FC
07FC
07FC
07FC
07FC
07FC
07FC
07FC
07FC
07FC
07FC
07FC
07FC
07FC
07FC
07FC
07FC
07FC
07F8
8FF8
FFF8
FFF0
FFF0
FFE0
FFC0
FF00
ENDCHAR
STARTCHAR uni0259
ENCODING 601
SWIDTH 529 0
DWIDTH 26 0
BBX 23 26 2 0
BITMAP
03FE00
1FFF80
7FFFE0
FFFFF0
7FFFF8
7FFFF8
3E1FFC
2007FC
0003FE
0001FE
FFFFFE
FFFFFE
FFFFFE
FFFFFE
FFFFFE
FF01FE
FF01FE
FF03FE
FF03FC
7FCFFC
7FFFFC
3FFFF8
3FFFF0
1FFFE0
07FF80
01FE00
ENDCHAR
STARTCHAR uni02BC
ENCODING 700
SWIDTH 243 0
DWIDTH 12 0
BBX 8 13 2 25
BITMAP
3F
3F
3F
3F
3F
3F
7E
7E
7E
FC
F8
F8
30
ENDCHAR
STARTCHAR circumflex
ENCODING 710
SWIDTH 504 0
DWIDTH 25 0
BBX 21 7 2 31
BITMAP
00FC00
03FE00
07FF00
0FFF80
1FDFC0
3F87F0
FE03F8
ENDCHAR
STARTCHAR caron
ENCODING 711
SWIDTH 481 0
DWIDTH 24 0
BBX 20 7 2 31
BITMAP
FE07F0
7F0FE0
3F9FC0
1FFF80
0FFF00
03FC00
01F800
ENDCHAR
STARTCHAR uni02C9
ENCODING 713
SWIDTH 520 0
DWIDTH 26 0
BBX 17 4 4 31
BITMAP
FFFF80
FFFF80
FFFF80
FFFF80
ENDCHAR
STARTCHAR breve
ENCODING 728
SWIDTH 453 0
DWIDTH 23 0
BBX 18 8 2 30
BITMAP
FC07C0
FC0FC0
7E0FC0
7F3FC0
3FFF80
3FFF00
0FFE00
03F800
ENDCHAR
STARTCHAR dotaccent
ENCODING 729
SWIDTH 274 0
DWIDTH 14 0
BBX 8 7 3 30
BITMAP
7C
FE
FF
FF
FF
FE
7C
ENDCHAR
STARTCHAR ring
ENCODING 730
SWIDTH 329 0
DWIDTH 16 0
BBX 11 10 3 27
BITMAP
1F00
7F80
73C0
E1E0
E0E0
E0E0
E0E0
73C0
7F80
1F00
ENDCHAR
STARTCHAR ogonek
ENCODING 731
SWIDTH 314 0
DWIDTH 16 0
BBX 10 12 1 -11
BITMAP
0C00
3F80
7E00
FC00
FC00
FC00
FC00
FF80
FF80
FF80
7FC0
1F00
ENDCHAR
STARTCHAR tilde
ENCODING 732
SWIDTH 482 0
DWIDTH 24 0
BBX 19 7 3 31
BITMAP
1F03E0
3FC3C0
7FFFC0
FFFFC0
FFFF80
F87F00
F01E00
ENDCHAR
STARTCHAR hungarumlaut
ENCODING 733
SWIDTH 431 0
DWIDTH 22 0
BBX 21 7 1 30
BITMAP
0FE1F8
0FC3F0
1FC7E0
3F8FE0
3F1FC0
7E1F80
FC3F00
ENDCHAR
STARTCHAR uni02F3
ENCODING 755
SWIDTH 326 0
DWIDTH 16 0
BBX 9 8 4 -9
BITMAP
3E00
7F00
F780
E380
E380
F780
7F00
3E00
ENDCHAR
STARTCHAR gravecomb
ENCODING 768
SWIDTH 0 0
DWIDTH 0 0
BBX 13 8 -22 30
BITMAP
FF80
7F80
3FC0
1FE0
0FE0
0FF0
07F0
03F8
ENDCHAR
STARTCHAR acutecomb
ENCODING 769
SWIDTH 0 0
DWIDTH 0 0
BBX 13 8 -17 30
BITMAP
07F8
0FF0
1FF0
1FE0
3FC0
3F80
7F00
FE00
ENDCHAR
STARTCHAR tildecomb
ENCODING 771
SWIDTH 0 0
DWIDTH 0 0
BBX 19 7 -23 31
BITMAP
1F03E0
3FC3C0
7FFFC0
FFFFC0
FFFF80
F87F00
F01E00
ENDCHAR
STARTCHAR hookabovecomb
ENCODING 777
SWIDTH 0 0
DWIDTH 0 0
BBX 11 10 -19 31
BITMAP
FC00
FF00
FFC0
FFC0
1FE0
1FE0
1FC0
FF80
FE00
7E00
ENDCHAR
STARTCHAR uni030F
ENCODING 783
SWIDTH 0 0
DWIDTH 0 0
BBX 22 7 -26 31
BITMAP
FF3FC0
7F9FE0
3FCFE0
1FC7F0
0FE3F8
07F1FC
03F8FC
ENDCHAR
STARTCHAR dotbelowcomb
ENCODING 803
SWIDTH 0 0
DWIDTH 0 0
BBX 9 7 -19 -9
BITMAP
7E00
FF00
FF80
FF80
FF80
7F00
3E00
ENDCHAR
STARTCHAR tonos
ENCODING 900
SWIDTH 380 0
DWIDTH 19 0
BBX 9 8 6 31
BITMAP
3F80
3F80
7F00
7E00
7E00
FC00
FC00
F800
ENDCHAR
STARTCHAR dieresistonos
ENCODING 901
SWIDTH 568 0
DWIDTH 28 0
BBX 23 14 2 30
BITMAP
001FC0
001F80
003F80
003F00
003F00
003E00
003E00
003C10
7E3C7C
7F00FE
FF00FE
7F00FE
7E007E
3C003C
ENDCHAR
STARTCHAR Alphatonos
ENCODING 902
SWIDTH 681 0
DWIDTH 34 0
BBX 34 40 0 0
BITMAP
3F80000000
3F80000000
7F00000000
7E00000000
7E07F80000
FC0FFC0000
FC0FFC0000
F80FFC0000
001FFE0000
001FFE0000
001FFE0000
003FFF0000
003FFF0000
003FFF8000
007FFF8000
007FFF8000
00FF3FC000
00FF3FC000
00FF3FC000
01FE1FE000
01FE1FE000
01FE1FE000
03FC0FF000
03FC0FF000
03FC0FF800
07FC07F800
07FFFFF800
0FFFFFFC00
0FFFFFFC00
0FFFFFFC00
1FFFFFFE00
1FFFFFFE00
1FFFFFFE00
3FE001FF00
3FE001FF00
3FC000FF80
7FC000FF80
7FC000FF80
FFC000FFC0
FF80007FC0
ENDCHAR
STARTCHAR anoteleia
ENCODING 903
SWIDTH 321 0
DWIDTH 16 0
BBX 9 8 3 13
BITMAP
3F00
7F80
7F80
FF80
FF80
7F80
7F80
1E00
ENDCHAR
STARTCHAR Epsilontonos
ENCODING 904
SWIDTH 608 0
DWIDTH 30 0
BBX 37 40 -8 0
BITMAP
3F80000000
3F80000000
7F00000000
7E00000000
7E07FFFFF8
FC07FFFFF8
FC07FFFFF8
F807FFFFF8
0007FFFFF8
0007FFFFF8
0007FFFFF8
0007F80000
0007F80000
0007F80000
0007F80000
0007F80000
0007F80000
0007F80000
0007F80000
0007FFFFE0
0007FFFFE0
0007FFFFE0
0007FFFFE0
0007FFFFE0
0007FFFFE0
0007F80000
0007F80000
0007F80000
0007F80000
0007F80000
0007F80000
0007F80000
0007F80000
0007FFFFF8
0007FFFFF8
0007FFFFF8
0007FFFFF8
0007FFFFF8
0007FFFFF8
0007FFFFF8
ENDCHAR
STARTCHAR Etatonos
ENCODING 905
SWIDTH 751 0
DWIDTH 38 0
BBX 42 39 -8 0
BITMAP
3F8000000000
3F8000000000
7F0000000000
7E07F8003FC0
7E07F8003FC0
FC07F8003FC0
FC07F8003FC0
F807F8003FC0
0007F8003FC0
0007F8003FC0
0007F8003FC0
0007F8003FC0
0007F8003FC0
0007F8003FC0
0007F8003FC0
0007F8003FC0
0007F8003FC0
0007FFFFFFC0
0007FFFFFFC0
0007FFFFFFC0
0007FFFFFFC0
0007FFFFFFC0
0007FFFFFFC0
0007FFFFFFC0
0007F8003FC0
0007F8003FC0
0007F8003FC0
0007F8003FC0
0007F8003FC0
0007F8003FC0
0007F8003FC0
0007F8003FC0
0007F8003FC0
0007F8003FC0
0007F8003FC0
0007F8003FC0
0007F8003FC0
0007F8003FC0
0007F8003FC0
ENDCHAR
STARTCHAR Iotatonos
ENCODING 906
SWIDTH 351 0
DWIDTH 18 0
BBX 22 40 -8 0
BITMAP
3F8000
3F8000
7F0000
7E0000
7E07FC
FC07FC
FC07FC
F807FC
0007FC
0007FC
0007FC
0007FC
0007FC
0007FC
0007FC
0007FC
0007FC
0007FC
0007FC
0007FC
0007FC
0007FC
0007FC
0007FC
0007FC
0007FC
0007FC
0007FC
0007FC
0007FC
0007FC
0007FC
0007FC
0007FC
0007FC
0007FC
0007FC
0007FC
0007FC
0007FC
ENDCHAR
STARTCHAR Omicrontonos
ENCODING 908
SWIDTH 700 0
DWIDTH 35 0
BBX 38 39 -5 0
BITMAP
3F80000000
3F80000000
7F00000000
7E003FC000
7E01FFF800
FC07FFFE00
FC0FFFFF00
F81FFFFF80
003FFFFFC0
003FFFFFE0
007FE07FF0
00FFC01FF0
00FF801FF0
00FF800FF8
01FF000FF8
01FF0007F8
01FF0007FC
01FF0007FC
01FE0007FC
01FE0007FC
01FE0007FC
01FE0007FC
01FE0007FC
01FE0007FC
01FF0007FC
01FF0007F8
01FF0007F8
01FF000FF8
00FF800FF8
00FF801FF0
00FFC01FF0
007FE07FE0
003FFFFFE0
003FFFFFC0
001FFFFF80
000FFFFF00
0003FFFE00
0001FFF800
00003FC000
ENDCHAR
STARTCHAR Upsilontonos
ENCODING 910
SWIDTH 676 0
DWIDTH 34 0
BBX 40 39 -7 0
BITMAP
3F80000000
3F80000000
7F00000000
7E7FC001FF
7E3FE001FF
FC3FE003FE
FC1FF003FE
F81FF007FC
000FF007FC
000FF807F8
0007F80FF8
0007FC0FF0
0003FC1FF0
0003FE1FE0
0001FE3FE0
0001FE3FC0
0000FF3FC0
0000FF7F80
00007FFF80
00007FFF00
00003FFF00
00003FFE00
00001FFE00
00001FFC00
00000FFC00
00000FF800
00000FF800
00000FF800
00000FF800
00000FF800
00000FF800
00000FF800
00000FF800
00000FF800
00000FF800
00000FF800
00000FF800
00000FF800
00000FF800
ENDCHAR
STARTCHAR Omegatonos
ENCODING 911
SWIDTH 684 0
DWIDTH 34 0
BBX 35 39 -4 0
BITMAP
3F80000000
3F80000000
7F00000000
7E007F8000
7E03FFE000
FC0FFFF800
FC1FFFFC00
F83FFFFE00
007FFFFF00
007FFFFF80
00FFC1FF80
00FFC0FFC0
01FF80FFC0
01FF807FC0
01FF007FE0
01FF007FE0
03FF007FE0
03FF007FE0
03FF007FE0
03FF007FE0
03FF007FE0
03FF007FE0
01FF007FE0
01FF007FE0
01FF007FC0
01FF807FC0
00FF807F80
00FF80FF80
007F80FF00
003FC0FF00
003FC1FE00
001FE1FC00
01FFF3FFC0
01FFF3FFC0
01FFF3FFC0
01FFF3FFC0
01FFF3FFC0
01FFF3FFC0
01FFF3FFC0
ENDCHAR
STARTCHAR iotadieresistonos
ENCODING 912
SWIDTH 341 0
DWIDTH 17 0
BBX 23 44 -4 0
BITMAP
001FC0
001F80
003F80
003F00
003F00
003E00
003E00
003C10
7E3C7C
7F00FE
FF00FE
7F00FE
7E007E
3C003C
000000
000000
000000
000000
01FE00
01FE00
01FE00
01FE00
01FE00
01FE00
01FE00
01FE00
01FE00
01FE00
01FE00
01FE00
01FE00
01FE00
01FE00
01FE00
01FE00
01FE00
01FE00
01FF90
01FFF0
01FFF0
01FFF0
00FFF0
007FF0
001FE0
ENDCHAR
STARTCHAR Alpha
ENCODING 913
SWIDTH 681 0
DWIDTH 34 0
BBX 34 36 0 0
BITMAP
0007F80000
000FFC0000
000FFC0000
000FFC0000
001FFE0000
001FFE0000
001FFE0000
003FFF0000
003FFF0000
003FFF8000
007FFF8000
007FFF8000
00FF3FC000
00FF3FC000
00FF3FC000
01FE1FE000
01FE1FE000
01FE1FE000
03FC0FF000
03FC0FF000
03FC0FF800
07FC07F800
07FFFFF800
0FFFFFFC00
0FFFFFFC00
0FFFFFFC00
1FFFFFFE00
1FFFFFFE00
1FFFFFFE00
3FE001FF00
3FE001FF00
3FC000FF80
7FC000FF80
7FC000FF80
FFC000FFC0
FF80007FC0
ENDCHAR
STARTCHAR Beta
ENCODING 914
SWIDTH 645 0
DWIDTH 32 0
BBX 27 36 3 0
BITMAP
FFFFC000
FFFFF800
FFFFFE00
FFFFFF00
FFFFFF80
FFFFFF80
FFFFFFC0
FF00FFC0
FF007FC0
FF003FC0
FF003FC0
FF003FC0
FF003FC0
FF007FC0
FF00FF80
FFFFFF80
FFFFFF00
FFFFFE00
FFFFFE00
FFFFFF80
FFFFFFC0
FF007FC0
FF003FE0
FF003FE0
FF001FE0
FF001FE0
FF001FE0
FF003FE0
FF007FE0
FFFFFFE0
FFFFFFC0
FFFFFFC0
FFFFFF80
FFFFFF00
FFFFFC00
FFFFE000
ENDCHAR
STARTCHAR Gamma
ENCODING 915
SWIDTH 557 0
DWIDTH 28 0
BBX 24 36 3 0
BITMAP
FFFFFF
FFFFFF
FFFFFF
FFFFFF
FFFFFF
FFFFFF
FFFFFF
FF0000
FF0000
FF0000
FF0000
FF0000
FF0000
FF0000
FF0000
FF0000
FF0000
FF0000
FF0000
FF0000
FF0000
FF0000
FF0000
FF0000
FF0000
FF0000
FF0000
FF0000
FF0000
FF0000
FF0000
FF0000
FF0000
FF0000
FF0000
FF0000
ENDCHAR
STARTCHAR uni0394
ENCODING 916
SWIDTH 744 0
DWIDTH 37 0
BBX 36 36 1 0
BITMAP
0007FE0000
0007FE0000
000FFE0000
000FFF0000
001FFF0000
001FFF8000
001FFF8000
003FFF8000
003FFFC000
003FFFC000
007FFFE000
007FBFE000
00FF9FE000
00FF9FF000
00FF1FF000
01FF0FF000
01FE0FF800
03FE07F800
03FE07FC00
03FC07FC00
07FC03FC00
07FC03FE00
07F803FE00
0FF801FF00
0FF801FF00
1FF000FF00
1FF000FF80
1FF000FF80
3FE0007FC0
3FFFFFFFC0
3FFFFFFFC0
7FFFFFFFE0
7FFFFFFFE0
FFFFFFFFE0
FFFFFFFFF0
FFFFFFFFF0
ENDCHAR
STARTCHAR Epsilon
ENCODING 917
SWIDTH 559 0
DWIDTH 28 0
BBX 24 36 3 0
BITMAP
FFFFFF
FFFFFF
FFFFFF
FFFFFF
FFFFFF
FFFFFF
FFFFFF
FF0000
FF0000
FF0000
FF0000
FF0000
FF0000
FF0000
FF0000
FFFFFC
FFFFFC
FFFFFC
FFFFFC
FFFFFC
FFFFFC
FF0000
FF0000
FF0000
FF0000
FF0000
FF0000
FF0000
FF0000
FFFFFF
FFFFFF
FFFFFF
FFFFFF
FFFFFF
FFFFFF
FFFFFF
ENDCHAR
STARTCHAR Zeta
ENCODING 918
SWIDTH 610 0
DWIDTH 31 0
BBX 27 36 2 0
BITMAP
FFFFFFE0
FFFFFFE0
FFFFFFE0
FFFFFFE0
FFFFFFE0
FFFFFFC0
FFFFFFC0
0000FF80
0001FF00
0001FF00
0003FE00
0007FC00
0007FC00
000FF800
001FF000
001FF000
003FE000
007FC000
007FC000
00FF8000
01FF0000
03FF0000
03FE0000
07FC0000
0FFC0000
0FF80000
1FF00000
3FF00000
3FE00000
7FFFFFE0
FFFFFFE0
FFFFFFE0
FFFFFFE0
FFFFFFE0
FFFFFFE0
FFFFFFE0
ENDCHAR
STARTCHAR Eta
ENCODING 919
SWIDTH 702 0
DWIDTH 35 0
BBX 29 36 3 0
BITMAP
FF0007F8
FF0007F8
FF0007F8
FF0007F8
FF0007F8
FF0007F8
FF0007F8
FF0007F8
FF0007F8
FF0007F8
FF0007F8
FF0007F8
FF0007F8
FF0007F8
FFFFFFF8
FFFFFFF8
FFFFFFF8
FFFFFFF8
FFFFFFF8
FFFFFFF8
FFFFFFF8
FF0007F8
FF0007F8
FF0007F8
FF0007F8
FF0007F8
FF0007F8
FF0007F8
FF0007F8
FF0007F8
FF0007F8
FF0007F8
FF0007F8
FF0007F8
FF0007F8
FF0007F8
ENDCHAR
STARTCHAR Theta
ENCODING 920
SWIDTH 691 0
DWIDTH 35 0
BBX 31 36 2 0
BITMAP
001FE000
00FFFC00
01FFFF00
07FFFF80
0FFFFFC0
1FFFFFE0
1FFFFFF0
3FF03FF8
3FE00FF8
7FC00FFC
7FC007FC
FF8007FC
FF8003FC
FF8003FE
FF8003FE
FF8FE3FE
FF8FE3FE
FF8FE3FE
FF8FE3FE
FF8FE3FE
FF8FE3FE
FF8003FE
FF8003FE
FF8003FC
FF8007FC
7FC007FC
7FC00FFC
3FE00FF8
3FF03FF8
1FFFFFF0
1FFFFFE0
0FFFFFC0
07FFFF80
01FFFF00
00FFFC00
001FE000
ENDCHAR
STARTCHAR Iota
ENCODING 921
SWIDTH 302 0
DWIDTH 15 0
BBX 9 36 3 0
BITMAP
FF80
FF80
FF80
FF80
FF80
FF80
FF80
FF80
FF80
FF80
FF80
FF80
FF80
FF80
FF80
FF80
FF80
FF80
FF80
FF80
FF80
FF80
FF80
FF80
FF80
FF80
FF80
FF80
FF80
FF80
FF80
FF80
FF80
FF80
FF80
FF80
ENDCHAR
STARTCHAR Kappa
ENCODING 922
SWIDTH 639 0
DWIDTH 32 0
BBX 29 36 3 0
BITMAP
FF001FF8
FF003FF0
FF007FF0
FF007FE0
FF00FFC0
FF01FF80
FF01FF80
FF03FF00
FF07FE00
FF0FFC00
FF0FFC00
FF1FF800
FF3FF000
FF3FE000
FF7FE000
FF7FC000
FFFFC000
FFFFC000
FFFFE000
FFFFF000
FFFFF000
FFFFF800
FFFFF800
FFEFFC00
FFC7FE00
FF87FE00
FF03FF00
FF01FF00
FF01FF80
FF00FFC0
FF00FFC0
FF007FE0
FF007FE0
FF003FF0
FF001FF8
FF001FF8
ENDCHAR
STARTCHAR Lambda
ENCODING 923
SWIDTH 642 0
DWIDTH 32 0
BBX 32 36 0 0
BITMAP
001FF800
001FF800
001FFC00
003FFC00
003FFC00
003FFC00
007FFE00
007FFE00
007FFE00
00FFFF00
00FFFF00
00FFFF00
01FF7F80
01FE7F80
01FE7F80
01FE7FC0
03FE3FC0
03FC3FC0
03FC3FE0
07FC3FE0
07F81FE0
07F81FF0
0FF81FF0
0FF81FF0
0FF00FF8
1FF00FF8
1FF00FF8
1FF007F8
3FE007FC
3FE007FC
3FE007FC
7FE003FE
7FC003FE
7FC003FE
FFC003FF
FF8001FF
ENDCHAR
STARTCHAR Mu
ENCODING 924
SWIDTH 876 0
DWIDTH 44 0
BBX 38 36 3 0
BITMAP
FFE0001FFC
FFE0003FFC
FFF0003FFC
FFF0003FFC
FFF0007FFC
FFF8007FFC
FFF8007FFC
FFF800FFFC
FFFC00FFFC
FFFC00FFFC
FFFC01FFFC
FEFE01FFFC
FFFE01FFFC
FFFE01FBFC
FF7F03FBFC
FF7F03FBFC
FF7F03F3FC
FF3F07F3FC
FF3F87F3FC
FF3F87E3FC
FF1F8FE3FC
FF1FCFE3FC
FF0FCFC3FC
FF0FDFC3FC
FF0FFFC3FC
FF07FF83FC
FF07FF83FC
FF07FF87FC
FF03FF07FC
FF03FF07FC
FF03FF07FC
FF01FE07FC
FF01FE07FC
FF01FE07FC
FF00FC07FC
FF00FC07FC
ENDCHAR
STARTCHAR Nu
ENCODING 925
SWIDTH 702 0
DWIDTH 35 0
BBX 29 36 3 0
BITMAP
FF8007F8
FF8007F8
FFC007F8
FFC007F8
FFE007F8
FFE007F8
FFF007F8
FFF807F8
FFF807F8
FFFC07F8
FFFC07F8
FFFE07F8
FFFE07F8
FFFF07F8
FF7F07F8
FF7F87F8
FF3FC7F8
FF3FC7F8
FF1FE7F8
FF0FE7F8
FF0FF7F8
FF07F7F8
FF07FFF8
FF03FFF8
FF03FFF8
FF01FFF8
FF00FFF8
FF00FFF8
FF007FF8
FF007FF8
FF003FF8
FF003FF8
FF001FF8
FF001FF8
FF000FF8
FF0007F8
ENDCHAR
STARTCHAR Xi
ENCODING 926
SWIDTH 563 0
DWIDTH 28 0
BBX 25 36 2 0
BITMAP
7FFFFE00
7FFFFE00
7FFFFE00
7FFFFE00
7FFFFE00
7FFFFE00
7FFFFE00
00000000
00000000
00000000
00000000
00000000
00000000
00000000
00000000
1FFFFC00
1FFFFC00
1FFFFC00
1FFFFC00
1FFFFC00
1FFFFC00
00000000
00000000
00000000
00000000
00000000
00000000
00000000
00000000
FFFFFF80
FFFFFF80
FFFFFF80
FFFFFF80
FFFFFF80
FFFFFF80
FFFFFF80
ENDCHAR
STARTCHAR Omicron
ENCODING 927
SWIDTH 690 0
DWIDTH 35 0
BBX 31 36 2 0
BITMAP
001FE000
00FFFC00
03FFFF00
07FFFF80
0FFFFFC0
1FFFFFE0
1FFFFFF0
3FF03FF8
7FE00FF8
7FC00FF8
7FC007FC
FF8007FC
FF8003FC
FF8003FE
FF8003FE
FF0003FE
FF0003FE
FF0003FE
FF0003FE
FF0003FE
FF0003FE
FF8003FE
FF8003FC
FF8003FC
FF8007FC
7FC007FC
7FC00FF8
7FE00FF8
3FF03FF0
1FFFFFF0
1FFFFFE0
0FFFFFC0
07FFFF80
01FFFF00
00FFFC00
001FE000
ENDCHAR
STARTCHAR Pi
ENCODING 928
SWIDTH 704 0
DWIDTH 35 0
BBX 30 36 3 0
BITMAP
FFFFFFFC
FFFFFFFC
FFFFFFFC
FFFFFFFC
FFFFFFFC
FFFFFFFC
FFFFFFFC
FF0007FC
FF0007FC
FF0007FC
FF0007FC
FF0007FC
FF0007FC
FF0007FC
FF0007FC
FF0007FC
FF0007FC
FF0007FC
FF0007FC
FF0007FC
FF0007FC
FF0007FC
FF0007FC
FF0007FC
FF0007FC
FF0007FC
FF0007FC
FF0007FC
FF0007FC
FF0007FC
FF0007FC
FF0007FC
FF0007FC
FF0007FC
FF0007FC
FF0007FC
ENDCHAR
STARTCHAR Rho
ENCODING 929
SWIDTH 651 0
DWIDTH 33 0
BBX 28 36 3 0
BITMAP
FFFFC000
FFFFF800
FFFFFE00
FFFFFF00
FFFFFF80
FFFFFFC0
FFFFFFC0
FF007FE0
FF003FE0
FF003FE0
FF001FF0
FF001FF0
FF001FF0
FF001FF0
FF001FE0
FF003FE0
FF007FE0
FFFFFFE0
FFFFFFC0
FFFFFF80
FFFFFF00
FFFFFE00
FFFFF800
FFFFC000
FF000000
FF000000
FF000000
FF000000
FF000000
FF000000
FF000000
FF000000
FF000000
FF000000
FF000000
FF000000
ENDCHAR
STARTCHAR Sigma
ENCODING 931
SWIDTH 563 0
DWIDTH 28 0
BBX 25 36 2 0
BITMAP
FFFFFF80
FFFFFF80
FFFFFF80
FFFFFF80
FFFFFF80
7FFFFF80
3FFFFF80
1FF00000
1FF80000
0FFC0000
07FC0000
07FE0000
03FF0000
01FF0000
00FF8000
00FFC000
007FC000
003FE000
007FE000
007FC000
00FF8000
01FF8000
01FF0000
03FE0000
07FE0000
07FC0000
0FF80000
1FF80000
3FF00000
3FFFFF80
7FFFFF80
FFFFFF80
FFFFFF80
FFFFFF80
FFFFFF80
FFFFFF80
ENDCHAR
STARTCHAR Tau
ENCODING 932
SWIDTH 630 0
DWIDTH 32 0
BBX 30 36 1 0
BITMAP
FFFFFFFC
FFFFFFFC
FFFFFFFC
FFFFFFFC
FFFFFFFC
FFFFFFFC
FFFFFFFC
003FE000
003FE000
003FE000
003FE000
003FE000
003FE000
003FE000
003FE000
003FE000
003FE000
003FE000
003FE000
003FE000
003FE000
003FE000
003FE000
003FE000
003FE000
003FE000
003FE000
003FE000
003FE000
003FE000
003FE000
003FE000
003FE000
003FE000
003FE000
003FE000
ENDCHAR
STARTCHAR Upsilon
ENCODING 933
SWIDTH 627 0
DWIDTH 31 0
BBX 31 36 0 0
BITMAP
FF8003FE
7FC003FE
7FC007FC
3FE007FC
3FE00FF8
1FE00FF8
1FF00FF0
0FF01FF0
0FF81FE0
07F83FE0
07FC3FC0
03FC7FC0
03FC7F80
01FE7F80
01FEFF00
00FFFF00
00FFFE00
007FFE00
007FFC00
003FFC00
003FF800
001FF800
001FF000
001FF000
001FF000
001FF000
001FF000
001FF000
001FF000
001FF000
001FF000
001FF000
001FF000
001FF000
001FF000
001FF000
ENDCHAR
STARTCHAR Phi
ENCODING 934
SWIDTH 798 0
DWIDTH 40 0
BBX 36 36 2 0
BITMAP
0003FC0000
0003FC0000
0003FC0000
0003FC0000
003FFFC000
01FFFFF800
03FFFFFE00
0FFFFFFF00
1FFFFFFF80
3FFFFFFFC0
3FFFFFFFC0
7FFBFCFFE0
7FE3FC3FE0
FFC3FC1FF0
FF83FC1FF0
FF83FC0FF0
FF03FC0FF0
FF03FC0FF0
FF03FC0FF0
FF03FC0FF0
FF03FC0FF0
FF83FC1FF0
FF83FC1FF0
7FC3FC3FF0
7FFBFCFFE0
3FFFFFFFE0
3FFFFFFFC0
1FFFFFFF80
0FFFFFFF00
07FFFFFE00
01FFFFF800
003FFFC000
0003FC0000
0003FC0000
0003FC0000
0003FC0000
ENDCHAR
STARTCHAR Chi
ENCODING 935
SWIDTH 638 0
DWIDTH 32 0
BBX 32 36 0 0
BITMAP
7FC003FE
7FE007FE
3FE007FC
3FF00FFC
1FF00FF8
1FF81FF8
0FF81FF0
07FC3FE0
07FC3FE0
03FE7FC0
03FE7FC0
01FFFF80
01FFFF80
00FFFF00
00FFFF00
007FFE00
003FFC00
003FFC00
003FFC00
007FFE00
007FFE00
00FFFF00
00FFFF00
01FFFF80
01FFFF80
03FE7FC0
07FE7FC0
07FC3FE0
0FFC3FF0
0FF81FF0
1FF81FF8
1FF00FF8
3FF00FFC
7FE007FC
7FE007FE
FFC003FF
ENDCHAR
STARTCHAR Psi
ENCODING 936
SWIDTH 745 0
DWIDTH 37 0
BBX 36 36 1 0
BITMAP
FF03FC1FF0
FF03FC1FF0
FF03FC1FF0
FF03FC1FF0
FF03FC1FF0
FF03FC1FF0
FF03FC1FF0
FF03FC1FF0
FF03FC1FF0
FF03FC1FF0
FF03FC1FF0
FF03FC1FE0
FF83FC1FE0
FF83FC1FE0
FF83FC1FE0
FF83FC3FE0
7FC3FC3FE0
7FC3FC7FC0
7FF3FCFFC0
3FFFFFFF80
1FFFFFFF80
1FFFFFFF00
0FFFFFFE00
03FFFFFC00
01FFFFF000
003FFF8000
0003FC0000
0003FC0000
0003FC0000
0003FC0000
0003FC0000
0003FC0000
0003FC0000
0003FC0000
0003FC0000
0003FC0000
ENDCHAR
STARTCHAR uni03A9
ENCODING 937
SWIDTH 674 0
DWIDTH 34 0
BBX 29 36 2 0
BITMAP
001FE000
00FFF800
03FFFE00
07FFFF00
0FFFFF80
1FFFFFC0
1FFFFFE0
3FF07FE0
3FF03FF0
7FE03FF0
7FE01FF0
7FC01FF8
7FC01FF8
FFC01FF8
FFC01FF8
FFC01FF8
FFC01FF8
FFC01FF8
FFC01FF8
7FC01FF8
7FC01FF8
7FC01FF0
7FE01FF0
3FE01FE0
3FE03FE0
1FE03FC0
0FF03FC0
0FF07F80
07F87F00
7FFCFFF0
7FFCFFF0
7FFCFFF0
7FFCFFF0
7FFCFFF0
7FFCFFF0
7FFCFFF0
ENDCHAR
STARTCHAR Iotadieresis
ENCODING 938
SWIDTH 302 0
DWIDTH 15 0
BBX 20 46 -3 0
BITMAP
000080
7E03E0
7E07F0
FF07F0
FF07F0
7E03F0
3C01E0
000000
000000
000000
03FE00
03FE00
03FE00
03FE00
03FE00
03FE00
03FE00
03FE00
03FE00
03FE00
03FE00
03FE00
03FE00
03FE00
03FE00
03FE00
03FE00
03FE00
03FE00
03FE00
03FE00
03FE00
03FE00
03FE00
03FE00
03FE00
03FE00
03FE00
03FE00
03FE00
03FE00
03FE00
03FE00
03FE00
03FE00
03FE00
ENDCHAR
STARTCHAR Upsilondieresis
ENCODING 939
SWIDTH 627 0
DWIDTH 31 0
BBX 31 46 0 0
BITMAP
00000400
03F01F00
03F03F80
07F83F80
07F83F80
03F01F80
01E00F00
00000000
00000000
00000000
FF8003FE
7FC003FE
7FC007FC
3FE007FC
3FE00FF8
1FE00FF8
1FF00FF0
0FF01FF0
0FF81FE0
07F83FE0
07FC3FC0
03FC7FC0
03FC7F80
01FE7F80
01FEFF00
00FFFF00
00FFFE00
007FFE00
007FFC00
003FFC00
003FF800
001FF800
001FF000
001FF000
001FF000
001FF000
001FF000
001FF000
001FF000
001FF000
001FF000
001FF000
001FF000
001FF000
001FF000
001FF000
ENDCHAR
STARTCHAR alphatonos
ENCODING 940
SWIDTH 562 0
DWIDTH 28 0
BBX 27 38 1 0
BITMAP
0007F000
0007F000
000FE000
000FC000
000FC000
001F8000
001F8000
001F0000
00000000
00000000
00000000
00000000
01F87F00
07FE7F00
0FFF7F00
1FFFFF00
1FFFFF00
3FFFFF00
3FF3FF00
7FC0FF00
7FC0FF00
7F80FF00
7F80FF00
7F80FF00
FF80FF00
FF80FF00
FF80FF00
7F80FF00
7F80FF00
7F80FF00
7FC0FF80
7FF3FF80
3FFFFFE0
3FFFFFE0
1FFFFFE0
0FFF3FE0
07FE1FE0
01F807E0
ENDCHAR
STARTCHAR epsilontonos
ENCODING 941
SWIDTH 565 0
DWIDTH 28 0
BBX 25 38 2 0
BITMAP
000FE000
000FE000
001FC000
001F8000
001F8000
003F0000
003F0000
003E0000
00000000
00000000
00000000
00000000
00FF8000
07FFF000
1FFFFC00
3FFFFE00
7FFFFF00
7FFFFF00
7FC1FF00
7F80FF80
7F800000
7FC00000
3FFF8000
1FFF8000
07FF8000
1FFF8000
3FFF8000
7FC00000
7F800000
FF800000
FF807F80
FFC0FF80
7FFFFF00
7FFFFF00
3FFFFE00
1FFFFC00
07FFF000
00FFC000
ENDCHAR
STARTCHAR etatonos
ENCODING 942
SWIDTH 562 0
DWIDTH 28 0
BBX 24 48 2 -10
BITMAP
001FC0
001FC0
003F80
003F00
003F00
007E00
007E00
007C00
000000
000000
000000
000000
FF07E0
FF1FF8
FF7FFC
FFFFFE
FFFFFE
FFFFFE
FFE3FF
FF81FF
FF00FF
FF00FF
FF00FF
FF00FF
FF00FF
FF00FF
FF00FF
FF00FF
FF00FF
FF00FF
FF00FF
FF00FF
FF00FF
FF00FF
FF00FF
FF00FF
FF00FF
FF00FF
0000FF
0000FF
0000FF
0000FF
0000FF
0000FF
0000FF
0000FF
0000FF
0000FF
ENDCHAR
STARTCHAR iotatonos
ENCODING 943
SWIDTH 341 0
DWIDTH 17 0
BBX 13 38 3 0
BITMAP
1FC0
1FC0
3F80
3F00
3F00
7E00
7E00
7C00
0000
0000
0000
0000
FF00
FF00
FF00
FF00
FF00
FF00
FF00
FF00
FF00
FF00
FF00
FF00
FF00
FF00
FF00
FF00
FF00
FF00
FF00
FFC8
FFF8
FFF8
FFF8
7FF8
3FF8
0FF0
ENDCHAR
STARTCHAR upsilondieresistonos
ENCODING 944
SWIDTH 544 0
DWIDTH 27 0
BBX 24 44 2 0
BITMAP
001FC0
001F80
003F80
003F00
003F00
003E00
003E00
003C10
7E3C7C
7F00FE
FF00FE
7F00FE
7E007E
3C003C
000000
000000
000000
000000
FF87F8
FF83FC
FF83FC
FF83FC
FF83FE
FF81FE
FF81FE
FF81FE
FF81FE
FF81FF
FF81FF
FF81FF
FF81FF
FF81FF
FF81FF
FF81FE
FF81FE
FF83FE
7F87FE
7FCFFC
7FFFFC
3FFFF8
3FFFF0
1FFFE0
07FFC0
01FE00
ENDCHAR
STARTCHAR alpha
ENCODING 945
SWIDTH 562 0
DWIDTH 28 0
BBX 27 26 1 0
BITMAP
01F87F00
07FE7F00
0FFF7F00
1FFFFF00
1FFFFF00
3FFFFF00
3FF3FF00
7FC0FF00
7FC0FF00
7F80FF00
7F80FF00
7F80FF00
FF80FF00
FF80FF00
FF80FF00
7F80FF00
7F80FF00
7F80FF00
7FC0FF80
7FF3FF80
3FFFFFE0
3FFFFFE0
1FFFFFE0
0FFF3FE0
07FE1FE0
01F807E0
ENDCHAR
STARTCHAR beta
ENCODING 946
SWIDTH 606 0
DWIDTH 30 0
BBX 26 46 3 -10
BITMAP
007F8000
03FFF000
0FFFF800
1FFFFC00
3FFFFE00
3FFFFF00
7FF3FF00
7FC1FF00
7F80FF00
FF80FF00
FF80FF00
FF80FF00
FF80FF00
FF81FE00
FF9FFE00
FF9FFC00
FF9FF000
FF9FFC00
FF9FFE00
FF9FFF00
FF81FF80
FF807F80
FF807FC0
FF803FC0
FF803FC0
FF803FC0
FF803FC0
FF807FC0
FF80FFC0
FFE3FF80
FFFFFF80
FFFFFF80
FFFFFF00
FFFFFE00
FFFFF800
FF8FE000
FF800000
FF800000
FF800000
FF800000
FF800000
FF800000
FF800000
FF800000
FF800000
FF800000
ENDCHAR
STARTCHAR gamma
ENCODING 947
SWIDTH 514 0
DWIDTH 26 0
BBX 25 36 0 -10
BITMAP
FF807F80
7F807F80
7F80FF80
7FC0FF00
3FC0FF00
3FC0FF00
3FC1FE00
3FE1FE00
1FE1FE00
1FE1FC00
1FE3FC00
0FF3FC00
0FF3F800
0FF3F800
07F7F800
07FFF000
07FFF000
03FFF000
03FFE000
03FFE000
01FFE000
01FFC000
01FFC000
00FFC000
00FFC000
00FF8000
007F8000
007F8000
007F8000
007F8000
007F8000
007F8000
007F8000
007F8000
007F8000
007F8000
ENDCHAR
STARTCHAR delta
ENCODING 948
SWIDTH 562 0
DWIDTH 28 0
BBX 26 39 1 0
BITMAP
007FC000
01FFF000
03FFF000
07FFF000
0FFFF000
0FFFF000
1FF01000
1FE00000
1FE00000
1FF00000
0FF80000
0FFF0000
07FFC000
03FFF000
01FFF800
03FFFC00
0FFFFE00
1FF3FF00
1FE1FF80
3FC0FF80
7F807F80
7F807FC0
7F803FC0
FF803FC0
FF803FC0
FF803FC0
FF803FC0
FF803FC0
FF803FC0
7F807FC0
7FC07F80
7FC0FF80
3FF3FF80
3FFFFF00
1FFFFE00
0FFFFC00
07FFF800
01FFF000
007F8000
ENDCHAR
STARTCHAR epsilon
ENCODING 949
SWIDTH 565 0
DWIDTH 28 0
BBX 25 26 2 0
BITMAP
00FF8000
07FFF000
1FFFFC00
3FFFFE00
7FFFFF00
7FFFFF00
7FC1FF00
7F80FF80
7F800000
7FC00000
3FFF8000
1FFF8000
07FF8000
1FFF8000
3FFF8000
7FC00000
7F800000
FF800000
FF807F80
FFC0FF80
7FFFFF00
7FFFFF00
3FFFFE00
1FFFFC00
07FFF000
00FFC000
ENDCHAR
STARTCHAR zeta
ENCODING 950
SWIDTH 488 0
DWIDTH 24 0
BBX 23 46 1 -10
BITMAP
FFFFFE
FFFFFE
FFFFFE
FFFFFE
FFFFFC
FFFFFC
000FF8
001FF0
003FE0
007FC0
007F80
00FF80
01FF00
03FE00
07FC00
07F800
0FF800
1FF000
1FE000
3FE000
3FC000
3FC000
7F8000
7F8000
7F8000
7F8000
7F8000
7FC000
7FC000
7FF000
3FFE00
3FFFC0
1FFFF0
0FFFF8
03FFFC
00FFFC
001FFC
0007FC
0003FC
0003F8
0007F8
0007F0
000FF0
000FE0
0003C0
000100
ENDCHAR
STARTCHAR eta
ENCODING 951
SWIDTH 562 0
DWIDTH 28 0
BBX 24 36 2 -10
BITMAP
FF07E0
FF1FF8
FF7FFC
FFFFFE
FFFFFE
FFFFFE
FFE3FF
FF81FF
FF00FF
FF00FF
FF00FF
FF00FF
FF00FF
FF00FF
FF00FF
FF00FF
FF00FF
FF00FF
FF00FF
FF00FF
FF00FF
FF00FF
FF00FF
FF00FF
FF00FF
FF00FF
0000FF
0000FF
0000FF
0000FF
0000FF
0000FF
0000FF
0000FF
0000FF
0000FF
ENDCHAR
STARTCHAR theta
ENCODING 952
SWIDTH 601 0
DWIDTH 30 0
BBX 24 36 3 0
BITMAP
00FF00
03FFC0
0FFFF0
1FFFF8
3FFFFC
3FFFFC
7FC3FE
7F81FE
FF81FF
FF00FF
FF00FF
FF00FF
FF00FF
FF00FF
FF00FF
FFFFFF
FFFFFF
FFFFFF
FFFFFF
FFFFFF
FFFFFF
FF00FF
FF00FF
FF00FF
FF00FF
FF00FF
FF00FF
FF81FF
7F81FE
7FC3FE
3FFFFC
3FFFFC
1FFFF8
0FFFF0
03FFC0
00FF00
ENDCHAR
STARTCHAR iota
ENCODING 953
SWIDTH 341 0
DWIDTH 17 0
BBX 13 26 3 0
BITMAP
FF00
FF00
FF00
FF00
FF00
FF00
FF00
FF00
FF00
FF00
FF00
FF00
FF00
FF00
FF00
FF00
FF00
FF00
FF00
FFC8
FFF8
FFF8
FFF8
7FF8
3FF8
0FF0
ENDCHAR
STARTCHAR kappa
ENCODING 954
SWIDTH 606 0
DWIDTH 30 0
BBX 26 26 3 0
BITMAP
FF01FFC0
FF01FF80
FF03FF80
FF03FF00
FF07FE00
FF07FE00
FF0FFC00
FF1FF800
FF1FF800
FFFFF000
FFFFE000
FFFFE000
FFFFC000
FFFFE000
FFFFE000
FFFFF000
FFFFF800
FF1FF800
FF0FFC00
FF0FFE00
FF07FE00
FF03FF00
FF03FF00
FF01FF80
FF01FFC0
FF00FFC0
ENDCHAR
STARTCHAR lambda
ENCODING 955
SWIDTH 545 0
DWIDTH 27 0
BBX 28 38 0 0
BITMAP
1FC00000
1FF00000
1FF80000
1FFC0000
1FFC0000
1FFE0000
07FE0000
01FF0000
00FF0000
00FF0000
007F8000
007F8000
007FC000
00FFC000
00FFC000
00FFE000
01FFE000
01FFF000
01FFF000
03FFF000
03FFF800
03FFF800
07FFFC00
07FBFC00
07FBFC00
0FF3FE00
0FF1FE00
0FF1FF00
1FF1FF00
1FE0FF00
3FE0FF80
3FE0FFC0
3FC07FF0
7FC07FF0
7FC03FF0
7F803FF0
FF801FF0
FF8007F0
ENDCHAR
STARTCHAR uni03BC
ENCODING 956
SWIDTH 641 0
DWIDTH 32 0
BBX 25 36 3 -10
BITMAP
FF007F80
FF007F80
FF007F80
FF007F80
FF007F80
FF007F80
FF007F80
FF007F80
FF007F80
FF007F80
FF007F80
FF007F80
FF007F80
FF007F80
FF007F80
FF007F80
FF807F80
FF807F80
FF807F80
FFC0FF80
FFF7FF80
FFFFFF80
FFFFFF80
FFFFFF80
FFFFFF80
FFFFFF80
FF7E0000
FF000000
FF000000
FF000000
FF000000
FF000000
FF000000
FF000000
FF000000
FF000000
ENDCHAR
STARTCHAR nu
ENCODING 957
SWIDTH 516 0
DWIDTH 26 0
BBX 26 26 0 0
BITMAP
FF807FC0
7F807F80
7F80FF80
7FC0FF80
3FC0FF00
3FC0FF00
3FC1FF00
1FE1FE00
1FE1FE00
1FE1FE00
0FE3FC00
0FF3FC00
0FF3FC00
07F3F800
07F7F800
07FFF800
03FFF000
03FFF000
03FFF000
01FFE000
01FFE000
01FFE000
00FFC000
00FFC000
00FFC000
007F8000
ENDCHAR
STARTCHAR xi
ENCODING 958
SWIDTH 551 0
DWIDTH 28 0
BBX 23 46 3 -10
BITMAP
007FE0
01FFF8
07FFF8
0FFFF8
1FFFF8
1FFFF8
3FFFF0
3FE000
3FC000
3FC000
3FC000
3FE000
1FFFC0
1FFFC0
0FFFC0
03FFC0
07FFC0
1FFFC0
3FFFC0
7FF000
7FC000
FF8000
FF0000
FF0000
FF0000
FF0000
FF0000
FF8000
FFC000
FFF000
7FFF00
7FFFE0
1FFFF8
0FFFFC
03FFFE
007FFE
000FFE
0003FE
0001FE
0001FE
0003FC
0003F8
0007F8
0007F0
0001E0
000080
ENDCHAR
STARTCHAR omicron
ENCODING 959
SWIDTH 562 0
DWIDTH 28 0
BBX 26 26 1 0
BITMAP
007F8000
03FFF000
07FFF800
0FFFFC00
1FFFFE00
3FFFFF00
3FF3FF00
7FC0FF80
7F807F80
7F807F80
FF807FC0
FF807FC0
FF803FC0
FF803FC0
FF803FC0
FF807FC0
7F807F80
7F807F80
7FC0FF80
3FF3FF00
3FFFFF00
1FFFFE00
0FFFFC00
07FFF800
03FFF000
007F8000
ENDCHAR
STARTCHAR pi
ENCODING 960
SWIDTH 669 0
DWIDTH 34 0
BBX 31 26 1 0
BITMAP
FFFFFFFE
FFFFFFFE
FFFFFFFE
FFFFFFFE
FFFFFFFE
FFFFFFFE
07F83FE0
07F83FE0
07F83FE0
07F83FE0
07F83FE0
07F83FE0
07F83FE0
07F83FE0
07F83FE0
07F83FE0
07F83FE0
07F83FE0
07F83FE0
07F83FF0
07F81FFE
07F81FFE
07F81FFE
07F80FFE
07F807FE
07F801FE
ENDCHAR
STARTCHAR rho
ENCODING 961
SWIDTH 562 0
DWIDTH 28 0
BBX 25 36 2 -10
BITMAP
007F8000
03FFE000
07FFF800
0FFFFC00
1FFFFC00
3FFFFE00
3FE3FF00
7FC1FF00
7F80FF00
7F80FF80
FF80FF80
FF807F80
FF807F80
FF807F80
FF807F80
FF80FF80
FF80FF80
FF80FF00
FF81FF00
FFE3FF00
FFFFFE00
FFFFFE00
FFFFFC00
FFFFF800
FFBFF000
FF8FC000
FF800000
FF800000
FF800000
FF800000
FF800000
FF800000
FF800000
FF800000
FF800000
FF800000
ENDCHAR
STARTCHAR sigma1
ENCODING 962
SWIDTH 501 0
DWIDTH 25 0
BBX 24 35 1 -9
BITMAP
007F00
03FFE0
07FFF0
1FFFF8
1FFFFC
3FFFFE
7FE3FE
7FC1FE
7F80FE
FF80FF
FF80FF
FF0000
FF0000
FF0000
FF0000
FF0000
FF8000
7F8000
7FC000
7FE000
3FFC00
1FFF80
0FFFE0
07FFF0
01FFF8
007FF8
000FF8
0007F8
0007F8
000FF0
000FF0
001FE0
001FC0
000780
000300
ENDCHAR
STARTCHAR sigma
ENCODING 963
SWIDTH 574 0
DWIDTH 29 0
BBX 27 26 1 0
BITMAP
007FFFE0
03FFFFE0
07FFFFE0
0FFFFFE0
1FFFFFE0
3FFFFFE0
7FF3FC00
7FC0FE00
7F80FE00
FF807F00
FF807F80
FF007F80
FF007F80
FF007F80
FF807F80
FF807F80
7F807F80
7F80FF80
7FC0FF00
3FF3FF00
3FFFFF00
1FFFFE00
0FFFFC00
07FFF800
03FFF000
007F8000
ENDCHAR
STARTCHAR tau
ENCODING 964
SWIDTH 519 0
DWIDTH 26 0
BBX 24 26 1 0
BITMAP
FFFFFF
FFFFFF
FFFFFF
FFFFFF
FFFFFF
FFFFFF
00FF00
00FF00
00FF00
00FF00
00FF00
00FF00
00FF00
00FF00
00FF00
00FF00
00FF00
00FF00
00FF00
00FF90
00FFF8
00FFF8
007FF8
003FF8
001FF8
0007F8
ENDCHAR
STARTCHAR upsilon
ENCODING 965
SWIDTH 544 0
DWIDTH 27 0
BBX 24 26 2 0
BITMAP
FF87F8
FF83FC
FF83FC
FF83FC
FF83FE
FF81FE
FF81FE
FF81FE
FF81FE
FF81FF
FF81FF
FF81FF
FF81FF
FF81FF
FF81FF
FF81FE
FF81FE
FF83FE
7F87FE
7FCFFC
7FFFFC
3FFFF8
3FFFF0
1FFFE0
07FFC0
01FE00
ENDCHAR
STARTCHAR phi
ENCODING 966
SWIDTH 765 0
DWIDTH 38 0
BBX 36 38 1 -12
BITMAP
04001FE000
0E007FF800
1F80FFFE00
3FC1FFFF00
3FE3FFFF80
7FC3FFFFC0
7F83FCFFC0
FF83FC3FE0
FF83FC1FE0
FF03FC1FF0
FF03FC1FF0
FF03FC0FF0
FF03FC0FF0
FF03FC0FF0
FF83FC1FF0
FF83FC1FF0
7F83FC1FE0
7FC3FC3FE0
3FF3FCFFC0
3FFFFFFFC0
1FFFFFFF80
0FFFFFFF00
07FFFFFE00
03FFFFFC00
007FFFF000
000FFF0000
0003FC0000
0003FC0000
0003FC0000
0003FC0000
0003FC0000
0003FC0000
0003FC0000
0003FC0000
0003FC0000
0003FC0000
0003FC0000
0003FC0000
ENDCHAR
STARTCHAR chi
ENCODING 967
SWIDTH 523 0
DWIDTH 26 0
BBX 27 36 0 -10
BITMAP
FF003FE0
FF803FC0
FFC07FC0
FFE07F80
FFF0FF80
FFF0FF00
1FF9FF00
07F9FE00
03FFFE00
03FFFC00
01FFFC00
01FFF800
01FFF800
00FFF000
00FFF000
007FE000
007FE000
003FC000
007FC000
007FE000
00FFE000
00FFF000
00FFF000
01FFF800
01FFF800
03FFFC00
03FFFC00
07FBFE00
07F9FE00
0FF1FF80
0FF0FFC0
1FE0FFC0
1FE07FC0
3FC07FC0
3FC03FC0
7F800FC0
ENDCHAR
STARTCHAR psi
ENCODING 968
SWIDTH 766 0
DWIDTH 38 0
BBX 36 38 1 -12
BITMAP
FF83FC7F80
FF83FC3F80
FF83FC3FC0
FF83FC3FC0
FF83FC1FE0
FF83FC1FE0
FF83FC1FE0
FF83FC1FF0
FF83FC1FF0
FF83FC0FF0
FF83FC0FF0
FF83FC0FF0
FF83FC0FF0
FF83FC1FF0
7F83FC1FF0
7F83FC1FE0
7FC3FC3FE0
7FE3FC7FE0
3FF3FCFFC0
3FFFFFFFC0
1FFFFFFF80
0FFFFFFF00
07FFFFFE00
01FFFFF800
007FFFE000
000FFF0000
0003FC0000
0003FC0000
0003FC0000
0003FC0000
0003FC0000
0003FC0000
0003FC0000
0003FC0000
0003FC0000
0003FC0000
0003FC0000
0003FC0000
ENDCHAR
STARTCHAR omega
ENCODING 969
SWIDTH 819 0
DWIDTH 41 0
BBX 38 26 2 0
BITMAP
1FE0003FC0
3FC0001FE0
3FC0001FE0
7FC0000FF0
7F83FE0FF0
7F83FE0FF8
FF83FE07F8
FF03FE07F8
FF03FE07F8
FF03FE07F8
FF03FE07FC
FF03FE07FC
FF03FE07FC
FF03FE07FC
FF03FE07F8
FF03FE07F8
FF03FE07F8
FF83FF07F8
FF87FF0FF8
7FCFFF9FF0
7FFFFFFFF0
3FFFDFFFF0
3FFFDFFFE0
1FFF8FFFC0
07FF07FF80
01FC01FC00
ENDCHAR
STARTCHAR iotadieresis
ENCODING 970
SWIDTH 341 0
DWIDTH 17 0
BBX 20 37 -3 0
BITMAP
000080
7E03E0
7E07F0
FF07F0
FF07F0
7E03F0
3C01E0
000000
000000
000000
000000
03FC00
03FC00
03FC00
03FC00
03FC00
03FC00
03FC00
03FC00
03FC00
03FC00
03FC00
03FC00
03FC00
03FC00
03FC00
03FC00
03FC00
03FC00
03FC00
03FF20
03FFE0
03FFE0
03FFE0
01FFE0
00FFE0
003FC0
ENDCHAR
STARTCHAR upsilondieresis
ENCODING 971
SWIDTH 544 0
DWIDTH 27 0
BBX 24 37 2 0
BITMAP
000020
1F80F8
1F81FC
3FC1FC
3FC1FC
1F80FC
0F0078
000000
000000
000000
000000
FF87F8
FF83FC
FF83FC
FF83FC
FF83FE
FF81FE
FF81FE
FF81FE
FF81FE
FF81FF
FF81FF
FF81FF
FF81FF
FF81FF
FF81FF
FF81FE
FF81FE
FF83FE
7F87FE
7FCFFC
7FFFFC
3FFFF8
3FFFF0
1FFFE0
07FFC0
01FE00
ENDCHAR
STARTCHAR omicrontonos
ENCODING 972
SWIDTH 562 0
DWIDTH 28 0
BBX 26 38 1 0
BITMAP
000FE000
000FE000
001FC000
001F8000
001F8000
003F0000
003F0000
003E0000
00000000
00000000
00000000
00000000
007F8000
03FFF000
07FFF800
0FFFFC00
1FFFFE00
3FFFFF00
3FF3FF00
7FC0FF80
7F807F80
7F807F80
FF807FC0
FF807FC0
FF803FC0
FF803FC0
FF803FC0
FF807FC0
7F807F80
7F807F80
7FC0FF80
3FF3FF00
3FFFFF00
1FFFFE00
0FFFFC00
07FFF800
03FFF000
007F8000
ENDCHAR
STARTCHAR upsilontonos
ENCODING 973
SWIDTH 544 0
DWIDTH 27 0
BBX 24 38 2 0
BITMAP
001FC0
001FC0
003F80
003F00
003F00
007E00
007E00
007C00
000000
000000
000000
000000
FF87F8
FF83FC
FF83FC
FF83FC
FF83FE
FF81FE
FF81FE
FF81FE
FF81FE
FF81FF
FF81FF
FF81FF
FF81FF
FF81FF
FF81FF
FF81FE
FF81FE
FF83FE
7F87FE
7FCFFC
7FFFFC
3FFFF8
3FFFF0
1FFFE0
07FFC0
01FE00
ENDCHAR
STARTCHAR omegatonos
ENCODING 974
SWIDTH 819 0
DWIDTH 41 0
BBX 38 38 2 0
BITMAP
00003F8000
00003F8000
00007F0000
00007E0000
00007E0000
0000FC0000
0000FC0000
0000F80000
0000000000
0000000000
0000000000
0000000000
1FE0003FC0
3FC0001FE0
3FC0001FE0
7FC0000FF0
7F83FE0FF0
7F83FE0FF8
FF83FE07F8
FF03FE07F8
FF03FE07F8
FF03FE07F8
FF03FE07FC
FF03FE07FC
FF03FE07FC
FF03FE07FC
FF03FE07F8
FF03FE07F8
FF03FE07F8
FF83FF07F8
FF87FF0FF8
7FCFFF9FF0
7FFFFFFFF0
3FFFDFFFF0
3FFFDFFFE0
1FFF8FFFC0
07FF07FF80
01FC01FC00
ENDCHAR
STARTCHAR theta1
ENCODING 977
SWIDTH 603 0
DWIDTH 30 0
BBX 27 36 3 0
BITMAP
000FE000
003FF800
007FFC00
00FFFE00
01FFFF00
03FFFF00
03FFFF00
03FCFF80
03F8FF80
03F8FF80
07F8FF80
03F8FF80
03FCFF80
03FCFF80
03FEFF80
01FFFFE0
01FFFFE0
00FFFFE0
007FFFE0
FF3FFFE0
FF1FFFE0
FF07FFE0
FF00FF80
FF00FF80
FF00FF80
FF00FF80
FF00FF80
FF81FF80
7FC1FF00
7FFFFF00
3FFFFE00
3FFFFE00
1FFFFC00
0FFFF000
03FFE000
00FF0000
ENDCHAR
STARTCHAR Upsilon1
ENCODING 978
SWIDTH 623 0
DWIDTH 31 0
BBX 32 36 0 0
BITMAP
FE00007E
FF8001FF
FFC003FE
FFC007FE
FFE00FFE
FFE00FFE
FFF01FFE
0FF01FE0
0FF81FE0
07F83FC0
07F83FC0
03FC3F80
03FC7F80
03FC7F80
01FE7F00
01FEFF00
00FEFE00
00FFFE00
007FFE00
007FFC00
007FFC00
003FF800
003FF800
001FF000
001FF000
001FF000
001FF000
001FF000
001FF000
001FF000
001FF000
001FF000
001FF000
001FF000
001FF000
001FF000
ENDCHAR
STARTCHAR omega1
ENCODING 982
SWIDTH 850 0
DWIDTH 43 0
BBX 43 26 0 0
BITMAP
FFFFFFFFFFE0
FFFFFFFFFFE0
FFFFFFFFFFE0
FFFFFFFFFFE0
FFFFFFFFFFE0
1FE00000FF00
3FE00000FF00
3FC00000FF00
3FC00000FF80
3FC07FC0FF80
3FC07FC07F80
3FC07FC07F80
3FC07FC07F80
3FC07FC07F80
3FC07FC07F80
3FC07FC0FF80
3FC0FFC0FF80
3FE0FFC0FF00
3FE1FFE1FF00
1FF3FFF3FF00
1FFFFFFFFE00
0FFFFBFFFE00
0FFFF3FFFC00
07FFE1FFF800
01FFC0FFF000
007F003FC000
ENDCHAR
STARTCHAR uni0400
ENCODING 1024
SWIDTH 559 0
DWIDTH 28 0
BBX 24 47 3 0
BITMAP
0FF000
07F800
07FC00
03FC00
01FE00
00FE00
007F00
003F80
000000
000000
000000
FFFFFF
FFFFFF
FFFFFF
FFFFFF
FFFFFF
FFFFFF
FFFFFF
FF0000
FF0000
FF0000
FF0000
FF0000
FF0000
FF0000
FF0000
FFFFFC
FFFFFC
FFFFFC
FFFFFC
FFFFFC
FFFFFC
FF0000
FF0000
FF0000
FF0000
FF0000
FF0000
FF0000
FF0000
FFFFFF
FFFFFF
FFFFFF
FFFFFF
FFFFFF
FFFFFF
FFFFFF
ENDCHAR
STARTCHAR uni0401
ENCODING 1025
SWIDTH 559 0
DWIDTH 28 0
BBX 24 46 3 0
BITMAP
000020
1F80F8
1F81FC
3FC1FC
3FC1FC
1F80FC
0F0078
000000
000000
000000
FFFFFF
FFFFFF
FFFFFF
FFFFFF
FFFFFF
FFFFFF
FFFFFF
FF0000
FF0000
FF0000
FF0000
FF0000
FF0000
FF0000
FF0000
FFFFFC
FFFFFC
FFFFFC
FFFFFC
FFFFFC
FFFFFC
FF0000
FF0000
FF0000
FF0000
FF0000
FF0000
FF0000
FF0000
FFFFFF
FFFFFF
FFFFFF
FFFFFF
FFFFFF
FFFFFF
FFFFFF
ENDCHAR
STARTCHAR uni0402
ENCODING 1026
SWIDTH 746 0
DWIDTH 37 0
BBX 35 36 1 0
BITMAP
FFFFFFE000
FFFFFFE000
FFFFFFE000
FFFFFFE000
FFFFFFE000
FFFFFFE000
FFFFFFE000
00FF000000
00FF000000
00FF000000
00FF000000
00FF000000
00FF000000
00FF000000
00FF7FE000
00FFFFFC00
00FFFFFE00
00FFFFFF00
00FFFFFF80
00FFFFFFC0
00FFFFFFC0
00FF007FE0
00FF003FE0
00FF003FE0
00FF001FE0
00FF001FE0
00FF001FE0
00FF003FE0
00FF003FE0
00FF00FFC0
00FF07FFC0
00FF07FF80
00FF07FF00
00FF07FE00
00FF07F800
00FF07C000
ENDCHAR
STARTCHAR uni0403
ENCODING 1027
SWIDTH 557 0
DWIDTH 28 0
BBX 24 47 3 0
BITMAP
0007F8
000FF0
000FF0
001FE0
003FC0
003F80
007F00
00FE00
000000
000000
000000
FFFFFF
FFFFFF
FFFFFF
FFFFFF
FFFFFF
FFFFFF
FFFFFF
FF0000
FF0000
FF0000
FF0000
FF0000
FF0000
FF0000
FF0000
FF0000
FF0000
FF0000
FF0000
FF0000
FF0000
FF0000
FF0000
FF0000
FF0000
FF0000
FF0000
FF0000
FF0000
FF0000
FF0000
FF0000
FF0000
FF0000
FF0000
FF0000
ENDCHAR
STARTCHAR uni0404
ENCODING 1028
SWIDTH 650 0
DWIDTH 33 0
BBX 29 36 2 0
BITMAP
003FE000
00FFFC00
03FFFF00
07FFFF80
0FFFFFC0
1FFFFFE0
3FFFFFF0
3FE03FF0
7FC00FF0
7FC00FF8
7F8007F8
FF8007F8
FF8007F8
FF000000
FFFFC000
FFFFC000
FFFFC000
FFFFC000
FFFFC000
FFFFC000
FFFFC000
FF000000
FF000000
FF8007F8
FF8007F8
FF8007F8
7FC00FF8
7FC00FF8
3FE03FF0
3FFFFFF0
1FFFFFE0
0FFFFFC0
07FFFF80
03FFFF00
00FFFC00
003FE000
ENDCHAR
STARTCHAR uni0405
ENCODING 1029
SWIDTH 625 0
DWIDTH 31 0
BBX 28 36 2 0
BITMAP
003FE000
01FFFC00
07FFFE00
1FFFFF00
1FFFFF80
3FFFFFC0
7FFDFFE0
7FE03FE0
7FC03FE0
7F801FF0
7F801FF0
7FC00000
7FE00000
7FF80000
3FFE0000
1FFFC000
0FFFF800
07FFFC00
01FFFF00
007FFF80
001FFFC0
0003FFC0
0000FFE0
00003FE0
FF001FE0
FF001FF0
FF801FF0
FF801FE0
FFC03FE0
7FF8FFE0
3FFFFFE0
3FFFFFC0
1FFFFF80
07FFFF00
01FFFC00
003FE000
ENDCHAR
STARTCHAR uni0406
ENCODING 1030
SWIDTH 302 0
DWIDTH 15 0
BBX 9 36 3 0
BITMAP
FF80
FF80
FF80
FF80
FF80
FF80
FF80
FF80
FF80
FF80
FF80
FF80
FF80
FF80
FF80
FF80
FF80
FF80
FF80
FF80
FF80
FF80
FF80
FF80
FF80
FF80
FF80
FF80
FF80
FF80
FF80
FF80
FF80
FF80
FF80
FF80
ENDCHAR
STARTCHAR uni0407
ENCODING 1031
SWIDTH 302 0
DWIDTH 15 0
BBX 20 46 -3 0
BITMAP
000080
7E03E0
7E07F0
FF07F0
FF07F0
7E03F0
3C01E0
000000
000000
000000
03FE00
03FE00
03FE00
03FE00
03FE00
03FE00
03FE00
03FE00
03FE00
03FE00
03FE00
03FE00
03FE00
03FE00
03FE00
03FE00
03FE00
03FE00
03FE00
03FE00
03FE00
03FE00
03FE00
03FE00
03FE00
03FE00
03FE00
03FE00
03FE00
03FE00
03FE00
03FE00
03FE00
03FE00
03FE00
03FE00
ENDCHAR
STARTCHAR uni0408
ENCODING 1032
SWIDTH 562 0
DWIDTH 28 0
BBX 24 36 1 0
BITMAP
0000FF
0000FF
0000FF
0000FF
0000FF
0000FF
0000FF
0000FF
0000FF
0000FF
0000FF
0000FF
0000FF
0000FF
0000FF
0000FF
0000FF
0000FF
0000FF
0000FF
0000FF
0000FF
0000FF
0000FF
0000FF
FF80FF
FF80FF
FF81FF
FF83FF
7FFFFE
7FFFFE
3FFFFC
3FFFF8
0FFFF0
07FFE0
00FF00
ENDCHAR
STARTCHAR uni0409
ENCODING 1033
SWIDTH 1048 0
DWIDTH 52 0
BBX 50 36 1 0
BITMAP
01FFFFFF000000
01FFFFFF000000
01FFFFFF000000
01FFFFFF000000
01FFFFFF000000
01FFFFFF000000
01FFFFFF000000
01FE01FF000000
01FE01FF000000
01FE01FF000000
01FE01FF000000
03FE01FF000000
03FE01FFFF8000
03FE01FFFFE000
03FE01FFFFF800
03FE01FFFFFC00
03FE01FFFFFF00
03FE01FFFFFF00
03FC01FFFFFF80
03FC01FF01FF80
03FC01FF00FFC0
03FC01FF007FC0
03FC01FF007FC0
03FC01FF003FC0
07FC01FF003FC0
07FC01FF007FC0
07F801FF007FC0
0FF801FF00FFC0
1FF801FF01FF80
FFF001FFFFFF80
FFF001FFFFFF00
FFE001FFFFFE00
FFE001FFFFFC00
FFC001FFFFF800
FF0001FFFFF000
FC0001FFFF0000
ENDCHAR
STARTCHAR uni040A
ENCODING 1034
SWIDTH 1046 0
DWIDTH 52 0
BBX 48 36 3 0
BITMAP
FF0007FC0000
FF0007FC0000
FF0007FC0000
FF0007FC0000
FF0007FC0000
FF0007FC0000
FF0007FC0000
FF0007FC0000
FF0007FC0000
FF0007FC0000
FF0007FC0000
FF0007FC0000
FF0007FFF000
FF0007FFFF00
FF0007FFFFC0
FFFFFFFFFFF0
FFFFFFFFFFF8
FFFFFFFFFFFC
FFFFFFFFFFFE
FFFFFFFC0FFE
FFFFFFFC03FF
FFFFFFFC01FF
FF0007FC01FF
FF0007FC00FF
FF0007FC00FF
FF0007FC01FF
FF0007FC01FF
FF0007FC03FF
FF0007FC07FE
FF0007FFFFFE
FF0007FFFFFC
FF0007FFFFF8
FF0007FFFFF0
FF0007FFFFE0
FF0007FFFF80
FF0007FFFC00
ENDCHAR
STARTCHAR uni040B
ENCODING 1035
SWIDTH 748 0
DWIDTH 37 0
BBX 35 36 0 0
BITMAP
FFFFFFE000
FFFFFFE000
FFFFFFE000
FFFFFFE000
FFFFFFE000
FFFFFFE000
FFFFFFE000
00FF800000
00FF800000
00FF800000
00FF800000
00FF800000
00FF800000
00FFFFC000
00FFFFF800
00FFFFFE00
00FFFFFF00
00FFFFFF80
00FFFFFFC0
00FFFFFFC0
00FF807FE0
00FF803FE0
00FF803FE0
00FF801FE0
00FF801FE0
00FF801FE0
00FF801FE0
00FF801FE0
00FF801FE0
00FF801FE0
00FF801FE0
00FF801FE0
00FF801FE0
00FF801FE0
00FF801FE0
00FF801FE0
ENDCHAR
STARTCHAR uni040C
ENCODING 1036
SWIDTH 639 0
DWIDTH 32 0
BBX 29 46 3 0
BITMAP
0007F800
000FF000
000FF000
001FE000
003FC000
003F8000
007F0000
00FE0000
00000000
00000000
FF001FF8
FF003FF0
FF007FF0
FF007FE0
FF00FFC0
FF01FF80
FF01FF80
FF03FF00
FF07FE00
FF0FFC00
FF0FFC00
FF1FF800
FF3FF000
FF3FE000
FF7FE000
FF7FC000
FFFFC000
FFFFC000
FFFFE000
FFFFF000
FFFFF000
FFFFF800
FFFFF800
FFEFFC00
FFC7FE00
FF87FE00
FF03FF00
FF01FF00
FF01FF80
FF00FFC0
FF00FFC0
FF007FE0
FF007FE0
FF003FF0
FF001FF8
FF001FF8
ENDCHAR
STARTCHAR uni040D
ENCODING 1037
SWIDTH 692 0
DWIDTH 35 0
BBX 30 47 2 0
BITMAP
03FC0000
01FE0000
01FF0000
00FF0000
007F8000
003F8000
001FC000
000FE000
00000000
00000000
00000000
FF8007FC
FF8007FC
FF800FFC
FF800FFC
FF801FFC
FF803FFC
FF803FFC
FF807FFC
FF807FFC
FF80FFFC
FF80FFFC
FF81FFFC
FF81FFFC
FF83FBFC
FF87FBFC
FF87F3FC
FF8FF3FC
FF8FE3FC
FF9FE3FC
FF9FC3FC
FFBFC3FC
FFFF83FC
FFFF03FC
FFFF03FC
FFFE03FC
FFFE03FC
FFFC03FC
FFFC03FC
FFF803FC
FFF003FC
FFF003FC
FFE003FC
FFE003FC
FFC003FC
FFC003FC
FF8003FC
ENDCHAR
STARTCHAR uni040E
ENCODING 1038
SWIDTH 632 0
DWIDTH 32 0
BBX 31 46 0 0
BITMAP
01F80F80
01F81F80
00FC1F80
00FE7F80
007FFF00
007FFE00
001FFC00
0007F000
00000000
00000000
FF8003FE
7FC003FE
7FC007FC
3FE007FC
3FE007FC
1FF00FF8
1FF00FF8
0FF81FF0
0FF81FF0
07FC1FE0
07FC3FE0
03FE3FE0
01FE3FC0
01FF7FC0
00FF7F80
00FFFF80
007FFF00
007FFF00
003FFF00
003FFE00
001FFE00
001FFC00
000FFC00
000FF800
0007F800
0007F800
000FF000
000FF000
001FE000
03FFE000
03FFC000
03FFC000
03FF8000
03FF0000
03FE0000
03F80000
ENDCHAR
STARTCHAR uni040F
ENCODING 1039
SWIDTH 692 0
DWIDTH 35 0
BBX 30 45 2 -9
BITMAP
FF8007FC
FF8007FC
FF8007FC
FF8007FC
FF8007FC
FF8007FC
FF8007FC
FF8007FC
FF8007FC
FF8007FC
FF8007FC
FF8007FC
FF8007FC
FF8007FC
FF8007FC
FF8007FC
FF8007FC
FF8007FC
FF8007FC
FF8007FC
FF8007FC
FF8007FC
FF8007FC
FF8007FC
FF8007FC
FF8007FC
FF8007FC
FF8007FC
FF8007FC
FFFFFFFC
FFFFFFFC
FFFFFFFC
FFFFFFFC
FFFFFFFC
FFFFFFFC
FFFFFFFC
001FF000
001FF000
001FF000
001FF000
001FF000
001FF000
001FF000
001FF000
001FF000
ENDCHAR
STARTCHAR uni0410
ENCODING 1040
SWIDTH 681 0
DWIDTH 34 0
BBX 34 36 0 0
BITMAP
0007F80000
000FFC0000
000FFC0000
000FFC0000
001FFE0000
001FFE0000
001FFE0000
003FFF0000
003FFF0000
003FFF8000
007FFF8000
007FFF8000
00FF3FC000
00FF3FC000
00FF3FC000
01FE1FE000
01FE1FE000
01FE1FE000
03FC0FF000
03FC0FF000
03FC0FF800
07FC07F800
07FFFFF800
0FFFFFFC00
0FFFFFFC00
0FFFFFFC00
1FFFFFFE00
1FFFFFFE00
1FFFFFFE00
3FE001FF00
3FE001FF00
3FC000FF80
7FC000FF80
7FC000FF80
FFC000FFC0
FF80007FC0
ENDCHAR
STARTCHAR uni0411
ENCODING 1041
SWIDTH 624 0
DWIDTH 31 0
BBX 27 36 3 0
BITMAP
FFFFFF00
FFFFFF00
FFFFFF00
FFFFFF00
FFFFFF00
FFFFFF00
FFFFFF00
FF000000
FF000000
FF000000
FF000000
FF000000
FFFE0000
FFFFE000
FFFFF800
FFFFFE00
FFFFFF00
FFFFFF80
FFFFFFC0
FF01FFC0
FF007FC0
FF003FE0
FF003FE0
FF003FE0
FF003FE0
FF003FE0
FF003FE0
FF007FC0
FF00FFC0
FFFFFFC0
FFFFFF80
FFFFFF00
FFFFFE00
FFFFFC00
FFFFF000
FFFF8000
ENDCHAR
STARTCHAR uni0412
ENCODING 1042
SWIDTH 645 0
DWIDTH 32 0
BBX 27 36 3 0
BITMAP
FFFFC000
FFFFF800
FFFFFE00
FFFFFF00
FFFFFF80
FFFFFF80
FFFFFFC0
FF00FFC0
FF007FC0
FF003FC0
FF003FC0
FF003FC0
FF003FC0
FF007FC0
FF00FF80
FFFFFF80
FFFFFF00
FFFFFE00
FFFFFE00
FFFFFF80
FFFFFFC0
FF007FC0
FF003FE0
FF003FE0
FF001FE0
FF001FE0
FF001FE0
FF003FE0
FF007FE0
FFFFFFE0
FFFFFFC0
FFFFFFC0
FFFFFF80
FFFFFF00
FFFFFC00
FFFFE000
ENDCHAR
STARTCHAR uni0413
ENCODING 1043
SWIDTH 557 0
DWIDTH 28 0
BBX 24 36 3 0
BITMAP
FFFFFF
FFFFFF
FFFFFF
FFFFFF
FFFFFF
FFFFFF
FFFFFF
FF0000
FF0000
FF0000
FF0000
FF0000
FF0000
FF0000
FF0000
FF0000
FF0000
FF0000
FF0000
FF0000
FF0000
FF0000
FF0000
FF0000
FF0000
FF0000
FF0000
FF0000
FF0000
FF0000
FF0000
FF0000
FF0000
FF0000
FF0000
FF0000
ENDCHAR
STARTCHAR uni0414
ENCODING 1044
SWIDTH 742 0
DWIDTH 37 0
BBX 37 45 0 -9
BITMAP
007FFFFF80
007FFFFF80
007FFFFF80
007FFFFF80
007FFFFF80
00FFFFFF80
00FFFFFF80
00FF807F80
00FF807F80
00FF807F80
00FF807F80
00FF807F80
00FF807F80
00FF007F80
00FF007F80
00FF007F80
00FF007F80
00FF007F80
01FF007F80
01FF007F80
01FF007F80
01FE007F80
01FE007F80
03FE007F80
03FE007F80
03FC007F80
07FC007F80
07FC007F80
0FF8007F80
FFFFFFFFF8
FFFFFFFFF8
FFFFFFFFF8
FFFFFFFFF8
7FFFFFFFF8
7FFFFFFFF8
7FFFFFFFF8
7F80000FF0
7F80000FF0
7F80000FF0
7F80000FF0
7F80000FF0
7F80000FF0
7F80000FF0
7F80000FF0
7F80000FF0
ENDCHAR
STARTCHAR uni0415
ENCODING 1045
SWIDTH 559 0
DWIDTH 28 0
BBX 24 36 3 0
BITMAP
FFFFFF
FFFFFF
FFFFFF
FFFFFF
FFFFFF
FFFFFF
FFFFFF
FF0000
FF0000
FF0000
FF0000
FF0000
FF0000
FF0000
FF0000
FFFFFC
FFFFFC
FFFFFC
FFFFFC
FFFFFC
FFFFFC
FF0000
FF0000
FF0000
FF0000
FF0000
FF0000
FF0000
FF0000
FFFFFF
FFFFFF
FFFFFF
FFFFFF
FFFFFF
FFFFFF
FFFFFF
ENDCHAR
STARTCHAR uni0416
ENCODING 1046
SWIDTH 1042 0
DWIDTH 52 0
BBX 51 36 1 0
BITMAP
FFE007FC00FFE0
7FE007FC01FFC0
7FF007FC01FF80
3FF007FC03FF80
3FF807FC03FF00
1FF807FC07FF00
0FFC07FC07FE00
0FFC07FC0FFC00
07FE07FC0FFC00
03FE07FC1FF800
03FF07FC1FF000
01FF07FC1FF000
00FF87FC3FE000
00FF87FC3FE000
007FFFFFFFC000
007FFFFFFF8000
003FFFFFFF8000
007FFFFFFF8000
007FFFFFFFC000
00FFFFFFFFC000
00FFFFFFFFE000
01FFFFFFFFF000
01FF87FC3FF000
03FF07FC1FF800
03FF07FC1FF800
07FE07FC0FFC00
0FFE07FC0FFC00
0FFC07FC07FE00
1FFC07FC07FE00
1FF807FC03FF00
3FF807FC03FF00
3FF007FC03FF80
7FF007FC01FF80
7FE007FC01FFC0
FFE007FC00FFC0
FFC007FC00FFE0
ENDCHAR
STARTCHAR uni0417
ENCODING 1047
SWIDTH 629 0
DWIDTH 31 0
BBX 27 36 2 0
BITMAP
007FC000
03FFF800
0FFFFE00
1FFFFF00
3FFFFF80
7FFFFFC0
7FFFFFC0
FFC07FC0
FF807FC0
FF803FE0
00003FE0
00003FC0
00003FC0
00007FC0
0001FF80
007FFF00
007FFE00
007FFC00
007FFE00
007FFF00
007FFF80
0000FFC0
00003FE0
00003FE0
00003FE0
00001FE0
FF003FE0
FF803FE0
FFC07FE0
FFFFFFC0
7FFFFFC0
7FFFFF80
3FFFFF00
0FFFFE00
07FFF800
007FC000
ENDCHAR
STARTCHAR uni0418
ENCODING 1048
SWIDTH 692 0
DWIDTH 35 0
BBX 30 36 2 0
BITMAP
FF8007FC
FF8007FC
FF800FFC
FF800FFC
FF801FFC
FF803FFC
FF803FFC
FF807FFC
FF807FFC
FF80FFFC
FF80FFFC
FF81FFFC
FF81FFFC
FF83FBFC
FF87FBFC
FF87F3FC
FF8FF3FC
FF8FE3FC
FF9FE3FC
FF9FC3FC
FFBFC3FC
FFFF83FC
FFFF03FC
FFFF03FC
FFFE03FC
FFFE03FC
FFFC03FC
FFFC03FC
FFF803FC
FFF003FC
FFF003FC
FFE003FC
FFE003FC
FFC003FC
FFC003FC
FF8003FC
ENDCHAR
STARTCHAR uni0419
ENCODING 1049
SWIDTH 692 0
DWIDTH 35 0
BBX 30 46 2 0
BITMAP
03F01F00
03F03F00
01F83F00
01FCFF00
00FFFE00
00FFFC00
003FF800
000FE000
00000000
00000000
FF8007FC
FF8007FC
FF800FFC
FF800FFC
FF801FFC
FF803FFC
FF803FFC
FF807FFC
FF807FFC
FF80FFFC
FF80FFFC
FF81FFFC
FF81FFFC
FF83FBFC
FF87FBFC
FF87F3FC
FF8FF3FC
FF8FE3FC
FF9FE3FC
FF9FC3FC
FFBFC3FC
FFFF83FC
FFFF03FC
FFFF03FC
FFFE03FC
FFFE03FC
FFFC03FC
FFFC03FC
FFF803FC
FFF003FC
FFF003FC
FFE003FC
FFE003FC
FFC003FC
FFC003FC
FF8003FC
ENDCHAR
STARTCHAR uni041A
ENCODING 1050
SWIDTH 647 0
DWIDTH 32 0
BBX 30 36 3 0
BITMAP
FF003FF0
FF003FF0
FF007FE0
FF007FE0
FF00FFC0
FF00FFC0
FF01FF80
FF01FF00
FF03FF00
FF03FE00
FF07FE00
FF07FC00
FF0FF800
FF0FF800
FFFFF000
FFFFF000
FFFFE000
FFFFE000
FFFFF000
FFFFF000
FFFFF800
FFFFFC00
FF07FC00
FF07FE00
FF03FE00
FF03FF00
FF01FF00
FF01FF80
FF00FFC0
FF00FFC0
FF007FE0
FF007FE0
FF003FF0
FF003FF8
FF001FF8
FF000FFC
ENDCHAR
STARTCHAR uni041B
ENCODING 1051
SWIDTH 705 0
DWIDTH 35 0
BBX 32 36 1 0
BITMAP
01FFFFFF
01FFFFFF
01FFFFFF
01FFFFFF
01FFFFFF
01FFFFFF
01FFFFFF
01FE01FF
01FE01FF
01FE01FF
01FE01FF
03FE01FF
03FE01FF
03FE01FF
03FE01FF
03FE01FF
03FE01FF
03FE01FF
03FC01FF
03FC01FF
03FC01FF
03FC01FF
03FC01FF
03FC01FF
07FC01FF
07FC01FF
07F801FF
0FF801FF
1FF801FF
FFF001FF
FFF001FF
FFE001FF
FFE001FF
FFC001FF
FF0001FF
FC0001FF
ENDCHAR
STARTCHAR uni041C
ENCODING 1052
SWIDTH 876 0
DWIDTH 44 0
BBX 38 36 3 0
BITMAP
FFE0001FFC
FFE0003FFC
FFF0003FFC
FFF0003FFC
FFF0007FFC
FFF8007FFC
FFF8007FFC
FFF800FFFC
FFFC00FFFC
FFFC00FFFC
FFFC01FFFC
FEFE01FFFC
FFFE01FFFC
FFFE01FBFC
FF7F03FBFC
FF7F03FBFC
FF7F03F3FC
FF3F07F3FC
FF3F87F3FC
FF3F87E3FC
FF1F8FE3FC
FF1FCFE3FC
FF0FCFC3FC
FF0FDFC3FC
FF0FFFC3FC
FF07FF83FC
FF07FF83FC
FF07FF87FC
FF03FF07FC
FF03FF07FC
FF03FF07FC
FF01FE07FC
FF01FE07FC
FF01FE07FC
FF00FC07FC
FF00FC07FC
ENDCHAR
STARTCHAR uni041D
ENCODING 1053
SWIDTH 702 0
DWIDTH 35 0
BBX 29 36 3 0
BITMAP
FF0007F8
FF0007F8
FF0007F8
FF0007F8
FF0007F8
FF0007F8
FF0007F8
FF0007F8
FF0007F8
FF0007F8
FF0007F8
FF0007F8
FF0007F8
FF0007F8
FFFFFFF8
FFFFFFF8
FFFFFFF8
FFFFFFF8
FFFFFFF8
FFFFFFF8
FFFFFFF8
FF0007F8
FF0007F8
FF0007F8
FF0007F8
FF0007F8
FF0007F8
FF0007F8
FF0007F8
FF0007F8
FF0007F8
FF0007F8
FF0007F8
FF0007F8
FF0007F8
FF0007F8
ENDCHAR
STARTCHAR uni041E
ENCODING 1054
SWIDTH 690 0
DWIDTH 35 0
BBX 31 36 2 0
BITMAP
001FE000
00FFFC00
03FFFF00
07FFFF80
0FFFFFC0
1FFFFFE0
1FFFFFF0
3FF03FF8
7FE00FF8
7FC00FF8
7FC007FC
FF8007FC
FF8003FC
FF8003FE
FF8003FE
FF0003FE
FF0003FE
FF0003FE
FF0003FE
FF0003FE
FF0003FE
FF8003FE
FF8003FC
FF8003FC
FF8007FC
7FC007FC
7FC00FF8
7FE00FF8
3FF03FF0
1FFFFFF0
1FFFFFE0
0FFFFFC0
07FFFF80
01FFFF00
00FFFC00
001FE000
ENDCHAR
STARTCHAR uni041F
ENCODING 1055
SWIDTH 704 0
DWIDTH 35 0
BBX 30 36 3 0
BITMAP
FFFFFFFC
FFFFFFFC
FFFFFFFC
FFFFFFFC
FFFFFFFC
FFFFFFFC
FFFFFFFC
FF0007FC
FF0007FC
FF0007FC
FF0007FC
FF0007FC
FF0007FC
FF0007FC
FF0007FC
FF0007FC
FF0007FC
FF0007FC
FF0007FC
FF0007FC
FF0007FC
FF0007FC
FF0007FC
FF0007FC
FF0007FC
FF0007FC
FF0007FC
FF0007FC
FF0007FC
FF0007FC
FF0007FC
FF0007FC
FF0007FC
FF0007FC
FF0007FC
FF0007FC
ENDCHAR
STARTCHAR uni0420
ENCODING 1056
SWIDTH 651 0
DWIDTH 33 0
BBX 28 36 3 0
BITMAP
FFFFC000
FFFFF800
FFFFFE00
FFFFFF00
FFFFFF80
FFFFFFC0
FFFFFFC0
FF007FE0
FF003FE0
FF003FE0
FF001FF0
FF001FF0
FF001FF0
FF001FF0
FF001FE0
FF003FE0
FF007FE0
FFFFFFE0
FFFFFFC0
FFFFFF80
FFFFFF00
FFFFFE00
FFFFF800
FFFFC000
FF000000
FF000000
FF000000
FF000000
FF000000
FF000000
FF000000
FF000000
FF000000
FF000000
FF000000
FF000000
ENDCHAR
STARTCHAR uni0421
ENCODING 1057
SWIDTH 656 0
DWIDTH 33 0
BBX 29 36 2 0
BITMAP
003FE000
00FFFC00
03FFFF00
07FFFF80
0FFFFFC0
1FFFFFE0
3FFFFFF0
3FE03FF0
7FC00FF0
7FC00FF8
7F8007F8
FF8007F8
FF8007F8
FF800000
FF000000
FF000000
FF000000
FF000000
FF000000
FF000000
FF000000
FF000000
FF800000
FF8007F8
FF8007F8
7F8007F8
7FC00FF8
7FC01FF8
3FE03FF0
3FFFFFF0
1FFFFFE0
0FFFFFC0
07FFFF80
03FFFF00
00FFFC00
003FE000
ENDCHAR
STARTCHAR uni0422
ENCODING 1058
SWIDTH 630 0
DWIDTH 32 0
BBX 30 36 1 0
BITMAP
FFFFFFFC
FFFFFFFC
FFFFFFFC
FFFFFFFC
FFFFFFFC
FFFFFFFC
FFFFFFFC
003FE000
003FE000
003FE000
003FE000
003FE000
003FE000
003FE000
003FE000
003FE000
003FE000
003FE000
003FE000
003FE000
003FE000
003FE000
003FE000
003FE000
003FE000
003FE000
003FE000
003FE000
003FE000
003FE000
003FE000
003FE000
003FE000
003FE000
003FE000
003FE000
ENDCHAR
STARTCHAR uni0423
ENCODING 1059
SWIDTH 632 0
DWIDTH 32 0
BBX 31 36 0 0
BITMAP
FF8003FE
7FC003FE
7FC007FC
3FE007FC
3FE007FC
1FF00FF8
1FF00FF8
0FF81FF0
0FF81FF0
07FC1FE0
07FC3FE0
03FE3FE0
01FE3FC0
01FF7FC0
00FF7F80
00FFFF80
007FFF00
007FFF00
003FFF00
003FFE00
001FFE00
001FFC00
000FFC00
000FF800
0007F800
0007F800
000FF000
000FF000
001FE000
03FFE000
03FFC000
03FFC000
03FF8000
03FF0000
03FE0000
03F80000
ENDCHAR
STARTCHAR uni0424
ENCODING 1060
SWIDTH 837 0
DWIDTH 42 0
BBX 38 37 2 -1
BITMAP
0001FE0000
0001FE0000
0001FE0000
0001FE0000
003FFFF000
00FFFFFE00
03FFFFFF00
0FFFFFFFC0
1FFFFFFFE0
1FFFFFFFF0
3FFFFFFFF0
7FF1FE3FF8
7FC1FE0FF8
FF81FE07FC
FF81FE07FC
FF01FE03FC
FF01FE03FC
FF01FE03FC
FF01FE03FC
FF01FE03FC
FF01FE03FC
FF01FE03FC
FF01FE03FC
FF81FE07FC
7FC1FE0FF8
7FF1FE1FF8
3FFFFFFFF0
3FFFFFFFF0
1FFFFFFFE0
0FFFFFFFC0
03FFFFFF00
01FFFFFE00
003FFFF000
0001FE0000
0001FE0000
0001FE0000
0001FE0000
ENDCHAR
STARTCHAR uni0425
ENCODING 1061
SWIDTH 638 0
DWIDTH 32 0
BBX 32 36 0 0
BITMAP
7FC003FE
7FE007FE
3FE007FC
3FF00FFC
1FF00FF8
1FF81FF8
0FF81FF0
07FC3FE0
07FC3FE0
03FE7FC0
03FE7FC0
01FFFF80
01FFFF80
00FFFF00
00FFFF00
007FFE00
003FFC00
003FFC00
003FFC00
007FFE00
007FFE00
00FFFF00
00FFFF00
01FFFF80
01FFFF80
03FE7FC0
07FE7FC0
07FC3FE0
0FFC3FF0
0FF81FF0
1FF81FF8
1FF00FF8
3FF00FFC
7FE007FC
7FE007FE
FFC003FF
ENDCHAR
STARTCHAR uni0426
ENCODING 1062
SWIDTH 771 0
DWIDTH 39 0
BBX 35 45 2 -9
BITMAP
FF8007FC00
FF8007FC00
FF8007FC00
FF8007FC00
FF8007FC00
FF8007FC00
FF8007FC00
FF8007FC00
FF8007FC00
FF8007FC00
FF8007FC00
FF8007FC00
FF8007FC00
FF8007FC00
FF8007FC00
FF8007FC00
FF8007FC00
FF8007FC00
FF8007FC00
FF8007FC00
FF8007FC00
FF8007FC00
FF8007FC00
FF8007FC00
FF8007FC00
FF8007FC00
FF8007FC00
FF8007FC00
FF8007FC00
FFFFFFFFE0
FFFFFFFFE0
FFFFFFFFE0
FFFFFFFFE0
FFFFFFFFE0
FFFFFFFFE0
FFFFFFFFE0
0000001FE0
0000001FE0
0000001FE0
0000001FE0
0000001FE0
0000001FE0
0000001FE0
0000001FE0
0000001FE0
ENDCHAR
STARTCHAR uni0427
ENCODING 1063
SWIDTH 698 0
DWIDTH 35 0
BBX 29 36 3 0
BITMAP
FF8007F8
FF8007F8
FF8007F8
FF8007F8
FF8007F8
FF8007F8
FF8007F8
FF8007F8
FF8007F8
FF8007F8
FF8007F8
FF8007F8
FF8007F8
FF8007F8
7FC007F8
7FE007F8
7FFFFFF8
3FFFFFF8
1FFFFFF8
0FFFFFF8
07FFFFF8
01FFFFF8
003FFFF8
000007F8
000007F8
000007F8
000007F8
000007F8
000007F8
000007F8
000007F8
000007F8
000007F8
000007F8
000007F8
000007F8
ENDCHAR
STARTCHAR uni0428
ENCODING 1064
SWIDTH 966 0
DWIDTH 48 0
BBX 43 36 3 0
BITMAP
FF007FC03FE0
FF007FC03FE0
FF007FC03FE0
FF007FC03FE0
FF007FC03FE0
FF007FC03FE0
FF007FC03FE0
FF007FC03FE0
FF007FC03FE0
FF007FC03FE0
FF007FC03FE0
FF007FC03FE0
FF007FC03FE0
FF007FC03FE0
FF007FC03FE0
FF007FC03FE0
FF007FC03FE0
FF007FC03FE0
FF007FC03FE0
FF007FC03FE0
FF007FC03FE0
FF007FC03FE0
FF007FC03FE0
FF007FC03FE0
FF007FC03FE0
FF007FC03FE0
FF007FC03FE0
FF007FC03FE0
FF007FC03FE0
FFFFFFFFFFE0
FFFFFFFFFFE0
FFFFFFFFFFE0
FFFFFFFFFFE0
FFFFFFFFFFE0
FFFFFFFFFFE0
FFFFFFFFFFE0
ENDCHAR
STARTCHAR uni0429
ENCODING 1065
SWIDTH 1046 0
DWIDTH 52 0
BBX 48 45 3 -9
BITMAP
FF007FC03FE0
FF007FC03FE0
FF007FC03FE0
FF007FC03FE0
FF007FC03FE0
FF007FC03FE0
FF007FC03FE0
FF007FC03FE0
FF007FC03FE0
FF007FC03FE0
FF007FC03FE0
FF007FC03FE0
FF007FC03FE0
FF007FC03FE0
FF007FC03FE0
FF007FC03FE0
FF007FC03FE0
FF007FC03FE0
FF007FC03FE0
FF007FC03FE0
FF007FC03FE0
FF007FC03FE0
FF007FC03FE0
FF007FC03FE0
FF007FC03FE0
FF007FC03FE0
FF007FC03FE0
FF007FC03FE0
FF007FC03FE0
FFFFFFFFFFE0
FFFFFFFFFFFF
FFFFFFFFFFFF
FFFFFFFFFFFF
FFFFFFFFFFFF
FFFFFFFFFFFF
FFFFFFFFFFFF
0000000000FF
0000000000FF
0000000000FF
0000000000FF
0000000000FF
0000000000FF
0000000000FF
0000000000FF
0000000000FF
ENDCHAR
STARTCHAR uni042A
ENCODING 1066
SWIDTH 778 0
DWIDTH 39 0
BBX 37 36 1 0
BITMAP
FFFFC00000
FFFFC00000
FFFFC00000
FFFFC00000
FFFFC00000
FFFFC00000
007FC00000
007FC00000
007FC00000
007FC00000
007FC00000
007FC00000
007FFF8000
007FFFF800
007FFFFE00
007FFFFF80
007FFFFFC0
007FFFFFE0
007FFFFFE0
007FC07FF0
007FC01FF0
007FC01FF0
007FC00FF8
007FC00FF8
007FC00FF8
007FC00FF8
007FC00FF0
007FC01FF0
007FC03FF0
007FFFFFE0
007FFFFFE0
007FFFFFC0
007FFFFF80
007FFFFF00
007FFFFC00
007FFFE000
ENDCHAR
STARTCHAR uni042B
ENCODING 1067
SWIDTH 871 0
DWIDTH 44 0
BBX 38 36 3 0
BITMAP
FF000007FC
FF000007FC
FF000007FC
FF000007FC
FF000007FC
FF000007FC
FF000007FC
FF000007FC
FF000007FC
FF000007FC
FF000007FC
FF000007FC
FFFE0007FC
FFFFE007FC
FFFFF807FC
FFFFFE07FC
FFFFFF07FC
FFFFFF87FC
FFFFFF87FC
FF01FFC7FC
FF007FC7FC
FF003FE7FC
FF003FE7FC
FF003FE7FC
FF003FE7FC
FF003FE7FC
FF003FE7FC
FF007FC7FC
FF00FFC7FC
FFFFFFC7FC
FFFFFF87FC
FFFFFF07FC
FFFFFE07FC
FFFFFC07FC
FFFFF007FC
FFFF8007FC
ENDCHAR
STARTCHAR uni042C
ENCODING 1068
SWIDTH 623 0
DWIDTH 31 0
BBX 27 36 3 0
BITMAP
FF000000
FF000000
FF000000
FF000000
FF000000
FF000000
FF000000
FF000000
FF000000
FF000000
FF000000
FF000000
FFFE0000
FFFFE000
FFFFF800
FFFFFE00
FFFFFF00
FFFFFF80
FFFFFFC0
FF01FFC0
FF007FC0
FF003FE0
FF003FE0
FF003FE0
FF003FE0
FF003FE0
FF003FE0
FF007FC0
FF00FFC0
FFFFFFC0
FFFFFF80
FFFFFF00
FFFFFE00
FFFFFC00
FFFFF000
FFFF8000
ENDCHAR
STARTCHAR uni042D
ENCODING 1069
SWIDTH 636 0
DWIDTH 32 0
BBX 30 36 0 0
BITMAP
001FE000
00FFFC00
03FFFF00
07FFFF80
0FFFFFC0
1FFFFFE0
3FFFFFF0
3FE03FF0
7FC00FF8
7FC00FF8
7F8007F8
7F8007FC
FF8007FC
000007FC
000FFFFC
000FFFFC
000FFFFC
000FFFFC
000FFFFC
000FFFFC
000FFFFC
000003FC
000007FC
FF8007FC
7F8007FC
7F8007F8
7FC00FF8
7FC00FF8
3FE01FF0
3FFFFFF0
1FFFFFE0
0FFFFFC0
07FFFF80
03FFFF00
00FFFC00
001FE000
ENDCHAR
STARTCHAR uni042E
ENCODING 1070
SWIDTH 972 0
DWIDTH 49 0
BBX 43 36 3 0
BITMAP
FF8001FF0000
FF8007FFE000
FF801FFFF000
FF803FFFFC00
FF80FFFFFE00
FF80FFFFFF00
FF81FFFFFF00
FF83FF01FF80
FF83FE00FF80
FF87FC007FC0
FF87FC007FC0
FF87F8003FC0
FF87F8003FE0
FF8FF8003FE0
FF8FF8003FE0
FF8FF8003FE0
FFFFF8003FE0
FFFFF8003FE0
FFFFF8003FE0
FFFFF8003FE0
FFFFF8003FE0
FFFFF8003FE0
FF8FF8003FE0
FF8FF8003FE0
FF87FC003FC0
FF87FC007FC0
FF87FC007FC0
FF83FE00FF80
FF83FF01FF80
FF81FFFFFF00
FF80FFFFFE00
FF80FFFFFE00
FF803FFFFC00
FF801FFFF000
FF8007FFE000
FF8001FF0000
ENDCHAR
STARTCHAR uni042F
ENCODING 1071
SWIDTH 572 0
DWIDTH 29 0
BBX 29 36 -2 0
BITMAP
001FFFF8
00FFFFF8
03FFFFF8
07FFFFF8
0FFFFFF8
0FFFFFF8
1FFFFFF8
1FF80FF8
1FF00FF8
3FE00FF8
3FE00FF8
3FE00FF8
3FE00FF8
3FE00FF8
1FE00FF8
1FF00FF8
0FF80FF8
0FFFFFF8
07FFFFF8
03FFFFF8
01FFFFF8
03FFFFF8
03FFFFF8
07FE0FF8
07FC0FF8
07FC0FF8
0FFC0FF8
0FF80FF8
1FF80FF8
1FF00FF8
3FF00FF8
3FE00FF8
7FE00FF8
7FC00FF8
FFC00FF8
FF800FF8
ENDCHAR
STARTCHAR uni0430
ENCODING 1072
SWIDTH 531 0
DWIDTH 27 0
BBX 24 26 1 0
BITMAP
00FF00
07FFE0
0FFFF0
1FFFF8
3FFFFC
7FFFFE
7FC3FE
7F81FE
7F81FE
0001FE
01FFFE
0FFFFE
1FFFFE
3FFFFE
7FE1FE
7F81FE
FF81FE
FF01FE
FF01FE
FF83FE
FFFFFE
7FFFFE
7FFFFE
3FFFFF
0FFCFF
03F0FF
ENDCHAR
STARTCHAR uni0431
ENCODING 1073
SWIDTH 578 0
DWIDTH 29 0
BBX 25 39 2 0
BITMAP
0000FE00
0000FE00
0003FE00
003FFC00
00FFFC00
03FFF800
07FFF000
0FFFC000
1FFE0000
1FE00000
3FC00000
3F000000
3F000000
7E1FC000
7E7FF000
7FFFF800
FFFFFC00
FFFFFE00
FFFFFF00
FFE3FF00
FFC0FF80
FF80FF80
FF807F80
FF007F80
FF007F80
FF007F80
FF007F80
FF007F80
FF007F80
FF807F80
7F80FF80
7FC0FF80
3FE3FF00
3FFFFF00
1FFFFE00
0FFFFC00
07FFF800
03FFE000
007F8000
ENDCHAR
STARTCHAR uni0432
ENCODING 1074
SWIDTH 561 0
DWIDTH 28 0
BBX 24 26 3 0
BITMAP
FFFF00
FFFFE0
FFFFF0
FFFFF8
FFFFFC
FFFFFC
FF07FC
FF03FC
FF03FC
FF03FC
FFFFF8
FFFFE0
FFFFE0
FFFFF8
FFFFFC
FF01FE
FF00FF
FF00FF
FF00FF
FF03FF
FFFFFF
FFFFFE
FFFFFE
FFFFFC
FFFFF8
FFFFC0
ENDCHAR
STARTCHAR uni0433
ENCODING 1075
SWIDTH 418 0
DWIDTH 21 0
BBX 19 26 2 0
BITMAP
FFFFE0
FFFFE0
FFFFE0
FFFFE0
FFFFE0
FFFFE0
FF0000
FF0000
FF0000
FF0000
FF0000
FF0000
FF0000
FF0000
FF0000
FF0000
FF0000
FF0000
FF0000
FF0000
FF0000
FF0000
FF0000
FF0000
FF0000
FF0000
ENDCHAR
STARTCHAR uni0434
ENCODING 1076
SWIDTH 643 0
DWIDTH 32 0
BBX 31 34 1 -8
BITMAP
03FFFFE0
03FFFFE0
03FFFFE0
03FFFFE0
03FFFFE0
03FFFFE0
03FC3FE0
03FC3FE0
03FC3FE0
03FC3FE0
03FC3FE0
03FC3FE0
03FC3FE0
03FC3FE0
07FC3FE0
07F83FE0
07F83FE0
0FF83FE0
1FF03FE0
3FF03FE0
FFFFFFFE
FFFFFFFE
FFFFFFFE
FFFFFFFE
FFFFFFFE
FFFFFFFE
FF0003FE
FF0003FE
FF0003FE
FF0003FE
FF0003FE
FF0003FE
FF0003FE
FF0003FE
ENDCHAR
STARTCHAR uni0435
ENCODING 1077
SWIDTH 544 0
DWIDTH 27 0
BBX 25 26 1 0
BITMAP
007F8000
01FFF000
07FFF800
0FFFFC00
1FFFFE00
3FFFFF00
3FF1FF00
7FC07F80
7FC07F80
7F807F80
7FFFFF80
7FFFFF80
FFFFFF80
FFFFFF80
FFFFFF80
7F800000
7F800000
7FC00800
7FE01C00
3FF8FE00
3FFFFF00
1FFFFF00
0FFFFF00
07FFFC00
01FFF800
003FC000
ENDCHAR
STARTCHAR uni0436
ENCODING 1078
SWIDTH 901 0
DWIDTH 45 0
BBX 43 26 1 0
BITMAP
FFC03FC07FE0
7FE03FC0FFE0
3FF03FC0FFC0
3FF03FC1FF80
1FF83FC1FF80
0FF83FC3FF00
0FFC3FC3FE00
07FC3FC7FC00
03FE3FC7FC00
03FFFFFFF800
01FFFFFFF000
00FFFFFFF000
00FFFFFFF000
01FFFFFFF000
01FFFFFFF800
03FFFFFFFC00
03FFFFFFFC00
07FC3FC7FE00
0FFC3FC3FE00
0FF83FC3FF00
1FF83FC1FF00
1FF03FC1FF80
3FF03FC0FF80
3FE03FC0FFC0
7FE03FC07FE0
FFC03FC07FE0
ENDCHAR
STARTCHAR uni0437
ENCODING 1079
SWIDTH 517 0
DWIDTH 26 0
BBX 24 26 1 0
BITMAP
00FF80
07FFE0
0FFFF8
3FFFFC
3FFFFE
7FFFFE
7FC3FE
7F81FE
0001FE
0003FE
007FFC
007FF8
007FE0
007FF8
007FFC
0003FE
0001FE
0001FF
FF81FF
7FC1FF
7FFFFE
7FFFFE
3FFFFC
1FFFF8
07FFE0
00FF80
ENDCHAR
STARTCHAR uni0438
ENCODING 1080
SWIDTH 561 0
DWIDTH 28 0
BBX 24 26 2 0
BITMAP
FF01FF
FF01FF
FF03FF
FF03FF
FF03FF
FF07FF
FF07FF
FF0FFF
FF0FFF
FF1FFF
FF1FFF
FF3EFF
FF3EFF
FF7CFF
FF7CFF
FFF8FF
FFF8FF
FFF8FF
FFF0FF
FFF0FF
FFE0FF
FFE0FF
FFC0FF
FFC0FF
FF80FF
FF80FF
ENDCHAR
STARTCHAR uni0439
ENCODING 1081
SWIDTH 561 0
DWIDTH 28 0
BBX 24 37 2 0
BITMAP
1F80F8
1F81F8
0FC1F8
0FE7F8
07FFF0
07FFE0
01FFC0
007F00
000000
000000
000000
FF01FF
FF01FF
FF03FF
FF03FF
FF03FF
FF07FF
FF07FF
FF0FFF
FF0FFF
FF1FFF
FF1FFF
FF3EFF
FF3EFF
FF7CFF
FF7CFF
FFF8FF
FFF8FF
FFF8FF
FFF0FF
FFF0FF
FFE0FF
FFE0FF
FFC0FF
FFC0FF
FF80FF
FF80FF
ENDCHAR
STARTCHAR uni043A
ENCODING 1082
SWIDTH 573 0
DWIDTH 29 0
BBX 26 26 3 0
BITMAP
FF03FF80
FF03FF00
FF03FF00
FF07FE00
FF07FC00
FF0FFC00
FF0FF800
FF1FF000
FF1FF000
FFFFE000
FFFFE000
FFFFC000
FFFFC000
FFFFC000
FFFFE000
FFFFF000
FFFFF000
FF1FF800
FF1FF800
FF0FFC00
FF0FFE00
FF07FE00
FF07FF00
FF03FF00
FF03FF80
FF01FFC0
ENDCHAR
STARTCHAR uni043B
ENCODING 1083
SWIDTH 562 0
DWIDTH 28 0
BBX 26 26 0 0
BITMAP
07FFFFC0
07FFFFC0
07FFFFC0
07FFFFC0
07FFFFC0
07FFFFC0
07F83FC0
07F83FC0
07F83FC0
07F83FC0
07F83FC0
07F03FC0
0FF03FC0
0FF03FC0
0FF03FC0
0FF03FC0
0FF03FC0
0FF03FC0
1FF03FC0
3FE03FC0
FFE03FC0
FFE03FC0
FFC03FC0
FF803FC0
FF003FC0
FC003FC0
ENDCHAR
STARTCHAR uni043C
ENCODING 1084
SWIDTH 767 0
DWIDTH 38 0
BBX 32 26 3 0
BITMAP
FFC003FF
FFC007FF
FFE007FF
FFE007FF
FFF00FFF
FFF00FFF
FFF00FFF
FFF81FFF
FFF81FFF
FFF81FFF
FFFC3FFF
FFFC3FFF
FFFC7FFF
FF7E7EFF
FF7E7EFF
FF7EFEFF
FF3FFCFF
FF3FFCFF
FF3FF8FF
FF1FF8FF
FF1FF8FF
FF1FF0FF
FF0FF0FF
FF0FF0FF
FF07E0FF
FF07E0FF
ENDCHAR
STARTCHAR uni043D
ENCODING 1085
SWIDTH 561 0
DWIDTH 28 0
BBX 24 26 2 0
BITMAP
FF00FF
FF00FF
FF00FF
FF00FF
FF00FF
FF00FF
FF00FF
FF00FF
FF00FF
FF00FF
FFFFFF
FFFFFF
FFFFFF
FFFFFF
FFFFFF
FFFFFF
FF00FF
FF00FF
FF00FF
FF00FF
FF00FF
FF00FF
FF00FF
FF00FF
FF00FF
FF00FF
ENDCHAR
STARTCHAR uni043E
ENCODING 1086
SWIDTH 562 0
DWIDTH 28 0
BBX 26 26 1 0
BITMAP
007F8000
03FFF000
07FFF800
0FFFFC00
1FFFFE00
3FFFFF00
3FF3FF00
7FC0FF80
7F807F80
7F807F80
FF807FC0
FF807FC0
FF803FC0
FF803FC0
FF803FC0
FF807FC0
7F807F80
7F807F80
7FC0FF80
3FF3FF00
3FFFFF00
1FFFFE00
0FFFFC00
07FFF800
03FFF000
007F8000
ENDCHAR
STARTCHAR uni043F
ENCODING 1087
SWIDTH 561 0
DWIDTH 28 0
BBX 24 26 2 0
BITMAP
FFFFFF
FFFFFF
FFFFFF
FFFFFF
FFFFFF
FFFFFF
FF00FF
FF00FF
FF00FF
FF00FF
FF00FF
FF00FF
FF00FF
FF00FF
FF00FF
FF00FF
FF00FF
FF00FF
FF00FF
FF00FF
FF00FF
FF00FF
FF00FF
FF00FF
FF00FF
FF00FF
ENDCHAR
STARTCHAR uni0440
ENCODING 1088
SWIDTH 562 0
DWIDTH 28 0
BBX 25 36 2 -10
BITMAP
FF1FC000
FF3FF000
FF7FF800
FFFFFC00
FFFFFE00
FFFFFE00
FFE3FF00
FF81FF00
FF80FF00
FF80FF80
FF80FF80
FF807F80
FF807F80
FF807F80
FF807F80
FF80FF80
FF80FF80
FF80FF00
FF81FF00
FFE3FF00
FFFFFE00
FFFFFE00
FFFFFC00
FFFFF800
FFBFF000
FF8FC000
FF800000
FF800000
FF800000
FF800000
FF800000
FF800000
FF800000
FF800000
FF800000
FF800000
ENDCHAR
STARTCHAR uni0441
ENCODING 1089
SWIDTH 520 0
DWIDTH 26 0
BBX 24 26 1 0
BITMAP
007F00
03FFE0
07FFF0
0FFFF8
1FFFFC
3FFFFE
3FE3FE
7FC1FF
7F80FF
7F80FF
FF80FF
FF8000
FF8000
FF8000
FF8000
FF8000
7F80FF
7F80FF
7FC1FF
7FE3FE
3FFFFE
1FFFFC
1FFFF8
07FFF0
03FFE0
007F00
ENDCHAR
STARTCHAR uni0442
ENCODING 1090
SWIDTH 524 0
DWIDTH 26 0
BBX 24 26 1 0
BITMAP
FFFFFF
FFFFFF
FFFFFF
FFFFFF
FFFFFF
FFFFFF
00FF00
00FF00
00FF00
00FF00
00FF00
00FF00
00FF00
00FF00
00FF00
00FF00
00FF00
00FF00
00FF00
00FF00
00FF00
00FF00
00FF00
00FF00
00FF00
00FF00
ENDCHAR
STARTCHAR uni0443
ENCODING 1091
SWIDTH 518 0
DWIDTH 26 0
BBX 26 36 0 -10
BITMAP
FF807FC0
FF807FC0
7F80FF80
7FC0FF80
7FC0FF00
3FC0FF00
3FE1FF00
1FE1FE00
1FE1FE00
1FE3FE00
0FF3FC00
0FF3FC00
0FF7FC00
07FFF800
07FFF800
07FFF800
03FFF000
03FFF000
03FFE000
01FFE000
01FFE000
00FFC000
00FFC000
00FFC000
007F8000
007F8000
007F8000
00FF0000
00FF0000
03FE0000
1FFE0000
1FFE0000
1FFC0000
1FF80000
1FF00000
1FC00000
ENDCHAR
STARTCHAR uni0444
ENCODING 1092
SWIDTH 733 0
DWIDTH 37 0
BBX 34 48 1 -10
BITMAP
0007F80000
0007F80000
0007F80000
0007F80000
0007F80000
0007F80000
0007F80000
0007F80000
0007F80000
0007F80000
0007F80000
0007F80000
01FFFBF000
07FFFFFC00
0FFFFFFE00
1FFFFFFF00
3FFFFFFF00
3FFFFFFF80
7FE7F9FF80
7FC7F87FC0
7F87F87FC0
7F87F83FC0
FF87F83FC0
FF87F83FC0
FF87F83FC0
FF87F83FC0
FF87F83FC0
FF87F83FC0
FF87F83FC0
7F87F83FC0
7FC7F87FC0
7FE7F8FF80
3FFFFFFF80
3FFFFFFF00
1FFFFFFF00
0FFFFFFE00
07FFFFFC00
01FFFBF000
0007F80000
0007F80000
0007F80000
0007F80000
0007F80000
0007F80000
0007F80000
0007F80000
0007F80000
0007F80000
ENDCHAR
STARTCHAR uni0445
ENCODING 1093
SWIDTH 515 0
DWIDTH 26 0
BBX 24 26 1 0
BITMAP
FF80FF
FF81FF
7FC3FE
3FC3FC
3FE7FC
1FE7F8
1FFFF8
0FFFF0
0FFFF0
07FFE0
07FFE0
03FFC0
03FFC0
03FFC0
03FFC0
07FFE0
0FFFF0
0FFFF0
1FFFF8
1FE7F8
3FE7FC
3FC3FC
7FC3FE
7F81FE
FF81FF
FF00FF
ENDCHAR
STARTCHAR uni0446
ENCODING 1094
SWIDTH 615 0
DWIDTH 31 0
BBX 28 34 2 -8
BITMAP
FF00FF00
FF00FF00
FF00FF00
FF00FF00
FF00FF00
FF00FF00
FF00FF00
FF00FF00
FF00FF00
FF00FF00
FF00FF00
FF00FF00
FF00FF00
FF00FF00
FF00FF00
FF00FF00
FF00FF00
FF00FF00
FF00FF00
FF00FF00
FFFFFFF0
FFFFFFF0
FFFFFFF0
FFFFFFF0
FFFFFFF0
FFFFFFF0
00000FF0
00000FF0
00000FF0
00000FF0
00000FF0
00000FF0
00000FF0
00000FF0
ENDCHAR
STARTCHAR uni0447
ENCODING 1095
SWIDTH 558 0
DWIDTH 28 0
BBX 24 26 2 0
BITMAP
FF00FF
FF00FF
FF00FF
FF00FF
FF00FF
FF00FF
FF00FF
FF00FF
FF00FF
FF00FF
FF80FF
FFE1FF
7FFFFF
7FFFFF
3FFFFF
1FFFFF
07FFFF
00FFFF
0000FF
0000FF
0000FF
0000FF
0000FF
0000FF
0000FF
0000FF
ENDCHAR
STARTCHAR uni0448
ENCODING 1096
SWIDTH 835 0
DWIDTH 42 0
BBX 37 26 2 0
BITMAP
FF01FE07F8
FF01FE07F8
FF01FE07F8
FF01FE07F8
FF01FE07F8
FF01FE07F8
FF01FE07F8
FF01FE07F8
FF01FE07F8
FF01FE07F8
FF01FE07F8
FF01FE07F8
FF01FE07F8
FF01FE07F8
FF01FE07F8
FF01FE07F8
FF01FE07F8
FF01FE07F8
FF01FE07F8
FF01FE07F8
FFFFFFFFF8
FFFFFFFFF8
FFFFFFFFF8
FFFFFFFFF8
FFFFFFFFF8
FFFFFFFFF8
ENDCHAR
STARTCHAR uni0449
ENCODING 1097
SWIDTH 937 0
DWIDTH 47 0
BBX 43 34 2 -8
BITMAP
FF01FE07F800
FF01FE07F800
FF01FE07F800
FF01FE07F800
FF01FE07F800
FF01FE07F800
FF01FE07F800
FF01FE07F800
FF01FE07F800
FF01FE07F800
FF01FE07F800
FF01FE07F800
FF01FE07F800
FF01FE07F800
FF01FE07F800
FF01FE07F800
FF01FE07F800
FF01FE07F800
FF01FE07F800
FF01FE07F800
FFFFFFFFFFE0
FFFFFFFFFFE0
FFFFFFFFFFE0
FFFFFFFFFFE0
FFFFFFFFFFE0
FFFFFFFFFFE0
000000001FE0
000000001FE0
000000001FE0
000000001FE0
000000001FE0
000000001FE0
000000001FE0
000000001FE0
ENDCHAR
STARTCHAR uni044A
ENCODING 1098
SWIDTH 676 0
DWIDTH 34 0
BBX 32 26 1 0
BITMAP
FFFF0000
FFFF0000
FFFF0000
FFFF0000
FFFF0000
FFFF0000
01FF0000
01FFFF00
01FFFFE0
01FFFFF8
01FFFFFC
01FFFFFC
01FFFFFE
01FF07FE
01FF01FF
01FF00FF
01FF00FF
01FF00FF
01FF01FF
01FF07FE
01FFFFFE
01FFFFFC
01FFFFFC
01FFFFF8
01FFFFE0
01FFFF00
ENDCHAR
STARTCHAR uni044B
ENCODING 1099
SWIDTH 852 0
DWIDTH 43 0
BBX 37 26 3 0
BITMAP
FF00000FF8
FF00000FF8
FF00000FF8
FF00000FF8
FF00000FF8
FF00000FF8
FF00000FF8
FFFF800FF8
FFFFF00FF8
FFFFF80FF8
FFFFFC0FF8
FFFFFE0FF8
FFFFFF0FF8
FF03FF0FF8
FF00FF0FF8
FF00FF0FF8
FF00FF8FF8
FF00FF0FF8
FF00FF0FF8
FF03FF0FF8
FFFFFF0FF8
FFFFFE0FF8
FFFFFC0FF8
FFFFF80FF8
FFFFE00FF8
FFFF800FF8
ENDCHAR
STARTCHAR uni044C
ENCODING 1100
SWIDTH 565 0
DWIDTH 28 0
BBX 25 26 3 0
BITMAP
FF000000
FF000000
FF000000
FF000000
FF000000
FF000000
FF000000
FFFF8000
FFFFF000
FFFFF800
FFFFFC00
FFFFFE00
FFFFFF00
FF03FF00
FF00FF00
FF00FF00
FF00FF80
FF00FF00
FF00FF00
FF03FF00
FFFFFF00
FFFFFE00
FFFFFC00
FFFFF800
FFFFE000
FFFF8000
ENDCHAR
STARTCHAR uni044D
ENCODING 1101
SWIDTH 510 0
DWIDTH 26 0
BBX 24 26 1 0
BITMAP
01FE00
07FFC0
1FFFE0
3FFFF0
3FFFF8
7FFFFC
7FCFFC
FF03FE
FF01FE
FF01FE
0001FF
003FFF
003FFF
003FFF
003FFF
FF01FF
FF01FE
FF01FE
FF83FE
7FCFFC
7FFFFC
3FFFF8
1FFFF0
0FFFE0
07FFC0
01FE00
ENDCHAR
STARTCHAR uni044E
ENCODING 1102
SWIDTH 809 0
DWIDTH 40 0
BBX 36 26 3 0
BITMAP
FF001FE000
FF007FFC00
FF01FFFF00
FF03FFFF80
FF07FFFFC0
FF0FFFFFC0
FF0FFC7FE0
FF1FF03FE0
FF1FF01FE0
FF1FE01FF0
FFFFE00FF0
FFFFE00FF0
FFFFE00FF0
FFFFE00FF0
FFFFE00FF0
FFFFE00FF0
FF1FE01FF0
FF1FF01FE0
FF1FF03FE0
FF0FFC7FE0
FF0FFFFFC0
FF07FFFFC0
FF03FFFF80
FF01FFFF00
FF007FFC00
FF001FF000
ENDCHAR
STARTCHAR uni044F
ENCODING 1103
SWIDTH 564 0
DWIDTH 28 0
BBX 24 26 1 0
BITMAP
00FFFF
07FFFF
0FFFFF
1FFFFF
3FFFFF
7FFFFF
7FE0FF
7F80FF
7F80FF
7F80FF
7F80FF
7FE0FF
3FFFFF
3FFFFF
0FFFFF
07FFFF
07FFFF
07F8FF
0FF0FF
1FF0FF
1FE0FF
3FE0FF
3FC0FF
7FC0FF
7F80FF
FF80FF
ENDCHAR
STARTCHAR uni0450
ENCODING 1104
SWIDTH 544 0
DWIDTH 27 0
BBX 25 37 1 0
BITMAP
1FE00000
0FF00000
0FF80000
07F80000
03FC0000
01FC0000
00FE0000
007F0000
00000000
00000000
00000000
007F8000
01FFF000
07FFF800
0FFFFC00
1FFFFE00
3FFFFF00
3FF1FF00
7FC07F80
7FC07F80
7F807F80
7FFFFF80
7FFFFF80
FFFFFF80
FFFFFF80
FFFFFF80
7F800000
7F800000
7FC00800
7FE01C00
3FF8FE00
3FFFFF00
1FFFFF00
0FFFFF00
07FFFC00
01FFF800
003FC000
ENDCHAR
STARTCHAR uni0451
ENCODING 1105
SWIDTH 544 0
DWIDTH 27 0
BBX 25 37 1 0
BITMAP
00002000
1F80F800
1F81FC00
3FC1FC00
3FC1FC00
1F80FC00
0F007800
00000000
00000000
00000000
00000000
007F8000
01FFF000
07FFF800
0FFFFC00
1FFFFE00
3FFFFF00
3FF1FF00
7FC07F80
7FC07F80
7F807F80
7FFFFF80
7FFFFF80
FFFFFF80
FFFFFF80
FFFFFF80
7F800000
7F800000
7FC00800
7FE01C00
3FF8FE00
3FFFFF00
1FFFFF00
0FFFFF00
07FFFC00
01FFF800
003FC000
ENDCHAR
STARTCHAR uni0452
ENCODING 1106
SWIDTH 564 0
DWIDTH 28 0
BBX 28 48 -2 -10
BITMAP
0FF00000
0FF00000
0FF00000
0FF00000
0FF00000
FFFFC000
FFFFC000
FFFFC000
FFFFC000
FFFFC000
0FF00000
0FF00000
0FF0FE00
0FF3FF80
0FF7FFC0
0FFFFFC0
0FFFFFE0
0FFFFFE0
0FFC7FF0
0FF81FF0
0FF01FF0
0FF00FF0
0FF00FF0
0FF00FF0
0FF00FF0
0FF00FF0
0FF00FF0
0FF00FF0
0FF00FF0
0FF00FF0
0FF00FF0
0FF00FF0
0FF00FF0
0FF00FF0
0FF00FF0
0FF00FF0
0FF00FF0
0FF00FF0
00000FF0
00001FF0
00001FF0
00023FE0
0003FFE0
0003FFE0
0003FFC0
0003FF80
0003FF00
0003FC00
ENDCHAR
STARTCHAR uni0453
ENCODING 1107
SWIDTH 418 0
DWIDTH 21 0
BBX 19 37 2 0
BITMAP
007F80
00FF00
00FF00
01FE00
03FC00
03F800
07F000
0FE000
000000
000000
000000
FFFFE0
FFFFE0
FFFFE0
FFFFE0
FFFFE0
FFFFE0
FF0000
FF0000
FF0000
FF0000
FF0000
FF0000
FF0000
FF0000
FF0000
FF0000
FF0000
FF0000
FF0000
FF0000
FF0000
FF0000
FF0000
FF0000
FF0000
FF0000
ENDCHAR
STARTCHAR uni0454
ENCODING 1108
SWIDTH 510 0
DWIDTH 26 0
BBX 24 26 1 0
BITMAP
00FF00
03FFE0
0FFFF0
1FFFF8
3FFFFC
3FFFFE
7FE7FE
7F81FE
7F80FE
FF80FF
FF00FF
FFFE00
FFFE00
FFFE00
FFFE00
FF0000
FF80FF
7F80FF
7F81FE
7FE3FE
3FFFFE
3FFFFC
1FFFF8
0FFFF0
03FFE0
00FF00
ENDCHAR
STARTCHAR uni0455
ENCODING 1109
SWIDTH 512 0
DWIDTH 26 0
BBX 23 26 1 0
BITMAP
01FF00
07FFE0
1FFFF0
3FFFF8
3FFFFC
7FEFFE
7F83FE
7F01FE
7F81FE
7FC000
7FFC00
3FFFC0
1FFFF0
0FFFF8
03FFFC
007FFE
0007FE
FF01FE
FF01FE
FF81FE
7FE7FE
7FFFFC
3FFFF8
1FFFF0
07FFE0
01FF00
ENDCHAR
STARTCHAR uni0456
ENCODING 1110
SWIDTH 274 0
DWIDTH 14 0
BBX 9 37 2 0
BITMAP
3E00
7F80
7F80
FF80
FF80
7F80
7F00
3E00
0000
0000
0000
7F80
7F80
7F80
7F80
7F80
7F80
7F80
7F80
7F80
7F80
7F80
7F80
7F80
7F80
7F80
7F80
7F80
7F80
7F80
7F80
7F80
7F80
7F80
7F80
7F80
7F80
ENDCHAR
STARTCHAR uni0457
ENCODING 1111
SWIDTH 285 0
DWIDTH 14 0
BBX 20 37 -3 0
BITMAP
000080
7E03E0
7E07F0
FF07F0
FF07F0
7E03F0
3C01E0
000000
000000
000000
000000
03FC00
03FC00
03FC00
03FC00
03FC00
03FC00
03FC00
03FC00
03FC00
03FC00
03FC00
03FC00
03FC00
03FC00
03FC00
03FC00
03FC00
03FC00
03FC00
03FC00
03FC00
03FC00
03FC00
03FC00
03FC00
03FC00
ENDCHAR
STARTCHAR uni0458
ENCODING 1112
SWIDTH 270 0
DWIDTH 14 0
BBX 14 47 -3 -10
BITMAP
01F0
03FC
03FC
07FC
07FC
03FC
03FC
00F0
0000
0000
0000
03FC
03FC
03FC
03FC
03FC
03FC
03FC
03FC
03FC
03FC
03FC
03FC
03FC
03FC
03FC
03FC
03FC
03FC
03FC
03FC
03FC
03FC
03FC
03FC
03FC
03FC
03FC
03FC
07FC
9FFC
FFF8
FFF8
FFF0
FFE0
FFC0
FF00
ENDCHAR
STARTCHAR uni0459
ENCODING 1113
SWIDTH 865 0
DWIDTH 43 0
BBX 42 26 0 0
BITMAP
07FFFFC00000
07FFFFC00000
07FFFFC00000
07FFFFC00000
07FFFFC00000
07FFFFC00000
07F83FC00000
07F83FC00000
07F83FFFF000
07F83FFFFC00
07F83FFFFF00
07F03FFFFF80
0FF03FFFFF80
0FF03FFFFFC0
0FF03FC07FC0
0FF03FC03FC0
0FF03FC03FC0
0FF03FC03FC0
1FF03FC03FC0
3FE03FC0FFC0
FFE03FFFFFC0
FFE03FFFFF80
FFC03FFFFF00
FF803FFFFE00
FF003FFFFC00
FC003FFFE000
ENDCHAR
STARTCHAR uni045A
ENCODING 1114
SWIDTH 861 0
DWIDTH 43 0
BBX 40 26 2 0
BITMAP
FF00FF0000
FF00FF0000
FF00FF0000
FF00FF0000
FF00FF0000
FF00FF0000
FF00FF0000
FF00FFFF00
FF00FFFFE0
FF00FFFFF8
FFFFFFFFFC
FFFFFFFFFE
FFFFFFFFFE
FFFFFF07FF
FFFFFF01FF
FFFFFF00FF
FF00FF00FF
FF00FF00FF
FF00FF01FF
FF00FF03FF
FF00FFFFFE
FF00FFFFFE
FF00FFFFFC
FF00FFFFF8
FF00FFFFE0
FF00FFFF00
ENDCHAR
STARTCHAR uni045B
ENCODING 1115
SWIDTH 562 0
DWIDTH 28 0
BBX 27 38 -1 0
BITMAP
1FE00000
1FE00000
1FE00000
1FE00000
1FE00000
FFFF8000
FFFF8000
FFFF8000
FFFF8000
FFFF8000
1FE00000
1FE00000
1FE1FC00
1FE7FF00
1FEFFF80
1FFFFF80
1FFFFFC0
1FFFFFC0
1FF8FFE0
1FF03FE0
1FE03FE0
1FE01FE0
1FE01FE0
1FE01FE0
1FE01FE0
1FE01FE0
1FE01FE0
1FE01FE0
1FE01FE0
1FE01FE0
1FE01FE0
1FE01FE0
1FE01FE0
1FE01FE0
1FE01FE0
1FE01FE0
1FE01FE0
1FE01FE0
ENDCHAR
STARTCHAR uni045C
ENCODING 1116
SWIDTH 573 0
DWIDTH 29 0
BBX 26 37 3 0
BITMAP
0007F800
000FF000
000FF000
001FE000
003FC000
003F8000
007F0000
00FE0000
00000000
00000000
00000000
FF03FF80
FF03FF00
FF03FF00
FF07FE00
FF07FC00
FF0FFC00
FF0FF800
FF1FF000
FF1FF000
FFFFE000
FFFFE000
FFFFC000
FFFFC000
FFFFC000
FFFFE000
FFFFF000
FFFFF000
FF1FF800
FF1FF800
FF0FFC00
FF0FFE00
FF07FE00
FF07FF00
FF03FF00
FF03FF80
FF01FFC0
ENDCHAR
STARTCHAR uni045D
ENCODING 1117
SWIDTH 561 0
DWIDTH 28 0
BBX 24 37 2 0
BITMAP
1FE000
0FF000
0FF800
07F800
03FC00
01FC00
00FE00
007F00
000000
000000
000000
FF01FF
FF01FF
FF03FF
FF03FF
FF03FF
FF07FF
FF07FF
FF0FFF
FF0FFF
FF1FFF
FF1FFF
FF3EFF
FF3EFF
FF7CFF
FF7CFF
FFF8FF
FFF8FF
FFF8FF
FFF0FF
FFF0FF
FFE0FF
FFE0FF
FFC0FF
FFC0FF
FF80FF
FF80FF
ENDCHAR
STARTCHAR uni045E
ENCODING 1118
SWIDTH 518 0
DWIDTH 26 0
BBX 26 48 0 -10
BITMAP
0FC07C00
0FC0FC00
07E0FC00
07F3FC00
03FFF800
03FFF000
00FFE000
003F8000
00000000
00000000
00000000
00000000
FF807FC0
FF807FC0
7F80FF80
7FC0FF80
7FC0FF00
3FC0FF00
3FE1FF00
1FE1FE00
1FE1FE00
1FE3FE00
0FF3FC00
0FF3FC00
0FF7FC00
07FFF800
07FFF800
07FFF800
03FFF000
03FFF000
03FFE000
01FFE000
01FFE000
00FFC000
00FFC000
00FFC000
007F8000
007F8000
007F8000
00FF0000
00FF0000
03FE0000
1FFE0000
1FFE0000
1FFC0000
1FF80000
1FF00000
1FC00000
ENDCHAR
STARTCHAR uni045F
ENCODING 1119
SWIDTH 561 0
DWIDTH 28 0
BBX 24 35 2 -9
BITMAP
FF00FF
FF00FF
FF00FF
FF00FF
FF00FF
FF00FF
FF00FF
FF00FF
FF00FF
FF00FF
FF00FF
FF00FF
FF00FF
FF00FF
FF00FF
FF00FF
FF00FF
FF00FF
FF00FF
FF00FF
FFFFFF
FFFFFF
FFFFFF
FFFFFF
FFFFFF
FFFFFF
00FF00
00FF00
00FF00
00FF00
00FF00
00FF00
00FF00
00FF00
00FF00
ENDCHAR
STARTCHAR uni0460
ENCODING 1120
SWIDTH 984 0
DWIDTH 49 0
BBX 44 36 2 0
BITMAP
FF803FE00FF0
FF803FE00FF0
FF803FE00FF0
FF803FE00FF0
FF803FE00FF0
FF803FE00FF0
FF803FE00FF0
FF803FE00FF0
FF803FE00FF0
FF803FE00FF0
FF803FE00FF0
FF803FE00FF0
FF803FE00FF0
FF803FE00FF0
FF803FE00FF0
FF803FE00FF0
FF803FE00FF0
FF803FE00FF0
FF803FE00FF0
FF803FE00FF0
FF803FE00FF0
FF803FE00FF0
FF803FE00FF0
FF803FE00FF0
FF803FE00FF0
7F803FE00FF0
7F803FE01FF0
7FC07FF01FF0
7FE0FFF03FE0
3FFFFFFFFFE0
3FFFFFFFFFC0
1FFFFFFFFFC0
0FFFFDFFFF80
07FFF8FFFF00
01FFF07FFC00
007F801FF000
ENDCHAR
STARTCHAR uni0461
ENCODING 1121
SWIDTH 853 0
DWIDTH 43 0
BBX 39 26 2 0
BITMAP
FF00FF01FE
FF00FF01FE
FF00FF01FE
FF00FF01FE
FF00FF01FE
FF00FF01FE
FF00FF01FE
FF00FF01FE
FF00FF01FE
FF00FF01FE
FF00FF01FE
FF00FF01FE
FF00FF01FE
FF00FF01FE
FF00FF01FE
FF00FF01FE
FF81FF01FE
FF81FF03FE
7F81FF83FE
7FE7FFC7FC
3FFFFFFFFC
3FFFFFFFF8
1FFFFFFFF0
0FFFE7FFE0
07FFC3FFC0
00FE00FE00
ENDCHAR
STARTCHAR uni0462
ENCODING 1122
SWIDTH 623 0
DWIDTH 31 0
BBX 31 36 -1 0
BITMAP
0FF00000
0FF00000
0FF00000
0FF00000
FFFFC000
FFFFC000
FFFFC000
FFFFC000
FFFFC000
0FF00000
0FF00000
0FF00000
0FFFF800
0FFFFF00
0FFFFFC0
0FFFFFE0
0FFFFFF0
0FFFFFF8
0FFFFFFC
0FF00FFC
0FF007FE
0FF003FE
0FF003FE
0FF003FE
0FF003FE
0FF003FE
0FF003FE
0FF007FC
0FF00FFC
0FFFFFFC
0FFFFFF8
0FFFFFF0
0FFFFFE0
0FFFFFC0
0FFFFF00
0FFFF800
ENDCHAR
STARTCHAR uni0463
ENCODING 1123
SWIDTH 565 0
DWIDTH 28 0
BBX 29 39 -1 0
BITMAP
0FF00000
0FF00000
0FF00000
0FF00000
0FF00000
0FF00000
0FF00000
FFFFC000
FFFFC000
FFFFC000
FFFFC000
FFFFC000
0FF00000
0FF00000
0FF00000
0FF00000
0FF00000
0FF00000
0FF00000
0FFFFC00
0FFFFF00
0FFFFF80
0FFFFFC0
0FFFFFE0
0FFFFFF0
0FF01FF0
0FF00FF0
0FF00FF0
0FF00FF8
0FF00FF0
0FF00FF0
0FF01FF0
0FF03FF0
0FFFFFE0
0FFFFFE0
0FFFFFC0
0FFFFF80
0FFFFE00
0FFFF800
ENDCHAR
STARTCHAR uni0464
ENCODING 1124
SWIDTH 890 0
DWIDTH 45 0
BBX 43 36 2 0
BITMAP
FF8000FF8000
FF8007FFE000
FF801FFFF800
FF803FFFFC00
FF807FFFFE00
FF80FFFFFF00
FF80FFFFFF80
FF81FF80FF80
FF81FF007FC0
FF83FE003FC0
FF83FC003FC0
FF83FC003FE0
FF87FC003FE0
FF87FC000000
FF87FC000000
FFFFFFFE0000
FFFFFFFE0000
FFFFFFFE0000
FFFFFFFE0000
FFFFFFFE0000
FFFFFFFE0000
FF87FC000000
FF87FC000000
FF87FC003FE0
FF87FC003FE0
FF83FC003FC0
FF83FE007FC0
FF83FF007FC0
FF81FF80FF80
FF81FFFFFF80
FF80FFFFFF00
FF807FFFFF00
FF803FFFFE00
FF801FFFF800
FF8007FFE000
FF8000FF0000
ENDCHAR
STARTCHAR uni0465
ENCODING 1125
SWIDTH 758 0
DWIDTH 38 0
BBX 35 26 2 0
BITMAP
FF800FE000
FF807FFC00
FF80FFFE00
FF83FFFF00
FF83FFFF80
FF87FFFFC0
FF87FC7FC0
FF8FF83FC0
FF8FF01FE0
FF8FF01FE0
FFFFFFDFE0
FFFFFFC000
FFFFFFC000
FFFFFFC000
FFFFFFC000
FF9FF00000
FF8FF01FE0
FF8FF01FE0
FF8FF83FE0
FF8FFC7FC0
FF87FFFFC0
FF83FFFF80
FF83FFFF00
FF80FFFE00
FF807FFC00
FF800FE000
ENDCHAR
STARTCHAR uni0466
ENCODING 1126
SWIDTH 691 0
DWIDTH 35 0
BBX 34 36 0 0
BITMAP
000FFC0000
000FFC0000
000FFE0000
001FFE0000
001FFE0000
001FFF0000
003FFF0000
003FFF0000
007FFF8000
007FFF8000
007FFF8000
00FFFFC000
00FFBFC000
00FF3FC000
01FF3FE000
01FF1FE000
01FE1FE000
03FE1FF000
03FE0FF000
03FC0FF800
07FC0FF800
07FFFFF800
07FFFFFC00
0FFFFFFC00
0FFFFFFC00
0FFFFFFE00
1FF3F3FE00
1FF3F3FE00
1FE3F1FF00
3FE3F1FF00
3FE3F1FF00
3FE3F0FF80
7FC3F0FF80
7FC3F0FF80
7FC3F07FC0
FF83F07FC0
ENDCHAR
STARTCHAR uni0467
ENCODING 1127
SWIDTH 571 0
DWIDTH 29 0
BBX 28 26 0 0
BITMAP
007FE000
007FE000
007FF000
00FFF000
00FFF000
00FFF800
01FFF800
01FFF800
01FFFC00
03FDFC00
03F9FC00
07F9FE00
07F8FE00
07F0FF00
0FF0FF00
0FFFFF00
0FFFFF80
1FFFFF80
1FFFFF80
3FFFFFC0
3FCF3FC0
3FCF3FE0
7FCF1FE0
7F8F1FE0
7F8F1FF0
FF8F0FF0
ENDCHAR
STARTCHAR uni0468
ENCODING 1128
SWIDTH 964 0
DWIDTH 48 0
BBX 45 36 3 0
BITMAP
FF0001FF0000
FF0003FF8000
FF0003FF8000
FF0003FF8000
FF0007FFC000
FF0007FFC000
FF0007FFE000
FF000FFFE000
FF000FFFE000
FF000FFFF000
FF001FFFF000
FF001FEFF000
FF001FEFF800
FF003FEFF800
FF003FC7F800
FF003FC7FC00
FF007FC7FC00
FF007F83FC00
FF007F83FE00
FF00FF83FE00
FF00FF81FE00
FFFFFFFFFF00
FFFFFFFFFF00
FFFFFFFFFF00
FFFFFFFFFF80
FFFFFFFFFF80
FF03FEFE7F80
FF07FCFE7FC0
FF07FCFE7FC0
FF07FCFE3FC0
FF0FF8FE3FE0
FF0FF8FE3FE0
FF0FF8FE1FF0
FF1FF0FE1FF0
FF1FF0FE1FF0
FF1FF0FE0FF8
ENDCHAR
STARTCHAR uni0469
ENCODING 1129
SWIDTH 821 0
DWIDTH 41 0
BBX 38 26 2 0
BITMAP
FF800FF800
FF800FFC00
FF801FFC00
FF801FFC00
FF803FFE00
FF803FFE00
FF803FFE00
FF807FFF00
FF807F7F00
FF807F7F80
FF80FF7F80
FF80FF3F80
FF80FE3FC0
FF81FE3FC0
FF81FE1FC0
FFFFFFFFE0
FFFFFFFFE0
FFFFFFFFF0
FFFFFFFFF0
FFFFFFFFF0
FF87FBE7F8
FF8FF3E7F8
FF8FF3E7F8
FF9FF3E7FC
FF9FE3E3FC
FF9FE3E3FC
ENDCHAR
STARTCHAR uni046A
ENCODING 1130
SWIDTH 877 0
DWIDTH 44 0
BBX 40 36 2 0
BITMAP
07FFFFFFF0
07FFFFFFF0
03FFFFFFE0
03FFFFFFE0
01FFFFFFC0
01FFFFFFC0
00FFFFFF80
00FF80FF80
007FC1FF00
003FC1FE00
003FE3FE00
001FE3FC00
001FF7FC00
000FF7F800
000FFFF800
0007FFF000
001FFFF800
03FFFFFF80
0FFFFFFFE0
1FFFFFFFF8
3FFFFFFFFC
3FFFFFFFFC
7FFFFFFFFE
7FE0FF87FE
7FC0FF83FE
FF80FF81FF
FF80FF81FF
FF80FF81FF
FF80FF81FF
FF80FF81FF
FF80FF81FF
FF80FF81FF
FF80FF81FF
FF80FF81FF
FF80FF81FF
FF80FF81FF
ENDCHAR
STARTCHAR uni046B
ENCODING 1131
SWIDTH 729 0
DWIDTH 36 0
BBX 32 26 2 0
BITMAP
1FFFFFFC
0FFFFFF8
0FFFFFF8
07FFFFF0
07FFFFE0
03FC1FE0
01FE3FC0
01FE3FC0
00FF7F80
00FF7F00
007FFF00
00FFFF80
07FFFFF0
1FFFFFF8
3FFFFFFC
3FFFFFFE
7FFFFFFE
7FCFF3FF
FF8FF1FF
FF8FF0FF
FF8FF0FF
FF0FF0FF
FF0FF0FF
FF0FF0FF
FF0FF0FF
FF0FF0FF
ENDCHAR
STARTCHAR uni046C
ENCODING 1132
SWIDTH 1176 0
DWIDTH 59 0
BBX 54 36 3 0
BITMAP
FF801FFFFFFFC0
FF801FFFFFFFC0
FF800FFFFFFF80
FF800FFFFFFF80
FF8007FFFFFF00
FF8007FFFFFF00
FF8003FFFFFE00
FF8003FE03FE00
FF8001FF07FC00
FF8001FF07FC00
FF8000FF0FF800
FF80007F8FF000
FF80007F9FF000
FF80003FDFE000
FF80003FDFE000
FF80001FFFC000
FF80001FFFC000
FFFFFFFFFFFC00
FFFFFFFFFFFF80
FFFFFFFFFFFFC0
FFFFFFFFFFFFE0
FFFFFFFFFFFFF0
FFFFFFFFFFFFF8
FF81FFC3FE3FF8
FF81FF03FE0FF8
FF83FE03FE07F8
FF83FE03FE07FC
FF83FE03FE07FC
FF83FE03FE07FC
FF83FE03FE07FC
FF83FE03FE07FC
FF83FE03FE07FC
FF83FE03FE07FC
FF83FE03FE07FC
FF83FE03FE07FC
FF83FE03FE07FC
ENDCHAR
STARTCHAR uni046D
ENCODING 1133
SWIDTH 1015 0
DWIDTH 51 0
BBX 46 26 3 0
BITMAP
FF00FFFFFFE0
FF007FFFFFC0
FF003FFFFFC0
FF003FFFFF80
FF001FFFFF80
FF001FE0FF00
FF000FF0FF00
FF000FF1FE00
FF0007F9FC00
FF0003FBFC00
FF0003FFF800
FFFFFFFFF800
FFFFFFFFFF00
FFFFFFFFFFC0
FFFFFFFFFFE0
FFFFFFFFFFF0
FFFFFFFFFFF8
FF03FF3FDFF8
FF03FC3FC7F8
FF03FC3FC7F8
FF03FC3FC7FC
FF07FC3FC7FC
FF07FC3FC7FC
FF07FC3FC7FC
FF07FC3FC7FC
FF07FC3FC7FC
ENDCHAR
STARTCHAR uni046E
ENCODING 1134
SWIDTH 511 0
DWIDTH 26 0
BBX 24 58 -1 -11
BITMAP
3F81FE
1FC3FC
0FF7F0
03FFE0
01FFC0
00FF80
007F00
000000
000000
000000
000000
0FFE00
0FFFC0
0FFFF0
0FFFF8
0FFFFC
0FFFFC
0FFFFE
0007FE
0003FE
0001FE
0001FE
0001FE
0003FC
0007FC
03FFFC
03FFF8
03FFF0
03FFC0
03FFF0
03FFF8
03FFFC
0007FE
0001FF
0001FF
0000FF
0000FF
0000FF
0000FF
0001FF
0007FF
07FFFE
1FFFFE
3FFFFC
7FFFF8
7FFFF0
FFFFC0
FFF800
FF0000
FF0000
FF0000
7F0000
7FC000
3FE000
3FE000
1FC000
07C000
018000
ENDCHAR
STARTCHAR uni046F
ENCODING 1135
SWIDTH 516 0
DWIDTH 26 0
BBX 23 47 0 -10
BITMAP
7F81FC
3FC7F8
0FEFF0
07FFC0
03FF80
01FF00
00FE00
000000
000000
000000
000000
1FFE00
1FFFC0
1FFFF0
1FFFF0
1FFFF8
1FFFF8
0007FC
0007F8
0007F8
0007F8
07FFF0
07FFE0
07FFC0
07FFF0
07FFF8
0007FC
0003FE
0001FE
0001FE
0003FE
001FFE
0FFFFC
3FFFFC
7FFFF0
7FFFE0
FFFF80
FF0000
FE0000
FE0000
FE0000
7F0000
7F8000
3F8000
1F8000
0F8000
030000
ENDCHAR
STARTCHAR uni0470
ENCODING 1136
SWIDTH 745 0
DWIDTH 37 0
BBX 36 36 1 0
BITMAP
FF03FC1FF0
FF03FC1FF0
FF03FC1FF0
FF03FC1FF0
FF03FC1FF0
FF03FC1FF0
FF03FC1FF0
FF03FC1FF0
FF03FC1FF0
FF03FC1FF0
FF03FC1FF0
FF03FC1FE0
FF83FC1FE0
FF83FC1FE0
FF83FC1FE0
FF83FC3FE0
7FC3FC3FE0
7FC3FC7FC0
7FF3FCFFC0
3FFFFFFF80
1FFFFFFF80
1FFFFFFF00
0FFFFFFE00
03FFFFFC00
01FFFFF000
003FFF8000
0003FC0000
0003FC0000
0003FC0000
0003FC0000
0003FC0000
0003FC0000
0003FC0000
0003FC0000
0003FC0000
0003FC0000
ENDCHAR
STARTCHAR uni0471
ENCODING 1137
SWIDTH 766 0
DWIDTH 38 0
BBX 36 38 1 -12
BITMAP
FF83FC7F80
FF83FC3F80
FF83FC3FC0
FF83FC3FC0
FF83FC1FE0
FF83FC1FE0
FF83FC1FE0
FF83FC1FF0
FF83FC1FF0
FF83FC0FF0
FF83FC0FF0
FF83FC0FF0
FF83FC0FF0
FF83FC1FF0
7F83FC1FF0
7F83FC1FE0
7FC3FC3FE0
7FE3FC7FE0
3FF3FCFFC0
3FFFFFFFC0
1FFFFFFF80
0FFFFFFF00
07FFFFFE00
01FFFFF800
007FFFE000
000FFF0000
0003FC0000
0003FC0000
0003FC0000
0003FC0000
0003FC0000
0003FC0000
0003FC0000
0003FC0000
0003FC0000
0003FC0000
0003FC0000
0003FC0000
ENDCHAR
STARTCHAR uni0472
ENCODING 1138
SWIDTH 691 0
DWIDTH 35 0
BBX 31 36 2 0
BITMAP
001FF000
007FFE00
01FFFF00
03FFFFC0
07FFFFE0
0FFFFFF0
1FFFFFF0
3FF83FF8
3FE00FF8
7FC007FC
7FC007FC
7F8003FC
7F8003FE
FF8003FE
FF8003FE
FFFFFFFE
FFFFFFFE
FFFFFFFE
FFFFFFFE
FFFFFFFE
FF8003FE
FF8003FE
FF8003FE
7F8003FE
7FC003FC
7FC007FC
7FE007FC
3FF00FF8
3FF83FF8
1FFFFFF0
0FFFFFF0
07FFFFE0
03FFFFC0
01FFFF00
007FFE00
001FF000
ENDCHAR
STARTCHAR uni0473
ENCODING 1139
SWIDTH 562 0
DWIDTH 28 0
BBX 26 26 1 0
BITMAP
007F8000
03FFF000
07FFF800
0FFFFC00
1FFFFE00
3FFFFF00
3FE1FF00
7F80FF80
7F807F80
7F807F80
FFFFFFC0
FFFFFFC0
FFFFFFC0
FFFFFFC0
FFFFFFC0
FF807FC0
7F807F80
7F807F80
7FC0FF80
3FE1FF00
3FFFFF00
1FFFFE00
0FFFFC00
07FFF800
03FFF000
007F8000
ENDCHAR
STARTCHAR uni0474
ENCODING 1140
SWIDTH 647 0
DWIDTH 32 0
BBX 32 36 0 0
BITMAP
FF80000F
7FC0003F
7FC0007F
7FC000FF
3FC001FF
3FE001FF
3FE003FF
1FE003F8
1FE007F8
1FF007F0
0FF007F0
0FF00FF0
0FF00FF0
0FF80FE0
07F80FE0
07F81FE0
07FC1FC0
03FC1FC0
03FC1FC0
03FC3FC0
01FE3F80
01FE3F80
01FE3F80
00FE7F00
00FF7F00
00FF7F00
007F7F00
007FFE00
007FFE00
003FFE00
003FFE00
003FFC00
001FFC00
001FFC00
001FF800
000FF800
ENDCHAR
STARTCHAR uni0475
ENCODING 1141
SWIDTH 514 0
DWIDTH 26 0
BBX 26 26 0 0
BITMAP
FF8007C0
FF801FC0
7F807FC0
7F807FC0
7FC0FFC0
3FC1FFC0
3FC1FFC0
3FC1FC00
1FC3FC00
1FE3F800
1FE3F800
0FE3F800
0FE7F000
0FE7F000
07F7F000
07F7F000
07FFE000
07FFE000
03FFE000
03FFC000
03FFC000
01FFC000
01FFC000
01FF8000
00FF8000
00FF8000
ENDCHAR
STARTCHAR uni0476
ENCODING 1142
SWIDTH 647 0
DWIDTH 32 0
BBX 32 44 0 0
BITMAP
3FCFF000
1FE7F800
0FF3F800
07F1FC00
03F8FE00
01FC7F00
00FE3F00
00000000
FF80000F
7FC0003F
7FC0007F
7FC000FF
3FC001FF
3FE001FF
3FE003FF
1FE003F8
1FE007F8
1FF007F0
0FF007F0
0FF00FF0
0FF00FF0
0FF80FE0
07F80FE0
07F81FE0
07FC1FC0
03FC1FC0
03FC1FC0
03FC3FC0
01FE3F80
01FE3F80
01FE3F80
00FE7F00
00FF7F00
00FF7F00
007F7F00
007FFE00
007FFE00
003FFE00
003FFE00
003FFC00
001FFC00
001FFC00
001FF800
000FF800
ENDCHAR
STARTCHAR uni0477
ENCODING 1143
SWIDTH 514 0
DWIDTH 26 0
BBX 27 36 -1 0
BITMAP
FF3FC000
7F9FE000
3FCFE000
1FC7F000
0FE3F800
07F1FC00
03F8FC00
00000000
00000000
00000000
7FC003E0
7FC00FE0
3FC03FE0
3FC03FE0
3FE07FE0
1FE0FFE0
1FE0FFE0
1FE0FE00
0FE1FE00
0FF1FC00
0FF1FC00
07F1FC00
07F3F800
07F3F800
03FBF800
03FBF800
03FFF000
03FFF000
01FFF000
01FFE000
01FFE000
00FFE000
00FFE000
00FFC000
007FC000
007FC000
ENDCHAR
STARTCHAR uni0478
ENCODING 1144
SWIDTH 1208 0
DWIDTH 60 0
BBX 59 46 2 -10
BITMAP
001FE00000000000
00FFFC0000000000
03FFFF0000000000
07FFFF8000000000
0FFFFFC000000000
1FFFFFE000000000
1FFFFFF000000000
3FF03FF800000000
7FE00FF800000000
7FC00FF800000000
7FC007FC7FC03FE0
FF8007FC7FC03FE0
FF8003FC3FC07FC0
FF8003FE3FE07FC0
FF8003FE3FE07F80
FF0003FE1FE07F80
FF0003FE1FF0FF80
FF0003FE0FF0FF00
FF0003FE0FF0FF00
FF0003FE0FF1FF00
FF0003FE07F9FE00
FF8003FE07F9FE00
FF8003FC07FBFE00
FF8003FC03FFFC00
FF8007FC03FFFC00
7FC007FC03FFFC00
7FC00FF801FFF800
7FE00FF801FFF800
3FF03FF001FFF000
1FFFFFF000FFF000
1FFFFFE000FFF000
0FFFFFC0007FE000
07FFFF80007FE000
01FFFF00007FE000
00FFFC00003FC000
001FE000003FC000
00000000003FC000
00000000007F8000
00000000007F8000
0000000001FF0000
000000000FFF0000
000000000FFF0000
000000000FFE0000
000000000FFC0000
000000000FF80000
000000000FE00000
ENDCHAR
STARTCHAR uni0479
ENCODING 1145
SWIDTH 1080 0
DWIDTH 54 0
BBX 53 36 1 -10
BITMAP
007F801FF00FF8
03FFF01FF00FF8
07FFF80FF01FF0
0FFFFC0FF81FF0
1FFFFE0FF81FE0
3FFFFF07F81FE0
3FF3FF07FC3FE0
7FC0FF83FC3FC0
7F807F83FC3FC0
7F807F83FC7FC0
FF807FC1FE7F80
FF807FC1FE7F80
FF803FC1FEFF80
FF803FC0FFFF00
FF803FC0FFFF00
FF807FC0FFFF00
7F807F807FFE00
7F807F807FFE00
7FC0FF807FFC00
3FF3FF003FFC00
3FFFFF003FFC00
1FFFFE001FF800
0FFFFC001FF800
07FFF8001FF800
03FFF0000FF000
007F80000FF000
000000000FF000
000000001FE000
000000001FE000
000000007FC000
00000003FFC000
00000003FFC000
00000003FF8000
00000003FF0000
00000003FE0000
00000003F80000
ENDCHAR
STARTCHAR uni047A
ENCODING 1146
SWIDTH 691 0
DWIDTH 35 0
BBX 31 41 2 -3
BITMAP
0007C000
0007C000
001FF000
007FFE00
01FFFF00
03FFFFC0
07FFFFE0
0FFFFFF0
1FFFFFF0
3FF7DFF8
3FE7CFF8
7FC7C7FC
7FC007FC
7FC003FC
7F8003FE
FF8003FE
FF8003FE
FF8003FE
FF8003FE
FF8003FE
FF8003FE
FF8003FE
FF8003FE
FF8003FE
FF8003FE
7F8003FE
7FC003FC
7FC007FC
7FE7C7FC
3FE7CFF8
3FFFDFF8
1FFFFFF0
0FFFFFF0
07FFFFE0
03FFFFC0
01FFFF00
007FFE00
001FF000
0007C000
0007C000
0007C000
ENDCHAR
STARTCHAR uni047B
ENCODING 1147
SWIDTH 562 0
DWIDTH 28 0
BBX 26 31 1 -3
BITMAP
001E0000
001E0000
007F8000
03FFF000
07FFF800
0FFFFC00
1FFFFE00
3FFFFF00
3FFFFF00
7FDEFF80
7F9E7F80
7F9E7F80
FF807FC0
FF807FC0
FF803FC0
FF803FC0
FF803FC0
FF807FC0
7F9E7F80
7F9E7F80
7FDEFF80
3FFFFF00
3FFFFF00
1FFFFE00
0FFFFC00
07FFF800
03FFF000
007F8000
001E0000
001E0000
001E0000
ENDCHAR
STARTCHAR uni047C
ENCODING 1148
SWIDTH 985 0
DWIDTH 49 0
BBX 44 45 2 0
BITMAP
00003F000000
00007FE00000
0000FFFC0000
0000F3FF8000
0001E07F8000
0001E00F8000
000007800000
000007800000
000007800000
007C0F03E000
01FC0F03F800
07FC1E03FE00
0FFC0C03FF00
1FFC0003FF80
3FFC0003FFC0
3FFC0003FFC0
7FE000007FE0
7FC000003FE0
7F8000001FE0
7F8000001FF0
FF8000001FF0
FF8000001FF0
FF8000001FF0
FF8000001FF0
FF8000001FF0
FF803FC01FF0
FF803FC01FF0
FF803FC01FF0
FF803FC01FF0
FF803FC01FF0
FF803FC01FF0
FF803FC01FF0
FF803FC01FF0
FF803FC01FF0
7F803FC01FF0
7F803FC01FE0
7FC07FE03FE0
7FE07FF07FE0
3FFFFFFFFFE0
3FFFFFFFFFC0
1FFFFFFFFF80
0FFFFFFFFF00
07FFF9FFFE00
01FFF0FFFC00
007FC01FE000
ENDCHAR
STARTCHAR uni047D
ENCODING 1149
SWIDTH 833 0
DWIDTH 42 0
BBX 37 36 2 0
BITMAP
0000E00000
0007FC0000
0007FF8000
000FFFFC00
000E07FC00
000E00FC00
000E780400
0000780000
0000780000
0000780000
0078F8F800
03F8F0FE00
0FF840FF80
1FF800FFC0
3FF800FFE0
3FF800FFF0
7FF0003FF0
7FC0000FF0
7F80000FF8
7F800007F8
FF81FE07F8
FF81FE07F8
FF81FE07F8
FF81FE07F8
FF81FE07F8
FF81FE07F8
7F81FE07F8
7F83FE0FF8
7FC3FF0FF0
7FE7FF9FF0
3FFFFFFFF0
3FFFFFFFE0
1FFFFFFFC0
0FFFCFFF80
03FF87FF00
00FE01FC00
ENDCHAR
STARTCHAR uni047E
ENCODING 1150
SWIDTH 984 0
DWIDTH 49 0
BBX 44 45 2 0
BITMAP
001FFFFFC000
001FFFFFC000
001FFFFFC000
00000F000000
00000F000000
00000F000000
000000000000
000000000000
000000000000
FF803FE00FF0
FF803FE00FF0
FF803FE00FF0
FF803FE00FF0
FF803FE00FF0
FF803FE00FF0
FF803FE00FF0
FF803FE00FF0
FF803FE00FF0
FF803FE00FF0
FF803FE00FF0
FF803FE00FF0
FF803FE00FF0
FF803FE00FF0
FF803FE00FF0
FF803FE00FF0
FF803FE00FF0
FF803FE00FF0
FF803FE00FF0
FF803FE00FF0
FF803FE00FF0
FF803FE00FF0
FF803FE00FF0
FF803FE00FF0
FF803FE00FF0
7F803FE00FF0
7F803FE01FF0
7FC07FF01FF0
7FE0FFF03FE0
3FFFFFFFFFE0
3FFFFFFFFFC0
1FFFFFFFFFC0
0FFFFDFFFF80
07FFF8FFFF00
01FFF07FFC00
007F801FF000
ENDCHAR
STARTCHAR uni047F
ENCODING 1151
SWIDTH 853 0
DWIDTH 43 0
BBX 39 35 2 0
BITMAP
003FFFFC00
003FFFFC00
003FFFFC00
00007C0000
00007C0000
00007C0000
0000000000
0000000000
0000000000
FF00FF01FE
FF00FF01FE
FF00FF01FE
FF00FF01FE
FF00FF01FE
FF00FF01FE
FF00FF01FE
FF00FF01FE
FF00FF01FE
FF00FF01FE
FF00FF01FE
FF00FF01FE
FF00FF01FE
FF00FF01FE
FF00FF01FE
FF00FF01FE
FF81FF01FE
FF81FF03FE
7F81FF83FE
7FE7FFC7FC
3FFFFFFFFC
3FFFFFFFF8
1FFFFFFFF0
0FFFE7FFE0
07FFC3FFC0
00FE00FE00
ENDCHAR
STARTCHAR uni0480
ENCODING 1152
SWIDTH 604 0
DWIDTH 30 0
BBX 27 44 2 -8
BITMAP
003FC000
01FFF800
07FFFE00
0FFFFF00
1FFFFF80
3FFFFF80
3FFFFFC0
7FE07FC0
7FC03FC0
FF803FE0
FF803FE0
FF803FE0
FF003FE0
FF000000
FF000000
FF000000
FF000000
FF000000
FF000000
FF000000
FF000000
FF000000
FF000000
FF000000
FF800000
FF800000
FF800000
7FC00000
7FE00000
3FFFE000
3FFFE000
1FFFE000
0FFFE000
07FFE000
01FFE000
007FE000
001FE000
001FE000
001FE000
001FE000
001FE000
001FE000
001FE000
001FE000
ENDCHAR
STARTCHAR uni0481
ENCODING 1153
SWIDTH 533 0
DWIDTH 27 0
BBX 24 34 2 -8
BITMAP
00FF00
03FFE0
0FFFF0
1FFFF8
3FFFFC
3FFFFC
7FE3FE
7FC1FE
FF81FE
FF80FE
FF00FF
FF0000
FF0000
FF0000
FF0000
FF0000
FF8000
FF8000
7FC000
7FE000
3FFFC0
3FFFC0
1FFFC0
0FFFC0
03FFC0
00FFC0
003FC0
003FC0
003FC0
003FC0
003FC0
003FC0
003FC0
003FC0
ENDCHAR
STARTCHAR uni0482
ENCODING 1154
SWIDTH 620 0
DWIDTH 31 0
BBX 25 33 3 0
BITMAP
00001F00
00001E00
00003E00
00003C00
00807800
01E07800
01F8F000
01FDF000
007FE000
003FE000
000FE000
0007F800
0007FE00
000F7F00
000F1F80
001E0780
403E0300
F03C0000
FC7C0000
FF780000
3FF00000
0FF00000
07F80000
03FC0000
03FF0000
07FFC000
078FE000
0F83C000
0F018000
1E000000
1E000000
3C000000
7C000000
ENDCHAR
STARTCHAR uni0483
ENCODING 1155
SWIDTH 0 0
DWIDTH 0 0
BBX 18 9 -22 29
BITMAP
0007C0
0007C0
0007C0
FFFFC0
FFFFC0
FFFFC0
F00000
F00000
F00000
ENDCHAR
STARTCHAR uni0484
ENCODING 1156
SWIDTH 0 0
DWIDTH 0 0
BBX 19 6 -22 32
BITMAP
003F00
01FF80
1FFFC0
FFE3C0
FF01E0
F801E0
ENDCHAR
STARTCHAR uni0485
ENCODING 1157
SWIDTH 0 0
DWIDTH 0 0
BBX 5 8 -14 32
BITMAP
F0
F0
F0
F0
F8
78
38
10
ENDCHAR
STARTCHAR uni0486
ENCODING 1158
SWIDTH 0 0
DWIDTH 0 0
BBX 6 8 -15 32
BITMAP
3C
3C
3C
3C
7C
78
F0
20
ENDCHAR
STARTCHAR uni0488
ENCODING 1160
SWIDTH 0 0
DWIDTH 0 0
BBX 48 44 -36 -8
BITMAP
000001000000
00000FE00000
00001FF00000
000038700000
000038380000
000000000000
000000000000
01E000000F00
03F800003FC0
07BC000079C0
0E0C000070E0
0E0E000060E0
000000000000
000000000000
000000000000
000000000000
000000000000
000000000000
000000000000
000000000000
3F80000001FC
7F80000003FE
E1C00000030E
E1C000000707
000000000000
000000000000
000000000000
000000000000
000000000000
000000000000
000000000000
000000000000
01E000001F00
07F800003F80
073C000079C0
0E1C000060E0
0E0C0000E0E0
000000000000
000000000000
000007C00000
00000FE00000
00001C700000
000018380000
000038380000
ENDCHAR
STARTCHAR uni0489
ENCODING 1161
SWIDTH 0 0
DWIDTH 0 0
BBX 45 46 -34 -10
BITMAP
000001800000
000001800000
000003800000
000003800000
000007800000
008007000000
018007000000
01C00F000000
00E00F000700
00E000001F00
00700000FE00
00780001F800
00780000F000
003000004000
002000000000
000000000000
000000000000
000000000000
000000000000
000000000000
800000000400
FC0000000780
FF80000007E0
3F80000007F8
0780000001F8
000000000008
000000000000
000000000000
000000000000
000000000000
000000000000
000000000000
000000002000
001000007000
00380000F000
00FC00007000
01F800007800
07E003803800
078003801C00
020007801C00
000007000C00
000007000000
000007000000
000006000000
00000E000000
00000E000000
ENDCHAR
STARTCHAR uni048A
ENCODING 1162
SWIDTH 785 0
DWIDTH 39 0
BBX 36 59 2 -13
BITMAP
03F01F0000
03F03F0000
01F83F0000
01FCFF0000
00FFFE0000
00FFFC0000
003FF80000
000FE00000
0000000000
0000000000
FF8007FC00
FF8007FC00
FF800FFC00
FF800FFC00
FF801FFC00
FF803FFC00
FF803FFC00
FF807FFC00
FF807FFC00
FF80FFFC00
FF80FFFC00
FF81FFFC00
FF81FFFC00
FF83FBFC00
FF87FBFC00
FF87F3FC00
FF8FF3FC00
FF8FE3FC00
FF9FE3FC00
FF9FC3FC00
FFBFC3FC00
FFFF83FC00
FFFF03FC00
FFFF03FC00
FFFE03FC00
FFFE03FC00
FFFC03FC00
FFFC03FC00
FFF803FC00
FFF003FC00
FFF003FC00
FFE003FC00
FFE003FC00
FFC003FFF0
FFC003FFF0
FF8003FFF0
00000003F0
00000003F0
00000003F0
00000003F0
00000003F0
00000007F0
00000007E0
00000007E0
0000000FE0
0000000FC0
0000001F80
0000000F80
0000000300
ENDCHAR
STARTCHAR uni048B
ENCODING 1163
SWIDTH 666 0
DWIDTH 33 0
BBX 30 49 2 -12
BITMAP
1F80F800
1F81F800
0FC1F800
0FE7F800
07FFF000
07FFE000
01FFC000
007F0000
00000000
00000000
00000000
FF01FF00
FF01FF00
FF03FF00
FF03FF00
FF03FF00
FF07FF00
FF07FF00
FF0FFF00
FF0FFF00
FF1FFF00
FF1FFF00
FF3EFF00
FF3EFF00
FF7CFF00
FF7CFF00
FFF8FF00
FFF8FF00
FFF8FF00
FFF0FF00
FFF0FF00
FFE0FF00
FFE0FF00
FFC0FFFC
FFC0FFFC
FF80FFFC
FF80FFFC
000000FC
000000FC
000000FC
000000FC
000001FC
000001F8
000001F8
000003F8
000003F0
000007E0
000003E0
000000C0
ENDCHAR
STARTCHAR uni048C
ENCODING 1164
SWIDTH 623 0
DWIDTH 31 0
BBX 31 36 -1 0
BITMAP
0FF00000
0FF00000
0FF00000
0FF00000
FFFFC000
FFFFC000
FFFFC000
FFFFC000
FFFFC000
0FF00000
0FF00000
0FF00000
0FFFF800
0FFFFF00
0FFFFFC0
0FFFFFE0
0FFFFFF0
0FFFFFF8
0FFFFFFC
0FF00FFC
0FF007FE
0FF003FE
0FF003FE
0FF003FE
0FF003FE
0FF003FE
0FF003FE
0FF007FC
0FF00FFC
0FFFFFFC
0FFFFFF8
0FFFFFF0
0FFFFFE0
0FFFFFC0
0FFFFF00
0FFFF800
ENDCHAR
STARTCHAR uni048D
ENCODING 1165
SWIDTH 565 0
DWIDTH 28 0
BBX 29 40 -1 0
BITMAP
0FF00000
0FF00000
0FF00000
0FF00000
FFFFC000
FFFFC000
FFFFC000
FFFFC000
FFFFC000
0FF00000
0FF00000
0FF00000
0FF00000
0FF00000
0FF00000
0FF00000
0FF00000
0FF00000
0FF00000
0FF00000
0FF00000
0FFFFC00
0FFFFF00
0FFFFF80
0FFFFFC0
0FFFFFE0
0FFFFFF0
0FF01FF0
0FF00FF0
0FF00FF0
0FF00FF8
0FF00FF0
0FF00FF0
0FF03FF0
0FFFFFF0
0FFFFFE0
0FFFFFC0
0FFFFF80
0FFFFF00
0FFFF800
ENDCHAR
STARTCHAR uni048E
ENCODING 1166
SWIDTH 623 0
DWIDTH 31 0
BBX 28 36 3 0
BITMAP
FFFFC000
FFFFF800
FFFFFE00
FFFFFF00
FFFFFF80
FFFFFFC0
FFFFFFC0
FF007FE0
FF003FE0
FF003FE0
FF001FF0
FF001FF0
FF031FF0
FF079FF0
FF03DFE0
FF01FFE0
FF01FFE0
FFFFFFE0
FFFFFFC0
FFFFFF80
FFFFFF00
FFFFFF00
FFFFFF80
FFFFC3C0
FF0001C0
FF000080
FF000000
FF000000
FF000000
FF000000
FF000000
FF000000
FF000000
FF000000
FF000000
FF000000
ENDCHAR
STARTCHAR uni048F
ENCODING 1167
SWIDTH 561 0
DWIDTH 28 0
BBX 25 36 2 -10
BITMAP
FF1FC000
FF3FF000
FF7FF800
FFFFFC00
FFFFFE00
FFFFFE00
FFE3FF00
FF81FF00
FF80FF00
FF80FF80
FF80FF80
FF807F80
FF807F80
FF807F80
FF867F80
FF8FFF80
FF8FFF80
FF87FF00
FF83FF00
FFE3FF00
FFFFFE00
FFFFFE00
FFFFFC00
FFFFFC00
FFBFFE00
FF8FCF00
FF800600
FF800000
FF800000
FF800000
FF800000
FF800000
FF800000
FF800000
FF800000
FF800000
ENDCHAR
STARTCHAR uni0490
ENCODING 1168
SWIDTH 558 0
DWIDTH 28 0
BBX 24 45 3 0
BITMAP
0000FF
0000FF
0000FF
0000FF
0000FF
0000FF
0000FF
0000FF
0000FF
FFFFFF
FFFFFF
FFFFFF
FFFFFF
FFFFFF
FFFFFF
FFFFFF
FF0000
FF0000
FF0000
FF0000
FF0000
FF0000
FF0000
FF0000
FF0000
FF0000
FF0000
FF0000
FF0000
FF0000
FF0000
FF0000
FF0000
FF0000
FF0000
FF0000
FF0000
FF0000
FF0000
FF0000
FF0000
FF0000
FF0000
FF0000
FF0000
ENDCHAR
STARTCHAR uni0491
ENCODING 1169
SWIDTH 469 0
DWIDTH 23 0
BBX 20 34 2 0
BITMAP
000FF0
000FF0
000FF0
000FF0
000FF0
000FF0
000FF0
000FF0
FFFFF0
FFFFF0
FFFFF0
FFFFF0
FFFFF0
FFFFF0
FF0000
FF0000
FF0000
FF0000
FF0000
FF0000
FF0000
FF0000
FF0000
FF0000
FF0000
FF0000
FF0000
FF0000
FF0000
FF0000
FF0000
FF0000
FF0000
FF0000
ENDCHAR
STARTCHAR uni0492
ENCODING 1170
SWIDTH 557 0
DWIDTH 28 0
BBX 28 36 -1 0
BITMAP
0FFFFFF0
0FFFFFF0
0FFFFFF0
0FFFFFF0
0FFFFFF0
0FFFFFF0
0FFFFFF0
0FF00000
0FF00000
0FF00000
0FF00000
0FF00000
0FF00000
0FF00000
0FF00000
FFFFC000
FFFFC000
FFFFC000
FFFFC000
FFFFC000
0FF00000
0FF00000
0FF00000
0FF00000
0FF00000
0FF00000
0FF00000
0FF00000
0FF00000
0FF00000
0FF00000
0FF00000
0FF00000
0FF00000
0FF00000
0FF00000
ENDCHAR
STARTCHAR uni0493
ENCODING 1171
SWIDTH 418 0
DWIDTH 21 0
BBX 23 26 -2 0
BITMAP
0FFFFE
0FFFFE
0FFFFE
0FFFFE
0FFFFE
0FFFFE
0FF000
0FF000
0FF000
0FF000
FFFFC0
FFFFC0
FFFFC0
FFFFC0
FFFFC0
0FF000
0FF000
0FF000
0FF000
0FF000
0FF000
0FF000
0FF000
0FF000
0FF000
0FF000
ENDCHAR
STARTCHAR uni0494
ENCODING 1172
SWIDTH 627 0
DWIDTH 31 0
BBX 27 45 3 -9
BITMAP
FFFFFF00
FFFFFF00
FFFFFF00
FFFFFF00
FFFFFF00
FFFFFF00
FFFFFF00
FF000000
FF000000
FF000000
FF000000
FF000000
FF000000
FF000000
FF000000
FFFF8000
FFFFF000
FFFFFC00
FFFFFE00
FFFFFF00
FFFFFF80
FF03FF80
FF00FFC0
FF007FC0
FF003FC0
FF003FE0
FF003FE0
FF001FE0
FF001FE0
FF001FE0
FF001FE0
FF001FE0
FF001FE0
FF003FE0
FF003FC0
FF003FC0
00003FC0
00007F80
0001FF80
0007FF00
0007FF00
0007FE00
0007F800
0007F000
00078000
ENDCHAR
STARTCHAR uni0495
ENCODING 1173
SWIDTH 542 0
DWIDTH 27 0
BBX 23 33 2 -7
BITMAP
FFFFE0
FFFFE0
FFFFE0
FFFFE0
FFFFE0
FFFFE0
FF0000
FF0000
FF0000
FF0000
FFFC00
FFFF80
FFFFE0
FFFFF0
FFFFF8
FFFFFC
FF1FFC
FF07FE
FF03FE
FF01FE
FF01FE
FF01FE
FF01FE
FF01FE
FF03FE
FF03FE
0007FC
001FFC
001FF8
000FF0
0007E0
000780
000300
ENDCHAR
STARTCHAR uni0496
ENCODING 1174
SWIDTH 1125 0
DWIDTH 56 0
BBX 55 47 1 -11
BITMAP
FFE007FC00FFE0
7FE007FC01FFC0
7FF007FC01FF80
3FF007FC03FF80
3FF807FC03FF00
1FF807FC07FF00
0FFC07FC07FE00
0FFC07FC0FFC00
07FE07FC0FFC00
03FE07FC1FF800
03FF07FC1FF000
01FF07FC1FF000
00FF87FC3FE000
00FF87FC3FE000
007FFFFFFFC000
007FFFFFFF8000
003FFFFFFF8000
007FFFFFFF8000
007FFFFFFFC000
00FFFFFFFFC000
00FFFFFFFFE000
01FFFFFFFFF000
01FF87FC3FF000
03FF07FC1FF800
03FF07FC1FF800
07FE07FC0FFC00
0FFE07FC0FFC00
0FFC07FC07FE00
1FFC07FC07FE00
1FF807FC03FF00
3FF807FC03FF00
3FF007FC03FF80
7FF007FC01FF80
7FE007FC01FFFE
FFE007FC00FFFE
FFC007FC00FFFE
000000000001FE
000000000001FE
000000000001FE
000000000001FE
000000000001FE
000000000001FE
000000000001FE
000000000001FE
000000000001FE
000000000001FE
000000000001FE
ENDCHAR
STARTCHAR uni0497
ENCODING 1175
SWIDTH 965 0
DWIDTH 48 0
BBX 47 37 1 -11
BITMAP
FFC03FC07FE0
7FE03FC0FFE0
3FF03FC0FFC0
3FF03FC1FF80
1FF83FC1FF80
0FF83FC3FF00
0FFC3FC3FE00
07FC3FC7FC00
03FE3FC7FC00
03FFFFFFF800
01FFFFFFF000
00FFFFFFF000
00FFFFFFF000
01FFFFFFF000
01FFFFFFF800
03FFFFFFFC00
03FFFFFFFC00
07FC3FC7FE00
0FFC3FC3FE00
0FF83FC3FF00
1FF83FC1FF00
1FF03FC1FF80
3FF03FC0FF80
3FE03FC0FFFE
7FE03FC07FFE
FFC03FC07FFE
0000000001FE
0000000001FE
0000000001FE
0000000001FE
0000000001FE
0000000001FE
0000000001FE
0000000001FE
0000000001FE
0000000001FE
0000000001FE
ENDCHAR
STARTCHAR uni0498
ENCODING 1176
SWIDTH 629 0
DWIDTH 31 0
BBX 27 48 2 -12
BITMAP
007FC000
03FFF800
0FFFFE00
1FFFFF00
3FFFFF80
7FFFFFC0
7FFFFFC0
FFC07FC0
FF807FC0
FF803FE0
00003FE0
00003FC0
00003FC0
00007FC0
0001FF80
007FFF00
007FFE00
007FFC00
007FFE00
007FFF00
007FFF80
0000FFC0
00003FE0
00003FE0
00003FE0
00001FE0
FF003FE0
FF803FE0
FFC07FE0
FFFFFFC0
7FFFFFC0
7FFFFF80
3FFFFF00
0FFFFE00
07FFF800
007FC000
007F8000
007F8000
007F8000
007F8000
007F8000
007F8000
007F8000
007F8000
007F8000
007F8000
007F8000
007F8000
ENDCHAR
STARTCHAR uni0499
ENCODING 1177
SWIDTH 517 0
DWIDTH 26 0
BBX 24 38 1 -12
BITMAP
00FF80
07FFE0
0FFFF8
3FFFFC
3FFFFE
7FFFFE
7FC3FE
7F81FE
0001FE
0003FE
007FFC
007FF8
007FE0
007FF8
007FFC
0003FE
0001FE
0001FF
FF81FF
7FC1FF
7FFFFE
7FFFFE
3FFFFC
1FFFF8
07FFE0
00FF80
00FF00
00FF00
00FF00
00FF00
00FF00
00FF00
00FF00
00FF00
00FF00
00FF00
00FF00
00FF00
ENDCHAR
STARTCHAR uni049A
ENCODING 1178
SWIDTH 763 0
DWIDTH 38 0
BBX 33 45 3 -9
BITMAP
FF003FF000
FF003FF000
FF007FE000
FF007FE000
FF00FFC000
FF00FFC000
FF01FF8000
FF01FF0000
FF03FF0000
FF03FE0000
FF07FE0000
FF07FC0000
FF0FF80000
FF0FF80000
FFFFF00000
FFFFF00000
FFFFE00000
FFFFE00000
FFFFF00000
FFFFF00000
FFFFF80000
FFFFFC0000
FF07FC0000
FF07FE0000
FF03FE0000
FF03FF0000
FF01FF0000
FF01FF8000
FF00FFC000
FF00FFC000
FF007FE000
FF007FFF80
FF003FFF80
FF003FFF80
FF001FFF80
FF000FFF80
0000007F80
0000007F80
0000007F80
0000007F80
0000007F80
0000007F80
0000007F80
0000007F80
0000007F80
ENDCHAR
STARTCHAR uni049B
ENCODING 1179
SWIDTH 678 0
DWIDTH 34 0
BBX 29 36 3 -10
BITMAP
FF03FF80
FF03FF00
FF03FF00
FF07FE00
FF07FC00
FF0FFC00
FF0FF800
FF1FF000
FF1FF000
FFFFE000
FFFFE000
FFFFC000
FFFFC000
FFFFC000
FFFFE000
FFFFF000
FFFFF000
FF1FF800
FF1FF800
FF0FFC00
FF0FFE00
FF07FE00
FF07FFF8
FF03FFF8
FF03FFF8
FF01FFF8
000007F8
000007F8
000007F8
000007F8
000007F8
000007F8
000007F8
000007F8
000007F8
000007F8
ENDCHAR
STARTCHAR uni049C
ENCODING 1180
SWIDTH 677 0
DWIDTH 34 0
BBX 32 36 3 0
BITMAP
FF000FFE
FF000FFC
FF001FFC
FF001FF8
FF001FF8
FF003FF0
FF003FE0
FF007FE0
FF3C7FC0
FF3C7FC0
FF3CFF80
FF3CFF80
FF3DFF00
FF3DFE00
FFFFFE00
FFFFFC00
FFFFFC00
FFFFFE00
FFFFFE00
FFFFFF00
FFFFFF00
FFFFFF80
FF3DFF80
FF3CFFC0
FF3CFFC0
FF3C7FE0
FF3C7FE0
FF003FF0
FF003FF0
FF003FF8
FF001FF8
FF001FFC
FF000FFC
FF000FFE
FF000FFE
FF0007FF
ENDCHAR
STARTCHAR uni049D
ENCODING 1181
SWIDTH 622 0
DWIDTH 31 0
BBX 28 26 3 0
BITMAP
FF007FF0
FF007FE0
FF007FC0
FF00FFC0
FF00FF80
FF38FF80
FF39FF00
FF39FF00
FF39FE00
FFFFFE00
FFFFFC00
FFFFFC00
FFFFF800
FFFFFC00
FFFFFC00
FFFFFE00
FFFFFE00
FF39FF00
FF39FF00
FF39FF80
FF38FF80
FF00FFC0
FF00FFC0
FF007FE0
FF007FE0
FF007FF0
ENDCHAR
STARTCHAR uni049E
ENCODING 1182
SWIDTH 657 0
DWIDTH 33 0
BBX 34 36 -1 0
BITMAP
0FF801FF80
0FF803FF00
0FF803FF00
0FF807FE00
FFFFC7FE00
FFFFCFFC00
FFFFCFF800
FFFFDFF800
FFFFDFF000
0FF83FF000
0FF83FE000
0FF87FE000
0FF87FC000
0FF8FF8000
0FFFFF8000
0FFFFF0000
0FFFFF0000
0FFFFF0000
0FFFFF0000
0FFFFF8000
0FFFFFC000
0FFFFFC000
0FF87FE000
0FF83FE000
0FF83FF000
0FF81FF000
0FF81FF800
0FF80FFC00
0FF80FFC00
0FF807FE00
0FF807FE00
0FF803FF00
0FF803FF00
0FF801FF80
0FF801FFC0
0FF800FFC0
ENDCHAR
STARTCHAR uni049F
ENCODING 1183
SWIDTH 556 0
DWIDTH 28 0
BBX 30 38 -2 0
BITMAP
07F80000
07F80000
07F80000
FFFFC000
FFFFC000
FFFFC000
FFFFC000
FFFFC000
07F80000
07F80000
07F80000
07F80000
07F80FF8
07F81FF0
07F83FF0
07F83FE0
07F87FC0
07F8FF80
07F8FF80
07F9FF00
07F9FE00
07FFFE00
07FFFC00
07FFFC00
07FFFC00
07FFFE00
07FFFE00
07F9FF00
07F9FF00
07F8FF80
07F87FC0
07F87FC0
07F83FE0
07F83FE0
07F81FF0
07F81FF8
07F80FF8
07F80FFC
ENDCHAR
STARTCHAR uni04A0
ENCODING 1184
SWIDTH 828 0
DWIDTH 41 0
BBX 41 36 1 0
BITMAP
FFFFF003FF00
FFFFF007FE00
FFFFF007FE00
FFFFF00FFC00
FFFFF00FFC00
FFFFF01FF800
001FF01FF000
001FF03FF000
001FF03FE000
001FF07FE000
001FF07FC000
001FF0FFC000
001FF0FF8000
001FF1FF0000
001FFFFF0000
001FFFFE0000
001FFFFE0000
001FFFFE0000
001FFFFE0000
001FFFFF0000
001FFFFF8000
001FFFFF8000
001FF0FFC000
001FF07FC000
001FF07FE000
001FF03FE000
001FF03FF000
001FF01FF800
001FF01FF800
001FF00FFC00
001FF00FFC00
001FF007FE00
001FF007FE00
001FF003FF00
001FF001FF80
001FF001FF80
ENDCHAR
STARTCHAR uni04A1
ENCODING 1185
SWIDTH 726 0
DWIDTH 36 0
BBX 36 26 1 0
BITMAP
FFFFC0FFE0
FFFFC0FFC0
FFFFC1FFC0
FFFFC1FF80
FFFFC1FF00
FFFFC3FF00
003FC3FE00
003FC7FC00
003FC7FC00
003FFFF800
003FFFF000
003FFFF000
003FFFF000
003FFFF000
003FFFF800
003FFFFC00
003FFFFC00
003FC7FE00
003FC7FE00
003FC3FF00
003FC3FF80
003FC1FF80
003FC1FFC0
003FC0FFC0
003FC0FFE0
003FC0FFF0
ENDCHAR
STARTCHAR uni04A2
ENCODING 1186
SWIDTH 793 0
DWIDTH 40 0
BBX 35 47 3 -11
BITMAP
FF0007F800
FF0007F800
FF0007F800
FF0007F800
FF0007F800
FF0007F800
FF0007F800
FF0007F800
FF0007F800
FF0007F800
FF0007F800
FF0007F800
FF0007F800
FF0007F800
FFFFFFF800
FFFFFFF800
FFFFFFF800
FFFFFFF800
FFFFFFF800
FFFFFFF800
FFFFFFF800
FF0007F800
FF0007F800
FF0007F800
FF0007F800
FF0007F800
FF0007F800
FF0007F800
FF0007F800
FF0007F800
FF0007F800
FF0007F800
FF0007F800
FF0007FFE0
FF0007FFE0
FF0007FFE0
0000001FE0
0000001FE0
0000001FE0
0000001FE0
0000001FE0
0000001FE0
0000001FE0
0000001FE0
0000001FE0
0000001FE0
0000001FE0
ENDCHAR
STARTCHAR uni04A3
ENCODING 1187
SWIDTH 667 0
DWIDTH 33 0
BBX 29 37 2 -11
BITMAP
FF00FF00
FF00FF00
FF00FF00
FF00FF00
FF00FF00
FF00FF00
FF00FF00
FF00FF00
FF00FF00
FF00FF00
FFFFFF00
FFFFFF00
FFFFFF00
FFFFFF00
FFFFFF00
FFFFFF00
FF00FF00
FF00FF00
FF00FF00
FF00FF00
FF00FF00
FF00FF00
FF00FF00
FF00FFF8
FF00FFF8
FF00FFF8
000007F8
000007F8
000007F8
000007F8
000007F8
000007F8
000007F8
000007F8
000007F8
000007F8
000007F8
ENDCHAR
STARTCHAR uni04A4
ENCODING 1188
SWIDTH 994 0
DWIDTH 50 0
BBX 45 36 3 0
BITMAP
FF0007FFFFF8
FF0007FFFFF8
FF0007FFFFF8
FF0007FFFFF8
FF0007FFFFF8
FF0007FFFFF8
FF0007F80000
FF0007F80000
FF0007F80000
FF0007F80000
FF0007F80000
FF0007F80000
FF0007F80000
FF0007F80000
FFFFFFF80000
FFFFFFF80000
FFFFFFF80000
FFFFFFF80000
FFFFFFF80000
FFFFFFF80000
FFFFFFF80000
FF0007F80000
FF0007F80000
FF0007F80000
FF0007F80000
FF0007F80000
FF0007F80000
FF0007F80000
FF0007F80000
FF0007F80000
FF0007F80000
FF0007F80000
FF0007F80000
FF0007F80000
FF0007F80000
FF0007F80000
ENDCHAR
STARTCHAR uni04A5
ENCODING 1189
SWIDTH 704 0
DWIDTH 35 0
BBX 32 26 2 0
BITMAP
FF00FFFF
FF00FFFF
FF00FFFF
FF00FFFF
FF00FFFF
FF00FFFF
FF00FF00
FF00FF00
FF00FF00
FF00FF00
FFFFFF00
FFFFFF00
FFFFFF00
FFFFFF00
FFFFFF00
FFFFFF00
FF00FF00
FF00FF00
FF00FF00
FF00FF00
FF00FF00
FF00FF00
FF00FF00
FF00FF00
FF00FF00
FF00FF00
ENDCHAR
STARTCHAR uni04A6
ENCODING 1190
SWIDTH 1055 0
DWIDTH 53 0
BBX 48 45 3 -9
BITMAP
FFFFFFFC0000
FFFFFFFC0000
FFFFFFFC0000
FFFFFFFC0000
FFFFFFFC0000
FFFFFFFC0000
FFFFFFFC0000
FF0007FC0000
FF0007FC0000
FF0007FC0000
FF0007FC0000
FF0007FC0000
FF0007FC0000
FF0007FC0000
FF0007FC0000
FF0007FFFC00
FF0007FFFF80
FF0007FFFFE0
FF0007FFFFF0
FF0007FFFFF8
FF0007FFFFFC
FF0007FC1FFE
FF0007FC07FE
FF0007FC03FE
FF0007FC01FF
FF0007FC01FF
FF0007FC00FF
FF0007FC00FF
FF0007FC00FF
FF0007FC00FF
FF0007FC00FF
FF0007FC00FF
FF0007FC00FF
FF0007FC00FF
FF0007FC00FF
FF0007FC01FF
0000000001FE
0000000003FE
000000000FFC
000000003FFC
000000003FF8
000000003FF0
000000003FE0
000000003F80
000000003E00
ENDCHAR
STARTCHAR uni04A7
ENCODING 1191
SWIDTH 862 0
DWIDTH 43 0
BBX 40 33 2 -7
BITMAP
FFFFFF0000
FFFFFF0000
FFFFFF0000
FFFFFF0000
FFFFFF0000
FFFFFF0000
FF00FF0000
FF00FF0000
FF00FF0000
FF00FF0000
FF00FFFC00
FF00FFFFC0
FF00FFFFE0
FF00FFFFF8
FF00FFFFFC
FF00FFFFFE
FF00FF1FFE
FF00FF03FE
FF00FF01FF
FF00FF01FF
FF00FF00FF
FF00FF00FF
FF00FF00FF
FF00FF00FF
FF00FF01FF
FF00FF01FE
00000003FE
0000000FFC
0000000FFC
00000007F8
00000007F0
00000003C0
0000000180
ENDCHAR
STARTCHAR uni04A8
ENCODING 1192
SWIDTH 836 0
DWIDTH 42 0
BBX 37 36 2 0
BITMAP
003C03F800
01FC0FFE00
03FC1FFF00
0FFC3FFF80
1FFC7FFFC0
1FFCFFFFE0
3FFCFFFFE0
3FF1FF1FF0
7FE1FE0FF0
7FC1FE0FF0
FFC1FE0FF8
FFC1FC0FF8
FF83FC0FF8
FF83FC0FF8
FF83FC0FF8
FF83FC0FF8
FF83FC0FF8
FF83FC0FF8
FF83FC0FF8
FF81FE0FF8
FF81FE0FF8
FF81FE0FF8
FFC1FF0FF8
FFC1FF1FF0
7FC0FF9FF0
7FE0FFFFF0
3FF07FFFE0
3FF83FFFC0
1FFE3FFFC0
1FFFFFFFF8
0FFFFFFFF8
07FFFFFFF8
03FFFFFFF8
00FFFFFFF8
003FFFCFF8
0007FE0078
ENDCHAR
STARTCHAR uni04A9
ENCODING 1193
SWIDTH 667 0
DWIDTH 33 0
BBX 30 26 2 0
BITMAP
00E03F00
07E0FFC0
0FE1FFE0
1FE3FFF0
3FE7FFF0
7FE7FFF8
7FEFFFF8
FFCFC7F8
FF8FC7FC
FF8F83FC
FF8F83FC
FF8F83FC
FF8F83FC
FF8F83FC
FF8F83FC
FF8FC7FC
FF8FC7FC
FFC7EFF8
7FE7FFF8
7FFFFFF8
3FFFFFF0
1FFFFFE0
0FFFFFFC
07FFFFFC
01FFFFFC
003FE0FC
ENDCHAR
STARTCHAR uni04AA
ENCODING 1194
SWIDTH 656 0
DWIDTH 33 0
BBX 29 48 2 -12
BITMAP
003FE000
00FFFC00
03FFFF00
07FFFF80
0FFFFFC0
1FFFFFE0
3FFFFFF0
3FE03FF0
7FC00FF0
7FC00FF8
7F8007F8
FF8007F8
FF8007F8
FF800000
FF000000
FF000000
FF000000
FF000000
FF000000
FF000000
FF000000
FF000000
FF800000
FF8007F8
FF8007F8
7F8007F8
7FC00FF8
7FC01FF8
3FE03FF0
3FFFFFF0
1FFFFFE0
0FFFFFC0
07FFFF80
03FFFF00
00FFFC00
003FE000
001FE000
001FE000
001FE000
001FE000
001FE000
001FE000
001FE000
001FE000
001FE000
001FE000
001FE000
001FE000
ENDCHAR
STARTCHAR uni04AB
ENCODING 1195
SWIDTH 520 0
DWIDTH 26 0
BBX 24 38 1 -12
BITMAP
007F00
03FFE0
07FFF0
0FFFF8
1FFFFC
3FFFFE
3FE3FE
7FC1FE
7F80FF
7F80FF
FF80FF
FF8000
FF8000
FF8000
FF8000
FF8000
7F80FF
7F80FF
7FC1FF
7FE3FE
3FFFFE
1FFFFC
1FFFF8
07FFF0
03FFE0
007F80
007F80
007F80
007F80
007F80
007F80
007F80
007F80
007F80
007F80
007F80
007F80
007F80
ENDCHAR
STARTCHAR uni04AC
ENCODING 1196
SWIDTH 630 0
DWIDTH 32 0
BBX 30 47 1 -11
BITMAP
FFFFFFFC
FFFFFFFC
FFFFFFFC
FFFFFFFC
FFFFFFFC
FFFFFFFC
FFFFFFFC
003FE000
003FE000
003FE000
003FE000
003FE000
003FE000
003FE000
003FE000
003FE000
003FE000
003FE000
003FE000
003FE000
003FE000
003FE000
003FE000
003FE000
003FE000
003FE000
003FE000
003FE000
003FE000
003FE000
003FE000
003FE000
003FE000
003FFE00
003FFE00
003FFE00
0001FE00
0001FE00
0001FE00
0001FE00
0001FE00
0001FE00
0001FE00
0001FE00
0001FE00
0001FE00
0001FE00
ENDCHAR
STARTCHAR uni04AD
ENCODING 1197
SWIDTH 524 0
DWIDTH 26 0
BBX 24 37 1 -11
BITMAP
FFFFFF
FFFFFF
FFFFFF
FFFFFF
FFFFFF
FFFFFF
00FF00
00FF00
00FF00
00FF00
00FF00
00FF00
00FF00
00FF00
00FF00
00FF00
00FF00
00FF00
00FF00
00FF00
00FF00
00FF00
00FF00
00FFFC
00FFFC
00FFFC
0003FC
0003FC
0003FC
0003FC
0003FC
0003FC
0003FC
0003FC
0003FC
0003FC
0003FC
ENDCHAR
STARTCHAR uni04AE
ENCODING 1198
SWIDTH 627 0
DWIDTH 31 0
BBX 31 36 0 0
BITMAP
FF8003FE
7FC003FE
7FC007FC
3FE007FC
3FE00FF8
1FE00FF8
1FF00FF0
0FF01FF0
0FF81FE0
07F83FE0
07FC3FC0
03FC7FC0
03FC7F80
01FE7F80
01FEFF00
00FFFF00
00FFFE00
007FFE00
007FFC00
003FFC00
003FF800
001FF800
001FF000
001FF000
001FF000
001FF000
001FF000
001FF000
001FF000
001FF000
001FF000
001FF000
001FF000
001FF000
001FF000
001FF000
ENDCHAR
STARTCHAR uni04AF
ENCODING 1199
SWIDTH 514 0
DWIDTH 26 0
BBX 25 36 0 -10
BITMAP
FF807F80
7F807F80
7F80FF80
7FC0FF00
3FC0FF00
3FC0FF00
3FC1FE00
3FE1FE00
1FE1FE00
1FE1FC00
1FE3FC00
0FF3FC00
0FF3F800
0FF3F800
07F7F800
07FFF000
07FFF000
03FFF000
03FFE000
03FFE000
01FFE000
01FFC000
01FFC000
00FFC000
00FFC000
00FF8000
007F8000
007F8000
007F8000
007F8000
007F8000
007F8000
007F8000
007F8000
007F8000
007F8000
ENDCHAR
STARTCHAR uni04B0
ENCODING 1200
SWIDTH 627 0
DWIDTH 31 0
BBX 31 36 0 0
BITMAP
FF8003FE
7FC003FE
7FC007FC
3FE007FC
3FE00FF8
1FE00FF8
1FF01FF0
0FF01FF0
0FF81FE0
07F83FE0
07FC3FC0
03FC7FC0
03FC7F80
01FE7F80
01FEFF00
00FFFF00
00FFFE00
007FFE00
01FFFF80
01FFFF80
01FFFF80
01FFFF80
01FFFF80
001FF000
001FF000
001FF000
001FF000
001FF000
001FF000
001FF000
001FF000
001FF000
001FF000
001FF000
001FF000
001FF000
ENDCHAR
STARTCHAR uni04B1
ENCODING 1201
SWIDTH 514 0
DWIDTH 26 0
BBX 25 36 0 -10
BITMAP
FF807F80
7F807F80
7F80FF80
7FC0FF00
7FC0FF00
3FC0FF00
3FC1FE00
3FE1FE00
1FE1FE00
1FE1FE00
1FE3FC00
0FE3FC00
0FF3FC00
0FF3F800
07F3F800
07F7F800
07FFF000
03FFF000
03FFF000
03FFE000
0FFFFC00
0FFFFC00
0FFFFC00
0FFFFC00
0FFFFC00
00FF8000
007F8000
007F8000
007F8000
007F8000
007F8000
007F8000
007F8000
007F8000
007F8000
007F8000
ENDCHAR
STARTCHAR uni04B2
ENCODING 1202
SWIDTH 680 0
DWIDTH 34 0
BBX 33 47 0 -11
BITMAP
7FC003FE00
7FE007FE00
3FE007FC00
3FF00FFC00
1FF00FF800
1FF81FF800
0FF81FF000
07FC3FE000
07FC3FE000
03FE7FC000
03FE7FC000
01FFFF8000
01FFFF8000
00FFFF0000
00FFFF0000
007FFE0000
003FFC0000
003FFC0000
003FFC0000
007FFE0000
007FFE0000
00FFFF0000
00FFFF0000
01FFFF8000
01FFFF8000
03FE7FC000
07FE7FC000
07FC3FE000
0FFC3FF000
0FF81FF000
1FF81FF800
1FF00FF800
3FF00FFC00
7FE007FF80
7FE007FF80
FFC003FF80
0000007F80
0000007F80
0000007F80
0000007F80
0000007F80
0000007F80
0000007F80
0000007F80
0000007F80
0000007F80
0000007F80
ENDCHAR
STARTCHAR uni04B3
ENCODING 1203
SWIDTH 551 0
DWIDTH 28 0
BBX 26 37 1 -11
BITMAP
FF80FF00
FF81FF00
7FC3FE00
3FC3FC00
3FE7FC00
1FE7F800
1FFFF800
0FFFF000
0FFFF000
07FFE000
07FFE000
03FFC000
03FFC000
03FFC000
03FFC000
07FFE000
0FFFF000
0FFFF000
1FFFF800
1FE7F800
3FE7FC00
3FC3FC00
7FC3FE00
7F81FFC0
FF81FFC0
FF00FFC0
00003FC0
00003FC0
00003FC0
00003FC0
00003FC0
00003FC0
00003FC0
00003FC0
00003FC0
00003FC0
00003FC0
ENDCHAR
STARTCHAR uni04B4
ENCODING 1204
SWIDTH 890 0
DWIDTH 45 0
BBX 43 45 1 -9
BITMAP
FFFFFE0FF800
FFFFFE0FF800
FFFFFE0FF800
FFFFFE0FF800
FFFFFE0FF800
FFFFFE0FF800
01FF000FF800
01FF000FF800
01FF000FF800
01FF000FF800
01FF000FF800
01FF000FF800
01FF000FF800
01FF000FF800
01FF000FF800
01FF000FF800
01FF000FF800
01FF000FF800
01FF000FF800
01FF000FF800
01FF000FF800
01FF000FF800
01FF000FF800
01FF000FF800
01FF000FF800
01FF000FF800
01FF000FF800
01FF000FF800
01FF000FF800
01FFFFFFFFE0
01FFFFFFFFC0
01FFFFFFFFC0
01FFFFFFFFC0
01FFFFFFFFC0
01FFFFFFFFC0
01FFFFFFFFC0
000000003FC0
000000003FC0
000000003FC0
000000003FC0
000000003FC0
000000003FC0
000000003FC0
000000003FC0
000000003FC0
ENDCHAR
STARTCHAR uni04B5
ENCODING 1205
SWIDTH 694 0
DWIDTH 35 0
BBX 33 34 1 -8
BITMAP
FFFFC7F800
FFFFC7F800
FFFFC7F800
FFFFC7F800
FFFFC7F800
FFFFC7F800
07F807F800
07F807F800
07F807F800
07F807F800
07F807F800
07F807F800
07F807F800
07F807F800
07F807F800
07F807F800
07F807F800
07F807F800
07F807F800
07F807F800
07FFFFFF80
07FFFFFF80
07FFFFFF80
07FFFFFF80
07FFFFFF80
07FFFFFF80
0000007F80
0000007F80
0000007F80
0000007F80
0000007F80
0000007F80
0000007F80
0000007F80
ENDCHAR
STARTCHAR uni04B6
ENCODING 1206
SWIDTH 789 0
DWIDTH 39 0
BBX 35 47 3 -11
BITMAP
FF8007F800
FF8007F800
FF8007F800
FF8007F800
FF8007F800
FF8007F800
FF8007F800
FF8007F800
FF8007F800
FF8007F800
FF8007F800
FF8007F800
FF8007F800
FF8007F800
7FC007F800
7FE007F800
7FFFFFF800
3FFFFFF800
1FFFFFF800
0FFFFFF800
07FFFFF800
01FFFFF800
003FFFF800
000007F800
000007F800
000007F800
000007F800
000007F800
000007F800
000007F800
000007F800
000007F800
000007F800
000007FFE0
000007FFE0
000007FFE0
0000001FE0
0000001FE0
0000001FE0
0000001FE0
0000001FE0
0000001FE0
0000001FE0
0000001FE0
0000001FE0
0000001FE0
0000001FE0
ENDCHAR
STARTCHAR uni04B7
ENCODING 1207
SWIDTH 666 0
DWIDTH 33 0
BBX 29 37 2 -11
BITMAP
FF00FF00
FF00FF00
FF00FF00
FF00FF00
FF00FF00
FF00FF00
FF00FF00
FF00FF00
FF00FF00
FF00FF00
FF80FF00
FFE1FF00
7FFFFF00
7FFFFF00
3FFFFF00
1FFFFF00
07FFFF00
00FFFF00
0000FF00
0000FF00
0000FF00
0000FF00
0000FF00
0000FFF8
0000FFF8
0000FFF8
000007F8
000007F8
000007F8
000007F8
000007F8
000007F8
000007F8
000007F8
000007F8
000007F8
000007F8
ENDCHAR
STARTCHAR uni04B8
ENCODING 1208
SWIDTH 679 0
DWIDTH 34 0
BBX 29 36 2 0
BITMAP
FF8007F8
FF8007F8
FF8007F8
FF8007F8
FF8007F8
FF8007F8
FF8007F8
FF8007F8
FF8007F8
FF8F87F8
FF8F87F8
FF8F87F8
FF8F87F8
FF8F87F8
7FCF87F8
7FEF87F8
7FFFFFF8
3FFFFFF8
1FFFFFF8
0FFFFFF8
07FFFFF8
01FFFFF8
003FFFF8
000F87F8
000F87F8
000F87F8
000F87F8
000F87F8
000F87F8
000007F8
000007F8
000007F8
000007F8
000007F8
000007F8
000007F8
ENDCHAR
STARTCHAR uni04B9
ENCODING 1209
SWIDTH 564 0
DWIDTH 28 0
BBX 24 26 2 0
BITMAP
FF00FF
FF00FF
FF00FF
FF00FF
FF00FF
FF3CFF
FF3CFF
FF3CFF
FF3CFF
FFBCFF
FFBCFF
7FFDFF
7FFFFF
3FFFFF
3FFFFF
1FFFFF
07FFFF
00FFFF
003CFF
003CFF
003CFF
003CFF
0000FF
0000FF
0000FF
0000FF
ENDCHAR
STARTCHAR uni04BA
ENCODING 1210
SWIDTH 708 0
DWIDTH 35 0
BBX 29 36 3 0
BITMAP
FF800000
FF800000
FF800000
FF800000
FF800000
FF800000
FF800000
FF800000
FF800000
FF800000
FF800000
FF800000
FF800000
FFFFF000
FFFFFE00
FFFFFF80
FFFFFFC0
FFFFFFE0
FFFFFFF0
FFFFFFF0
FF801FF8
FF800FF8
FF800FF8
FF8007F8
FF8007F8
FF8007F8
FF8007F8
FF8007F8
FF8007F8
FF8007F8
FF8007F8
FF8007F8
FF8007F8
FF8007F8
FF8007F8
FF8007F8
ENDCHAR
STARTCHAR uni04BB
ENCODING 1211
SWIDTH 564 0
DWIDTH 28 0
BBX 24 38 2 0
BITMAP
FF0000
FF0000
FF0000
FF0000
FF0000
FF0000
FF0000
FF0000
FF0000
FF0000
FF0000
FF0000
FF0FE0
FF3FF8
FF7FFC
FFFFFC
FFFFFE
FFFFFE
FFC7FF
FF81FF
FF01FF
FF00FF
FF00FF
FF00FF
FF00FF
FF00FF
FF00FF
FF00FF
FF00FF
FF00FF
FF00FF
FF00FF
FF00FF
FF00FF
FF00FF
FF00FF
FF00FF
FF00FF
ENDCHAR
STARTCHAR uni04BC
ENCODING 1212
SWIDTH 746 0
DWIDTH 37 0
BBX 37 36 -2 0
BITMAP
00001FE000
0000FFFC00
0003FFFF00
0007FFFF80
000FFFFFC0
001FFFFFC0
003FFFFFE0
003FF87FE0
007FE01FF0
F87FC00FF0
FCFF800FF8
FCFF800FF8
FCFF8007F8
7EFF0007F8
7FFFFFFFF8
7FFFFFFFF8
3FFFFFFFF8
1FFFFFFFF8
0FFFFFFFF8
07FFFFFFF8
00FFFFFFF8
00FF000000
00FF800000
00FF800000
00FF800000
00FFC00000
007FC00000
007FE00000
003FFC07C0
003FFFFFC0
001FFFFFE0
000FFFFFE0
0007FFFFE0
0003FFFFE0
0000FFFFE0
00001FFE00
ENDCHAR
STARTCHAR uni04BD
ENCODING 1213
SWIDTH 600 0
DWIDTH 30 0
BBX 32 26 -2 0
BITMAP
0000FF00
0003FFE0
000FFFF0
001FFFF8
003FFFFC
F83FFFFE
F87FE3FE
F87F80FF
FCFF80FF
7FFF00FF
7FFFFFFF
3FFFFFFF
1FFFFFFF
0FFFFFFF
01FFFFFF
00FF0000
00FF0000
00FF8010
007FC038
007FF1FC
003FFFFE
003FFFFF
001FFFFE
0007FFF8
0003FFF0
00007F80
ENDCHAR
STARTCHAR uni04BE
ENCODING 1214
SWIDTH 746 0
DWIDTH 37 0
BBX 37 48 -2 -12
BITMAP
00001FE000
0000FFFC00
0003FFFF00
0007FFFF80
000FFFFFC0
001FFFFFC0
003FFFFFE0
003FF87FE0
007FE01FF0
F87FC00FF0
FCFF800FF8
FCFF800FF8
FCFF8007F8
7EFF0007F8
7FFFFFFFF8
7FFFFFFFF8
3FFFFFFFF8
1FFFFFFFF8
0FFFFFFFF8
07FFFFFFF8
00FFFFFFF8
00FF000000
00FF800000
00FF800000
00FF800000
00FFC00000
007FC00000
007FE00000
003FFC07C0
003FFFFFC0
001FFFFFE0
000FFFFFE0
0007FFFFE0
0003FFFFE0
0000FFFFE0
00001FFE00
00000FF000
00000FF000
00000FF000
00000FF000
00000FF000
00000FF000
00000FF000
00000FF000
00000FF000
00000FF000
00000FF000
00000FF000
ENDCHAR
STARTCHAR uni04BF
ENCODING 1215
SWIDTH 600 0
DWIDTH 30 0
BBX 32 38 -2 -12
BITMAP
0000FF00
0003FFE0
000FFFF0
001FFFF8
003FFFFC
F83FFFFE
F87FE3FE
F87F80FF
FCFF80FF
7FFF00FF
7FFFFFFF
3FFFFFFF
1FFFFFFF
0FFFFFFF
01FFFFFF
00FF0000
00FF0000
00FF8010
007FC038
007FF1FC
003FFFFE
003FFFFF
001FFFFE
0007FFF8
0003FFF0
0001FF80
0001FE00
0001FE00
0001FE00
0001FE00
0001FE00
0001FE00
0001FE00
0001FE00
0001FE00
0001FE00
0001FE00
0001FE00
ENDCHAR
STARTCHAR uni04C0
ENCODING 1216
SWIDTH 302 0
DWIDTH 15 0
BBX 9 36 3 0
BITMAP
FF80
FF80
FF80
FF80
FF80
FF80
FF80
FF80
FF80
FF80
FF80
FF80
FF80
FF80
FF80
FF80
FF80
FF80
FF80
FF80
FF80
FF80
FF80
FF80
FF80
FF80
FF80
FF80
FF80
FF80
FF80
FF80
FF80
FF80
FF80
FF80
ENDCHAR
STARTCHAR uni04C1
ENCODING 1217
SWIDTH 1042 0
DWIDTH 52 0
BBX 51 46 1 0
BITMAP
0000FC07C00000
0000FC0FC00000
00007E0FC00000
00007F3FC00000
00003FFF800000
00003FFF000000
00000FFE000000
000003F8000000
00000000000000
00000000000000
FFE007FC00FFE0
7FE007FC01FFC0
7FF007FC01FF80
3FF007FC03FF80
3FF807FC03FF00
1FF807FC07FF00
0FFC07FC07FE00
0FFC07FC0FFC00
07FE07FC0FFC00
03FE07FC1FF800
03FF07FC1FF000
01FF07FC1FF000
00FF87FC3FE000
00FF87FC3FE000
007FFFFFFFC000
007FFFFFFF8000
003FFFFFFF8000
007FFFFFFF8000
007FFFFFFFC000
00FFFFFFFFC000
00FFFFFFFFE000
01FFFFFFFFF000
01FF87FC3FF000
03FF07FC1FF800
03FF07FC1FF800
07FE07FC0FFC00
0FFE07FC0FFC00
0FFC07FC07FE00
1FFC07FC07FE00
1FF807FC03FF00
3FF807FC03FF00
3FF007FC03FF80
7FF007FC01FF80
7FE007FC01FFC0
FFE007FC00FFC0
FFC007FC00FFE0
ENDCHAR
STARTCHAR uni04C2
ENCODING 1218
SWIDTH 901 0
DWIDTH 45 0
BBX 43 37 1 0
BITMAP
0007E03E0000
0007E07E0000
0003F07E0000
0003F9FE0000
0001FFFC0000
0001FFF80000
00007FF00000
00001FC00000
000000000000
000000000000
000000000000
FFC03FC07FE0
7FE03FC0FFE0
3FF03FC0FFC0
3FF03FC1FF80
1FF83FC1FF80
0FF83FC3FF00
0FFC3FC3FE00
07FC3FC7FC00
03FE3FC7FC00
03FFFFFFF800
01FFFFFFF000
00FFFFFFF000
00FFFFFFF000
01FFFFFFF000
01FFFFFFF800
03FFFFFFFC00
03FFFFFFFC00
07FC3FC7FE00
0FFC3FC3FE00
0FF83FC3FF00
1FF83FC1FF00
1FF03FC1FF80
3FF03FC0FF80
3FE03FC0FFC0
7FE03FC07FE0
FFC03FC07FE0
ENDCHAR
STARTCHAR uni04C3
ENCODING 1219
SWIDTH 658 0
DWIDTH 33 0
BBX 29 45 3 -9
BITMAP
FF007FF0
FF00FFE0
FF00FFC0
FF01FFC0
FF01FF80
FF01FF80
FF03FF00
FF03FE00
FF07FE00
FF07FC00
FF0FF800
FF0FF800
FF1FF000
FF1FE000
FFFFE000
FFFFC000
FFFFFC00
FFFFFF00
FFFFFF80
FFFFFFC0
FFFFFFE0
FFFFFFE0
FF003FF0
FF001FF0
FF000FF8
FF000FF8
FF000FF8
FF0007F8
FF0007F8
FF0007F8
FF0007F8
FF0007F8
FF0007F8
FF0007F8
FF000FF8
FF000FF8
00000FF0
00001FF0
00007FE0
0001FFE0
0001FFC0
0001FF80
0001FF00
0001FC00
0001E000
ENDCHAR
STARTCHAR uni04C4
ENCODING 1220
SWIDTH 583 0
DWIDTH 29 0
BBX 25 34 3 -8
BITMAP
FF03FF80
FF03FF00
FF03FF00
FF07FE00
FF07FC00
FF0FFC00
FF0FF800
FF1FF000
FF1FF000
FF3FE000
FFFFE000
FFFFC000
FFFFC000
FFFFF000
FFFFFC00
FFFFFE00
FFFFFE00
FF0FFF00
FF01FF00
FF00FF80
FF00FF80
FF007F80
FF007F80
FF007F80
FF007F80
FF00FF80
0001FF00
0003FF00
0007FE00
0007FE00
0007FC00
0003F800
0001E000
00008000
ENDCHAR
STARTCHAR uni04C5
ENCODING 1221
SWIDTH 793 0
DWIDTH 40 0
BBX 37 49 1 -13
BITMAP
01FFFFFF00
01FFFFFF00
01FFFFFF00
01FFFFFF00
01FFFFFF00
01FFFFFF00
01FFFFFF00
01FE01FF00
01FE01FF00
01FE01FF00
01FE01FF00
03FE01FF00
03FE01FF00
03FE01FF00
03FE01FF00
03FE01FF00
03FE01FF00
03FE01FF00
03FC01FF00
03FC01FF00
03FC01FF00
03FC01FF00
03FC01FF00
03FC01FF00
07FC01FF00
07FC01FF00
07F801FF00
0FF801FF00
1FF801FF00
FFF001FF00
FFF001FF00
FFE001FF00
FFE001FF00
FFC001FFF8
FF0001FFF8
FC0001FFF8
00000001F8
00000001F8
00000001F8
00000001F8
00000001F8
00000003F8
00000003F0
00000003F0
00000007F0
00000007E0
0000000FC0
00000007C0
0000000180
ENDCHAR
STARTCHAR uni04C6
ENCODING 1222
SWIDTH 666 0
DWIDTH 33 0
BBX 32 38 0 -12
BITMAP
07FFFFC0
07FFFFC0
07FFFFC0
07FFFFC0
07FFFFC0
07FFFFC0
07F83FC0
07F83FC0
07F83FC0
07F83FC0
07F83FC0
07F03FC0
0FF03FC0
0FF03FC0
0FF03FC0
0FF03FC0
0FF03FC0
0FF03FC0
1FF03FC0
3FE03FC0
FFE03FC0
FFE03FC0
FFC03FFF
FF803FFF
FF003FFF
FC003FFF
0000003F
0000003F
0000003F
0000003F
0000007F
0000007E
0000007E
000000FE
000000FC
000001F8
000000F8
00000030
ENDCHAR
STARTCHAR uni04C7
ENCODING 1223
SWIDTH 704 0
DWIDTH 35 0
BBX 30 47 3 -11
BITMAP
FF0007FC
FF0007FC
FF0007FC
FF0007FC
FF0007FC
FF0007FC
FF0007FC
FF0007FC
FF0007FC
FF0007FC
FF0007FC
FF0007FC
FF0007FC
FF0007FC
FF0007FC
FFFFFFFC
FFFFFFFC
FFFFFFFC
FFFFFFFC
FFFFFFFC
FFFFFFFC
FFFFFFFC
FF0007FC
FF0007FC
FF0007FC
FF0007FC
FF0007FC
FF0007FC
FF0007FC
FF0007FC
FF0007FC
FF0007FC
FF0007FC
FF0007FC
FF0007FC
FF0007FC
000007FC
000007FC
000007F8
00000FF8
0000FFF8
0000FFF8
0000FFF0
0001FFF0
0001FFE0
0001FF80
0001FE00
ENDCHAR
STARTCHAR uni04C8
ENCODING 1224
SWIDTH 562 0
DWIDTH 28 0
BBX 24 36 2 -10
BITMAP
FF00FF
FF00FF
FF00FF
FF00FF
FF00FF
FF00FF
FF00FF
FF00FF
FF00FF
FF00FF
FFFFFF
FFFFFF
FFFFFF
FFFFFF
FFFFFF
FFFFFF
FF00FF
FF00FF
FF00FF
FF00FF
FF00FF
FF00FF
FF00FF
FF00FF
FF00FF
FF00FF
0000FF
0001FF
0001FF
0023FE
003FFE
003FFE
003FFC
003FF8
003FF0
003FC0
ENDCHAR
STARTCHAR uni04C9
ENCODING 1225
SWIDTH 791 0
DWIDTH 40 0
BBX 35 48 3 -12
BITMAP
FF0007F800
FF0007F800
FF0007F800
FF0007F800
FF0007F800
FF0007F800
FF0007F800
FF0007F800
FF0007F800
FF0007F800
FF0007F800
FF0007F800
FF0007F800
FF0007F800
FFFFFFF800
FFFFFFF800
FFFFFFF800
FFFFFFF800
FFFFFFF800
FFFFFFF800
FFFFFFF800
FF0007F800
FF0007F800
FF0007F800
FF0007F800
FF0007F800
FF0007F800
FF0007F800
FF0007F800
FF0007F800
FF0007F800
FF0007F800
FF0007FFE0
FF0007FFE0
FF0007FFE0
FF0007FFE0
00000007E0
00000007E0
00000007E0
00000007E0
0000000FE0
0000000FC0
0000000FC0
0000001FC0
0000001F80
0000003F00
0000001F00
0000000600
ENDCHAR
STARTCHAR uni04CA
ENCODING 1226
SWIDTH 665 0
DWIDTH 33 0
BBX 29 38 2 -12
BITMAP
FF00FF00
FF00FF00
FF00FF00
FF00FF00
FF00FF00
FF00FF00
FF00FF00
FF00FF00
FF00FF00
FF00FF00
FFFFFF00
FFFFFF00
FFFFFF00
FFFFFF00
FFFFFF00
FFFFFF00
FF00FF00
FF00FF00
FF00FF00
FF00FF00
FF00FF00
FF00FF00
FF00FFF8
FF00FFF8
FF00FFF8
FF00FFF8
000001F8
000001F8
000001F8
000001F8
000003F8
000003F0
000003F0
000007F0
000007E0
00000FC0
000007C0
00000180
ENDCHAR
STARTCHAR uni04CB
ENCODING 1227
SWIDTH 698 0
DWIDTH 35 0
BBX 29 46 3 -10
BITMAP
FF8007F8
FF8007F8
FF8007F8
FF8007F8
FF8007F8
FF8007F8
FF8007F8
FF8007F8
FF8007F8
FF8007F8
FF8007F8
FF8007F8
FF8007F8
FF8007F8
7FC007F8
7FE007F8
7FFFFFF8
3FFFFFF8
1FFFFFF8
0FFFFFF8
07FFFFF8
01FFFFF8
003FFFF8
000007F8
000007F8
000007F8
000007F8
000007F8
000007F8
000007F8
000007F8
000007F8
0003FFF8
0003FFF8
0003FFF8
0003FFF8
0003FC00
0003FC00
0003FC00
0003FC00
0003FC00
0003FC00
0003FC00
0003FC00
0003FC00
0003FC00
ENDCHAR
STARTCHAR uni04CC
ENCODING 1228
SWIDTH 558 0
DWIDTH 28 0
BBX 24 36 2 -10
BITMAP
FF00FF
FF00FF
FF00FF
FF00FF
FF00FF
FF00FF
FF00FF
FF00FF
FF00FF
FF00FF
FF80FF
FFE1FF
7FFFFF
7FFFFF
3FFFFF
1FFFFF
07FFFF
00FFFF
0000FF
0000FF
0000FF
0000FF
007FFF
007FFF
007FFF
007FFF
007F80
007F80
007F80
007F80
007F80
007F80
007F80
007F80
007F80
007F80
ENDCHAR
STARTCHAR uni04CD
ENCODING 1229
SWIDTH 964 0
DWIDTH 48 0
BBX 44 49 3 -13
BITMAP
FFE0001FFC00
FFE0003FFC00
FFF0003FFC00
FFF0003FFC00
FFF0007FFC00
FFF8007FFC00
FFF8007FFC00
FFF800FFFC00
FFFC00FFFC00
FFFC00FFFC00
FFFC01FFFC00
FEFE01FFFC00
FFFE01FFFC00
FFFE01FBFC00
FF7F03FBFC00
FF7F03FBFC00
FF7F03F3FC00
FF3F07F3FC00
FF3F87F3FC00
FF3F87E3FC00
FF1F8FE3FC00
FF1FCFE3FC00
FF0FCFC3FC00
FF0FDFC3FC00
FF0FFFC3FC00
FF07FF83FC00
FF07FF83FC00
FF07FF87FC00
FF03FF07FC00
FF03FF07FC00
FF03FF07FC00
FF01FE07FC00
FF01FE07FC00
FF01FE07FFF0
FF00FC07FFF0
FF00FC07FFF0
0000000003F0
0000000003F0
0000000003F0
0000000003F0
0000000003F0
0000000007F0
0000000007E0
0000000007E0
000000000FE0
000000000FC0
000000001F80
000000000F80
000000000300
ENDCHAR
STARTCHAR uni04CE
ENCODING 1230
SWIDTH 851 0
DWIDTH 43 0
BBX 38 38 3 -12
BITMAP
FFC003FF00
FFC007FF00
FFE007FF00
FFE007FF00
FFF00FFF00
FFF00FFF00
FFF00FFF00
FFF81FFF00
FFF81FFF00
FFF81FFF00
FFFC3FFF00
FFFC3FFF00
FFFC7FFF00
FF7E7EFF00
FF7E7EFF00
FF7EFEFF00
FF3FFCFF00
FF3FFCFF00
FF3FF8FF00
FF1FF8FF00
FF1FF8FF00
FF1FF0FF00
FF0FF0FFFC
FF0FF0FFFC
FF07E0FFFC
FF07E0FFFC
00000000FC
00000000FC
00000000FC
00000000FC
00000001FC
00000001F8
00000001F8
00000003F8
00000003F0
00000007E0
00000003E0
00000000C0
ENDCHAR
STARTCHAR uni04CF
ENCODING 1231
SWIDTH 302 0
DWIDTH 15 0
BBX 9 36 3 0
BITMAP
FF80
FF80
FF80
FF80
FF80
FF80
FF80
FF80
FF80
FF80
FF80
FF80
FF80
FF80
FF80
FF80
FF80
FF80
FF80
FF80
FF80
FF80
FF80
FF80
FF80
FF80
FF80
FF80
FF80
FF80
FF80
FF80
FF80
FF80
FF80
FF80
ENDCHAR
STARTCHAR uni04D0
ENCODING 1232
SWIDTH 681 0
DWIDTH 34 0
BBX 34 46 0 0
BITMAP
00FC07C000
00FC0FC000
007E0FC000
007F3FC000
003FFF8000
003FFF0000
000FFE0000
0003F80000
0000000000
0000000000
0007F80000
000FFC0000
000FFC0000
000FFC0000
001FFE0000
001FFE0000
001FFE0000
003FFF0000
003FFF0000
003FFF8000
007FFF8000
007FFF8000
00FF3FC000
00FF3FC000
00FF3FC000
01FE1FE000
01FE1FE000
01FE1FE000
03FC0FF000
03FC0FF000
03FC0FF800
07FC07F800
07FFFFF800
0FFFFFFC00
0FFFFFFC00
0FFFFFFC00
1FFFFFFE00
1FFFFFFE00
1FFFFFFE00
3FE001FF00
3FE001FF00
3FC000FF80
7FC000FF80
7FC000FF80
FFC000FFC0
FF80007FC0
ENDCHAR
STARTCHAR uni04D1
ENCODING 1233
SWIDTH 531 0
DWIDTH 27 0
BBX 24 37 1 0
BITMAP
1F80F8
1F81F8
0FC1F8
0FE7F8
07FFF0
07FFE0
01FFC0
007F00
000000
000000
000000
00FF00
07FFE0
0FFFF0
1FFFF8
3FFFFC
7FFFFE
7FC3FE
7F81FE
7F81FE
0001FE
01FFFE
0FFFFE
1FFFFE
3FFFFE
7FE1FE
7F81FE
FF81FE
FF01FE
FF01FE
FF83FE
FFFFFE
7FFFFE
7FFFFE
3FFFFF
0FFCFF
03F0FF
ENDCHAR
STARTCHAR uni04D2
ENCODING 1234
SWIDTH 681 0
DWIDTH 34 0
BBX 34 46 0 0
BITMAP
0000010000
00FC07C000
00FC0FE000
01FE0FE000
01FE0FE000
00FC07E000
007803C000
0000000000
0000000000
0000000000
0007F80000
000FFC0000
000FFC0000
000FFC0000
001FFE0000
001FFE0000
001FFE0000
003FFF0000
003FFF0000
003FFF8000
007FFF8000
007FFF8000
00FF3FC000
00FF3FC000
00FF3FC000
01FE1FE000
01FE1FE000
01FE1FE000
03FC0FF000
03FC0FF000
03FC0FF800
07FC07F800
07FFFFF800
0FFFFFFC00
0FFFFFFC00
0FFFFFFC00
1FFFFFFE00
1FFFFFFE00
1FFFFFFE00
3FE001FF00
3FE001FF00
3FC000FF80
7FC000FF80
7FC000FF80
FFC000FFC0
FF80007FC0
ENDCHAR
STARTCHAR uni04D3
ENCODING 1235
SWIDTH 531 0
DWIDTH 27 0
BBX 24 37 1 0
BITMAP
000020
1F80F8
1F81FC
3FC1FC
3FC1FC
1F80FC
0F0078
000000
000000
000000
000000
00FF00
07FFE0
0FFFF0
1FFFF8
3FFFFC
7FFFFE
7FC3FE
7F81FE
7F81FE
0001FE
01FFFE
0FFFFE
1FFFFE
3FFFFE
7FE1FE
7F81FE
FF81FE
FF01FE
FF01FE
FF83FE
FFFFFE
7FFFFE
7FFFFE
3FFFFF
0FFCFF
03F0FF
ENDCHAR
STARTCHAR uni04D4
ENCODING 1236
SWIDTH 940 0
DWIDTH 47 0
BBX 44 36 1 0
BITMAP
00007FFFFFE0
00007FFFFFE0
0000FFFFFFE0
0000FFFFFFE0
0001FFFFFFE0
0001FFFFFFE0
0003FFF80000
0003FFF80000
0007FFF80000
0007FFF80000
000FFFF80000
000FF7FC0000
001FF7FC0000
001FE7FC0000
003FE7FC0000
003FC7FFFF80
007FC3FFFF80
007F83FFFF80
00FF83FFFF80
00FF03FFFF80
01FF03FFFF80
01FFFFFC0000
03FFFFFC0000
03FFFFFC0000
07FFFFFC0000
07FFFFFC0000
0FFFFFFC0000
0FFFFFFC0000
1FF003FC0000
1FF003FC0000
3FE003FFFFF0
3FE003FFFFF0
7FE003FFFFF0
7FC003FFFFF0
FFC003FFFFF0
FF8003FFFFF0
ENDCHAR
STARTCHAR uni04D5
ENCODING 1237
SWIDTH 844 0
DWIDTH 42 0
BBX 40 26 1 0
BITMAP
007FC07F80
03FFF3FFE0
0FFFFFFFF8
1FFFFFFFFC
1FFFFFFFFC
3FFFFFFFFE
3FF3FFE3FE
7FC0FFC0FF
1FC0FF80FF
0000FF80FF
00FFFFFFFF
07FFFFFFFF
1FFFFFFFFF
3FFFFFFFFF
7FFFFFFFFF
7FE0FF8000
7F80FF8000
FF80FF8000
FF80FFC00C
7F81FFF87C
7FFFFFFFFC
7FFFFFFFFE
3FFFFFFFFE
1FFFE7FFFE
0FFFC3FFF8
01FE007FC0
ENDCHAR
STARTCHAR uni04D6
ENCODING 1238
SWIDTH 559 0
DWIDTH 28 0
BBX 24 46 3 0
BITMAP
1F80F8
1F81F8
0FC1F8
0FE7F8
07FFF0
07FFE0
01FFC0
007F00
000000
000000
FFFFFF
FFFFFF
FFFFFF
FFFFFF
FFFFFF
FFFFFF
FFFFFF
FF0000
FF0000
FF0000
FF0000
FF0000
FF0000
FF0000
FF0000
FFFFFC
FFFFFC
FFFFFC
FFFFFC
FFFFFC
FFFFFC
FF0000
FF0000
FF0000
FF0000
FF0000
FF0000
FF0000
FF0000
FFFFFF
FFFFFF
FFFFFF
FFFFFF
FFFFFF
FFFFFF
FFFFFF
ENDCHAR
STARTCHAR uni04D7
ENCODING 1239
SWIDTH 544 0
DWIDTH 27 0
BBX 25 37 1 0
BITMAP
1F80F800
1F81F800
0FC1F800
0FE7F800
07FFF000
07FFE000
01FFC000
007F0000
00000000
00000000
00000000
007F8000
01FFF000
07FFF800
0FFFFC00
1FFFFE00
3FFFFF00
3FF1FF00
7FC07F80
7FC07F80
7F807F80
7FFFFF80
7FFFFF80
FFFFFF80
FFFFFF80
FFFFFF80
7F800000
7F800000
7FC00800
7FE01C00
3FF8FE00
3FFFFF00
1FFFFF00
0FFFFF00
07FFFC00
01FFF800
003FC000
ENDCHAR
STARTCHAR uni04D8
ENCODING 1240
SWIDTH 698 0
DWIDTH 35 0
BBX 31 36 2 0
BITMAP
01FFC000
1FFFFC00
3FFFFF00
3FFFFF80
3FFFFFC0
1FFFFFE0
1FFFFFF0
1F80FFF8
10001FF8
00000FFC
000007FC
000007FC
000003FC
000003FE
000003FE
FFFFFFFE
FFFFFFFE
FFFFFFFE
FFFFFFFE
FFFFFFFE
FFFFFFFE
FFFFFFFE
FF0003FE
FF0003FC
FF0007FC
FF8007FC
7F800FFC
7FC01FF8
3FF87FF8
3FFFFFF0
1FFFFFE0
0FFFFFC0
07FFFF80
03FFFF00
00FFFC00
001FE000
ENDCHAR
STARTCHAR uni04D9
ENCODING 1241
SWIDTH 529 0
DWIDTH 26 0
BBX 23 26 2 0
BITMAP
03FE00
1FFF80
7FFFE0
FFFFF0
7FFFF8
7FFFF8
3E1FFC
2007FC
0003FE
0001FE
FFFFFE
FFFFFE
FFFFFE
FFFFFE
FFFFFE
FF01FE
FF01FE
FF03FE
FF03FC
7FCFFC
7FFFFC
3FFFF8
3FFFF0
1FFFE0
07FF80
01FE00
ENDCHAR
STARTCHAR uni04DA
ENCODING 1242
SWIDTH 698 0
DWIDTH 35 0
BBX 31 45 2 0
BITMAP
00000800
07E03E00
07E07F00
0FF07F00
0FF07F00
07E03F00
03C01E00
00000000
00000000
01FFC000
1FFFFC00
3FFFFF00
3FFFFF80
3FFFFFC0
1FFFFFE0
1FFFFFF0
1F80FFF8
10001FF8
00000FFC
000007FC
000007FC
000003FC
000003FE
000003FE
FFFFFFFE
FFFFFFFE
FFFFFFFE
FFFFFFFE
FFFFFFFE
FFFFFFFE
FFFFFFFE
FF0003FE
FF0003FC
FF0007FC
FF8007FC
7F800FFC
7FC01FF8
3FF87FF8
3FFFFFF0
1FFFFFE0
0FFFFFC0
07FFFF80
03FFFF00
00FFFC00
001FE000
ENDCHAR
STARTCHAR uni04DB
ENCODING 1243
SWIDTH 529 0
DWIDTH 26 0
BBX 23 37 2 0
BITMAP
000040
3F01F0
3F03F8
7F83F8
7F83F8
3F01F8
1E00F0
000000
000000
000000
000000
03FE00
1FFF80
7FFFE0
FFFFF0
7FFFF8
7FFFF8
3E1FFC
2007FC
0003FE
0001FE
FFFFFE
FFFFFE
FFFFFE
FFFFFE
FFFFFE
FF01FE
FF01FE
FF03FE
FF03FC
7FCFFC
7FFFFC
3FFFF8
3FFFF0
1FFFE0
07FF80
01FE00
ENDCHAR
STARTCHAR uni04DC
ENCODING 1244
SWIDTH 1042 0
DWIDTH 52 0
BBX 51 46 1 0
BITMAP
00000001000000
0000FC07C00000
0000FC0FE00000
0001FE0FE00000
0001FE0FE00000
0000FC07E00000
00007803C00000
00000000000000
00000000000000
00000000000000
FFE007FC00FFE0
7FE007FC01FFC0
7FF007FC01FF80
3FF007FC03FF80
3FF807FC03FF00
1FF807FC07FF00
0FFC07FC07FE00
0FFC07FC0FFC00
07FE07FC0FFC00
03FE07FC1FF800
03FF07FC1FF000
01FF07FC1FF000
00FF87FC3FE000
00FF87FC3FE000
007FFFFFFFC000
007FFFFFFF8000
003FFFFFFF8000
007FFFFFFF8000
007FFFFFFFC000
00FFFFFFFFC000
00FFFFFFFFE000
01FFFFFFFFF000
01FF87FC3FF000
03FF07FC1FF800
03FF07FC1FF800
07FE07FC0FFC00
0FFE07FC0FFC00
0FFC07FC07FE00
1FFC07FC07FE00
1FF807FC03FF00
3FF807FC03FF00
3FF007FC03FF80
7FF007FC01FF80
7FE007FC01FFC0
FFE007FC00FFC0
FFC007FC00FFE0
ENDCHAR
STARTCHAR uni04DD
ENCODING 1245
SWIDTH 901 0
DWIDTH 45 0
BBX 43 37 1 0
BITMAP
000000080000
0007E03E0000
0007E07F0000
000FF07F0000
000FF07F0000
0007E03F0000
0003C01E0000
000000000000
000000000000
000000000000
000000000000
FFC03FC07FE0
7FE03FC0FFE0
3FF03FC0FFC0
3FF03FC1FF80
1FF83FC1FF80
0FF83FC3FF00
0FFC3FC3FE00
07FC3FC7FC00
03FE3FC7FC00
03FFFFFFF800
01FFFFFFF000
00FFFFFFF000
00FFFFFFF000
01FFFFFFF000
01FFFFFFF800
03FFFFFFFC00
03FFFFFFFC00
07FC3FC7FE00
0FFC3FC3FE00
0FF83FC3FF00
1FF83FC1FF00
1FF03FC1FF80
3FF03FC0FF80
3FE03FC0FFC0
7FE03FC07FE0
FFC03FC07FE0
ENDCHAR
STARTCHAR uni04DE
ENCODING 1246
SWIDTH 629 0
DWIDTH 31 0
BBX 27 46 2 0
BITMAP
00001000
0FC07C00
0FC0FE00
1FE0FE00
1FE0FE00
0FC07E00
07803C00
00000000
00000000
00000000
007FC000
03FFF800
0FFFFE00
1FFFFF00
3FFFFF80
7FFFFFC0
7FFFFFC0
FFC07FC0
FF807FC0
FF803FE0
00003FE0
00003FC0
00003FC0
00007FC0
0001FF80
007FFF00
007FFE00
007FFC00
007FFE00
007FFF00
007FFF80
0000FFC0
00003FE0
00003FE0
00003FE0
00001FE0
FF003FE0
FF803FE0
FFC07FE0
FFFFFFC0
7FFFFFC0
7FFFFF80
3FFFFF00
0FFFFE00
07FFF800
007FC000
ENDCHAR
STARTCHAR uni04DF
ENCODING 1247
SWIDTH 517 0
DWIDTH 26 0
BBX 24 37 1 0
BITMAP
000020
1F80F8
1F81FC
3FC1FC
3FC1FC
1F80FC
0F0078
000000
000000
000000
000000
00FF80
07FFE0
0FFFF8
3FFFFC
3FFFFE
7FFFFE
7FC3FE
7F81FE
0001FE
0003FE
007FFC
007FF8
007FE0
007FF8
007FFC
0003FE
0001FE
0001FF
FF81FF
7FC1FF
7FFFFE
7FFFFE
3FFFFC
1FFFF8
07FFE0
00FF80
ENDCHAR
STARTCHAR uni04E0
ENCODING 1248
SWIDTH 575 0
DWIDTH 29 0
BBX 26 36 2 0
BITMAP
7FFFFFC0
7FFFFFC0
7FFFFFC0
7FFFFFC0
7FFFFFC0
7FFFFFC0
7FFFFF80
0001FF00
0003FE00
0007FC00
000FF800
001FF000
003FE000
007FC000
00FFE000
00FFF800
00FFFC00
00FFFE00
00FFFF00
0003FF80
0000FF80
00007FC0
00007FC0
00007FC0
00003FC0
00003FC0
FF007FC0
FF807FC0
FFC0FFC0
FFFFFF80
7FFFFF80
3FFFFF00
3FFFFE00
0FFFFC00
07FFF000
00FF8000
ENDCHAR
STARTCHAR uni04E1
ENCODING 1249
SWIDTH 577 0
DWIDTH 29 0
BBX 26 36 2 -10
BITMAP
7FFFFF80
7FFFFF80
7FFFFF80
7FFFFFC0
7FFFFFC0
7FFFFF80
0000FF00
0001FE00
0003FE00
0007FC00
000FF800
001FF000
003FE000
007FC000
00FFC000
00FFF800
00FFFC00
00FFFE00
00FFFF00
0001FF80
0000FF80
00007F80
00007FC0
00003FC0
00003FC0
00003FC0
FF003FC0
FF007FC0
FF80FFC0
FFE3FF80
7FFFFF80
7FFFFF00
3FFFFE00
0FFFFC00
07FFF000
00FF8000
ENDCHAR
STARTCHAR uni04E2
ENCODING 1250
SWIDTH 692 0
DWIDTH 35 0
BBX 30 44 2 0
BITMAP
03FFFE00
03FFFE00
03FFFE00
03FFFE00
00000000
00000000
00000000
00000000
FF8007FC
FF8007FC
FF800FFC
FF800FFC
FF801FFC
FF803FFC
FF803FFC
FF807FFC
FF807FFC
FF80FFFC
FF80FFFC
FF81FFFC
FF81FFFC
FF83FBFC
FF87FBFC
FF87F3FC
FF8FF3FC
FF8FE3FC
FF9FE3FC
FF9FC3FC
FFBFC3FC
FFFF83FC
FFFF03FC
FFFF03FC
FFFE03FC
FFFE03FC
FFFC03FC
FFFC03FC
FFF803FC
FFF003FC
FFF003FC
FFE003FC
FFE003FC
FFC003FC
FFC003FC
FF8003FC
ENDCHAR
STARTCHAR uni04E3
ENCODING 1251
SWIDTH 561 0
DWIDTH 28 0
BBX 24 35 2 0
BITMAP
1FFFF0
1FFFF0
1FFFF0
1FFFF0
000000
000000
000000
000000
000000
FF01FF
FF01FF
FF03FF
FF03FF
FF03FF
FF07FF
FF07FF
FF0FFF
FF0FFF
FF1FFF
FF1FFF
FF3EFF
FF3EFF
FF7CFF
FF7CFF
FFF8FF
FFF8FF
FFF8FF
FFF0FF
FFF0FF
FFE0FF
FFE0FF
FFC0FF
FFC0FF
FF80FF
FF80FF
ENDCHAR
STARTCHAR uni04E4
ENCODING 1252
SWIDTH 692 0
DWIDTH 35 0
BBX 30 46 2 0
BITMAP
00000400
03F01F00
03F03F80
07F83F80
07F83F80
03F01F80
01E00F00
00000000
00000000
00000000
FF8007FC
FF8007FC
FF800FFC
FF800FFC
FF801FFC
FF803FFC
FF803FFC
FF807FFC
FF807FFC
FF80FFFC
FF80FFFC
FF81FFFC
FF81FFFC
FF83FBFC
FF87FBFC
FF87F3FC
FF8FF3FC
FF8FE3FC
FF9FE3FC
FF9FC3FC
FFBFC3FC
FFFF83FC
FFFF03FC
FFFF03FC
FFFE03FC
FFFE03FC
FFFC03FC
FFFC03FC
FFF803FC
FFF003FC
FFF003FC
FFE003FC
FFE003FC
FFC003FC
FFC003FC
FF8003FC
ENDCHAR
STARTCHAR uni04E5
ENCODING 1253
SWIDTH 561 0
DWIDTH 28 0
BBX 24 37 2 0
BITMAP
000020
1F80F8
1F81FC
3FC1FC
3FC1FC
1F80FC
0F0078
000000
000000
000000
000000
FF01FF
FF01FF
FF03FF
FF03FF
FF03FF
FF07FF
FF07FF
FF0FFF
FF0FFF
FF1FFF
FF1FFF
FF3EFF
FF3EFF
FF7CFF
FF7CFF
FFF8FF
FFF8FF
FFF8FF
FFF0FF
FFF0FF
FFE0FF
FFE0FF
FFC0FF
FFC0FF
FF80FF
FF80FF
ENDCHAR
STARTCHAR uni04E6
ENCODING 1254
SWIDTH 690 0
DWIDTH 35 0
BBX 31 45 2 0
BITMAP
00000400
03F01F00
03F03F80
07F83F80
07F83F80
03F01F80
01E00F00
00000000
00000000
001FE000
00FFFC00
03FFFF00
07FFFF80
0FFFFFC0
1FFFFFE0
1FFFFFF0
3FF03FF8
7FE00FF8
7FC00FF8
7FC007FC
FF8007FC
FF8003FC
FF8003FE
FF8003FE
FF0003FE
FF0003FE
FF0003FE
FF0003FE
FF0003FE
FF0003FE
FF8003FE
FF8003FC
FF8003FC
FF8007FC
7FC007FC
7FC00FF8
7FE00FF8
3FF03FF0
1FFFFFF0
1FFFFFE0
0FFFFFC0
07FFFF80
01FFFF00
00FFFC00
001FE000
ENDCHAR
STARTCHAR uni04E7
ENCODING 1255
SWIDTH 562 0
DWIDTH 28 0
BBX 26 37 1 0
BITMAP
00001000
0FC07C00
0FC0FE00
1FE0FE00
1FE0FE00
0FC07E00
07803C00
00000000
00000000
00000000
00000000
007F8000
03FFF000
07FFF800
0FFFFC00
1FFFFE00
3FFFFF00
3FF3FF00
7FC0FF80
7F807F80
7F807F80
FF807FC0
FF807FC0
FF803FC0
FF803FC0
FF803FC0
FF807FC0
7F807F80
7F807F80
7FC0FF80
3FF3FF00
3FFFFF00
1FFFFE00
0FFFFC00
07FFF800
03FFF000
007F8000
ENDCHAR
STARTCHAR uni04E8
ENCODING 1256
SWIDTH 691 0
DWIDTH 35 0
BBX 31 36 2 0
BITMAP
001FF000
007FFE00
01FFFF00
03FFFFC0
07FFFFE0
0FFFFFF0
1FFFFFF0
3FF83FF8
3FE00FF8
7FC007FC
7FC007FC
7F8003FC
7F8003FE
FF8003FE
FF8003FE
FFFFFFFE
FFFFFFFE
FFFFFFFE
FFFFFFFE
FFFFFFFE
FF8003FE
FF8003FE
FF8003FE
7F8003FE
7FC003FC
7FC007FC
7FE007FC
3FF00FF8
3FF83FF8
1FFFFFF0
0FFFFFF0
07FFFFE0
03FFFFC0
01FFFF00
007FFE00
001FF000
ENDCHAR
STARTCHAR uni04E9
ENCODING 1257
SWIDTH 562 0
DWIDTH 28 0
BBX 26 26 1 0
BITMAP
007F8000
03FFF000
07FFF800
0FFFFC00
1FFFFE00
3FFFFF00
3FE1FF00
7F80FF80
7F807F80
7F807F80
FFFFFFC0
FFFFFFC0
FFFFFFC0
FFFFFFC0
FFFFFFC0
FF807FC0
7F807F80
7F807F80
7FC0FF80
3FE1FF00
3FFFFF00
1FFFFE00
0FFFFC00
07FFF800
03FFF000
007F8000
ENDCHAR
STARTCHAR uni04EA
ENCODING 1258
SWIDTH 691 0
DWIDTH 35 0
BBX 31 46 2 0
BITMAP
00000400
03F01F00
03F03F80
07F83F80
07F83F80
03F01F80
01E00F00
00000000
00000000
00000000
001FF000
007FFE00
01FFFF00
03FFFFC0
07FFFFE0
0FFFFFF0
1FFFFFF0
3FF83FF8
3FE00FF8
7FC007FC
7FC007FC
7F8003FC
7F8003FE
FF8003FE
FF8003FE
FFFFFFFE
FFFFFFFE
FFFFFFFE
FFFFFFFE
FFFFFFFE
FF8003FE
FF8003FE
FF8003FE
7F8003FE
7FC003FC
7FC007FC
7FE007FC
3FF00FF8
3FF83FF8
1FFFFFF0
0FFFFFF0
07FFFFE0
03FFFFC0
01FFFF00
007FFE00
001FF000
ENDCHAR
STARTCHAR uni04EB
ENCODING 1259
SWIDTH 562 0
DWIDTH 28 0
BBX 26 37 1 0
BITMAP
00001000
0FC07C00
0FC0FE00
1FE0FE00
1FE0FE00
0FC07E00
07803C00
00000000
00000000
00000000
00000000
007F8000
03FFF000
07FFF800
0FFFFC00
1FFFFE00
3FFFFF00
3FE1FF00
7F80FF80
7F807F80
7F807F80
FFFFFFC0
FFFFFFC0
FFFFFFC0
FFFFFFC0
FFFFFFC0
FF807FC0
7F807F80
7F807F80
7FC0FF80
3FE1FF00
3FFFFF00
1FFFFE00
0FFFFC00
07FFF800
03FFF000
007F8000
ENDCHAR
STARTCHAR uni04EC
ENCODING 1260
SWIDTH 636 0
DWIDTH 32 0
BBX 30 46 0 0
BITMAP
00000400
03F01F00
03F03F80
07F83F80
07F83F80
03F01F80
01E00F00
00000000
00000000
00000000
001FE000
00FFFC00
03FFFF00
07FFFF80
0FFFFFC0
1FFFFFE0
3FFFFFF0
3FE03FF0
7FC00FF8
7FC00FF8
7F8007F8
7F8007FC
FF8007FC
000007FC
000FFFFC
000FFFFC
000FFFFC
000FFFFC
000FFFFC
000FFFFC
000FFFFC
000003FC
000007FC
FF8007FC
7F8007FC
7F8007F8
7FC00FF8
7FC00FF8
3FE01FF0
3FFFFFF0
1FFFFFE0
0FFFFFC0
07FFFF80
03FFFF00
00FFFC00
001FE000
ENDCHAR
STARTCHAR uni04ED
ENCODING 1261
SWIDTH 510 0
DWIDTH 26 0
BBX 24 37 1 0
BITMAP
000040
3F01F0
3F03F8
7F83F8
7F83F8
3F01F8
1E00F0
000000
000000
000000
000000
01FE00
07FFC0
1FFFE0
3FFFF0
3FFFF8
7FFFFC
7FCFFC
FF03FE
FF01FE
FF01FE
0001FF
003FFF
003FFF
003FFF
003FFF
FF01FF
FF01FE
FF01FE
FF83FE
7FCFFC
7FFFFC
3FFFF8
1FFFF0
0FFFE0
07FFC0
01FE00
ENDCHAR
STARTCHAR uni04EE
ENCODING 1262
SWIDTH 632 0
DWIDTH 32 0
BBX 31 44 0 0
BITMAP
00FFFF80
00FFFF80
00FFFF80
00FFFF80
00000000
00000000
00000000
00000000
FF8003FE
7FC003FE
7FC007FC
3FE007FC
3FE007FC
1FF00FF8
1FF00FF8
0FF81FF0
0FF81FF0
07FC1FE0
07FC3FE0
03FE3FE0
01FE3FC0
01FF7FC0
00FF7F80
00FFFF80
007FFF00
007FFF00
003FFF00
003FFE00
001FFE00
001FFC00
000FFC00
000FF800
0007F800
0007F800
000FF000
000FF000
001FE000
03FFE000
03FFC000
03FFC000
03FF8000
03FF0000
03FE0000
03F80000
ENDCHAR
STARTCHAR uni04EF
ENCODING 1263
SWIDTH 518 0
DWIDTH 26 0
BBX 26 46 0 -10
BITMAP
0FFFF800
0FFFF800
0FFFF800
0FFFF800
00000000
00000000
00000000
00000000
00000000
00000000
FF807FC0
FF807FC0
7F80FF80
7FC0FF80
7FC0FF00
3FC0FF00
3FE1FF00
1FE1FE00
1FE1FE00
1FE3FE00
0FF3FC00
0FF3FC00
0FF7FC00
07FFF800
07FFF800
07FFF800
03FFF000
03FFF000
03FFE000
01FFE000
01FFE000
00FFC000
00FFC000
00FFC000
007F8000
007F8000
007F8000
00FF0000
00FF0000
03FE0000
1FFE0000
1FFE0000
1FFC0000
1FF80000
1FF00000
1FC00000
ENDCHAR
STARTCHAR uni04F0
ENCODING 1264
SWIDTH 632 0
DWIDTH 32 0
BBX 31 46 0 0
BITMAP
00000200
01F80F80
01F81FC0
03FC1FC0
03FC1FC0
01F80FC0
00F00780
00000000
00000000
00000000
FF8003FE
7FC003FE
7FC007FC
3FE007FC
3FE007FC
1FF00FF8
1FF00FF8
0FF81FF0
0FF81FF0
07FC1FE0
07FC3FE0
03FE3FE0
01FE3FC0
01FF7FC0
00FF7F80
00FFFF80
007FFF00
007FFF00
003FFF00
003FFE00
001FFE00
001FFC00
000FFC00
000FF800
0007F800
0007F800
000FF000
000FF000
001FE000
03FFE000
03FFC000
03FFC000
03FF8000
03FF0000
03FE0000
03F80000
ENDCHAR
STARTCHAR uni04F1
ENCODING 1265
SWIDTH 518 0
DWIDTH 26 0
BBX 26 47 0 -10
BITMAP
00002000
1F80F800
1F81FC00
3FC1FC00
3FC1FC00
1F80FC00
0F007800
00000000
00000000
00000000
00000000
FF807FC0
FF807FC0
7F80FF80
7FC0FF80
7FC0FF00
3FC0FF00
3FE1FF00
1FE1FE00
1FE1FE00
1FE3FE00
0FF3FC00
0FF3FC00
0FF7FC00
07FFF800
07FFF800
07FFF800
03FFF000
03FFF000
03FFE000
01FFE000
01FFE000
00FFC000
00FFC000
00FFC000
007F8000
007F8000
007F8000
00FF0000
00FF0000
03FE0000
1FFE0000
1FFE0000
1FFC0000
1FF80000
1FF00000
1FC00000
ENDCHAR
STARTCHAR uni04F2
ENCODING 1266
SWIDTH 632 0
DWIDTH 32 0
BBX 31 45 0 0
BITMAP
0007F0FC
0007E1F8
000FE3F0
001FC7F0
001F8FE0
003F0FC0
007E1F80
00000000
00000000
FF8003FE
7FC003FE
7FC007FC
3FE007FC
3FE007FC
1FF00FF8
1FF00FF8
0FF81FF0
0FF81FF0
07FC1FE0
07FC3FE0
03FE3FE0
01FE3FC0
01FF7FC0
00FF7F80
00FFFF80
007FFF00
007FFF00
003FFF00
003FFE00
001FFE00
001FFC00
000FFC00
000FF800
0007F800
0007F800
000FF000
000FF000
001FE000
03FFE000
03FFC000
03FFC000
03FF8000
03FF0000
03FE0000
03F80000
ENDCHAR
STARTCHAR uni04F3
ENCODING 1267
SWIDTH 518 0
DWIDTH 26 0
BBX 26 47 0 -10
BITMAP
007F0FC0
007E1F80
00FE3F00
01FC7F00
01F8FE00
03F0FC00
07E1F800
00000000
00000000
00000000
00000000
FF807FC0
FF807FC0
7F80FF80
7FC0FF80
7FC0FF00
3FC0FF00
3FE1FF00
1FE1FE00
1FE1FE00
1FE3FE00
0FF3FC00
0FF3FC00
0FF7FC00
07FFF800
07FFF800
07FFF800
03FFF000
03FFF000
03FFE000
01FFE000
01FFE000
00FFC000
00FFC000
00FFC000
007F8000
007F8000
007F8000
00FF0000
00FF0000
03FE0000
1FFE0000
1FFE0000
1FFC0000
1FF80000
1FF00000
1FC00000
ENDCHAR
STARTCHAR uni04F4
ENCODING 1268
SWIDTH 698 0
DWIDTH 35 0
BBX 29 46 3 0
BITMAP
00000200
01F80F80
01F81FC0
03FC1FC0
03FC1FC0
01F80FC0
00F00780
00000000
00000000
00000000
FF8007F8
FF8007F8
FF8007F8
FF8007F8
FF8007F8
FF8007F8
FF8007F8
FF8007F8
FF8007F8
FF8007F8
FF8007F8
FF8007F8
FF8007F8
FF8007F8
7FC007F8
7FE007F8
7FFFFFF8
3FFFFFF8
1FFFFFF8
0FFFFFF8
07FFFFF8
01FFFFF8
003FFFF8
000007F8
000007F8
000007F8
000007F8
000007F8
000007F8
000007F8
000007F8
000007F8
000007F8
000007F8
000007F8
000007F8
ENDCHAR
STARTCHAR uni04F5
ENCODING 1269
SWIDTH 558 0
DWIDTH 28 0
BBX 24 37 2 0
BITMAP
000020
1F80F8
1F81FC
3FC1FC
3FC1FC
1F80FC
0F0078
000000
000000
000000
000000
FF00FF
FF00FF
FF00FF
FF00FF
FF00FF
FF00FF
FF00FF
FF00FF
FF00FF
FF00FF
FF80FF
FFE1FF
7FFFFF
7FFFFF
3FFFFF
1FFFFF
07FFFF
00FFFF
0000FF
0000FF
0000FF
0000FF
0000FF
0000FF
0000FF
0000FF
ENDCHAR
STARTCHAR uni04F6
ENCODING 1270
SWIDTH 557 0
DWIDTH 28 0
BBX 24 47 3 -11
BITMAP
FFFFFF
FFFFFF
FFFFFF
FFFFFF
FFFFFF
FFFFFF
FFFFFF
FF0000
FF0000
FF0000
FF0000
FF0000
FF0000
FF0000
FF0000
FF0000
FF0000
FF0000
FF0000
FF0000
FF0000
FF0000
FF0000
FF0000
FF0000
FF0000
FF0000
FF0000
FF0000
FF0000
FF0000
FF0000
FF0000
FFFC00
FFFC00
FFFC00
03FC00
03FC00
03FC00
03FC00
03FC00
03FC00
03FC00
03FC00
03FC00
03FC00
03FC00
ENDCHAR
STARTCHAR uni04F7
ENCODING 1271
SWIDTH 418 0
DWIDTH 21 0
BBX 19 37 2 -11
BITMAP
FFFFE0
FFFFE0
FFFFE0
FFFFE0
FFFFE0
FFFFE0
FF0000
FF0000
FF0000
FF0000
FF0000
FF0000
FF0000
FF0000
FF0000
FF0000
FF0000
FF0000
FF0000
FF0000
FF0000
FF0000
FF0000
FFFC00
FFFC00
FFFC00
03FC00
03FC00
03FC00
03FC00
03FC00
03FC00
03FC00
03FC00
03FC00
03FC00
03FC00
ENDCHAR
STARTCHAR uni04F8
ENCODING 1272
SWIDTH 871 0
DWIDTH 44 0
BBX 38 46 3 0
BITMAP
0000004000
003F01F000
003F03F800
007F83F800
007F83F800
003F01F800
001E00F000
0000000000
0000000000
0000000000
FF000007FC
FF000007FC
FF000007FC
FF000007FC
FF000007FC
FF000007FC
FF000007FC
FF000007FC
FF000007FC
FF000007FC
FF000007FC
FF000007FC
FFFE0007FC
FFFFE007FC
FFFFF807FC
FFFFFE07FC
FFFFFF07FC
FFFFFF87FC
FFFFFF87FC
FF01FFC7FC
FF007FC7FC
FF003FE7FC
FF003FE7FC
FF003FE7FC
FF003FE7FC
FF003FE7FC
FF003FE7FC
FF007FC7FC
FF00FFC7FC
FFFFFFC7FC
FFFFFF87FC
FFFFFF07FC
FFFFFE07FC
FFFFFC07FC
FFFFF007FC
FFFF8007FC
ENDCHAR
STARTCHAR uni04F9
ENCODING 1273
SWIDTH 852 0
DWIDTH 43 0
BBX 37 37 3 0
BITMAP
0000008000
007E03E000
007E07F000
00FF07F000
00FF07F000
007E03F000
003C01E000
0000000000
0000000000
0000000000
0000000000
FF00000FF8
FF00000FF8
FF00000FF8
FF00000FF8
FF00000FF8
FF00000FF8
FF00000FF8
FFFF800FF8
FFFFF00FF8
FFFFF80FF8
FFFFFC0FF8
FFFFFE0FF8
FFFFFF0FF8
FF03FF0FF8
FF00FF0FF8
FF00FF0FF8
FF00FF8FF8
FF00FF0FF8
FF00FF0FF8
FF03FF0FF8
FFFFFF0FF8
FFFFFE0FF8
FFFFFC0FF8
FFFFF80FF8
FFFFE00FF8
FFFF800FF8
ENDCHAR
STARTCHAR uni04FA
ENCODING 1274
SWIDTH 604 0
DWIDTH 30 0
BBX 29 47 0 -11
BITMAP
07FFFFF8
07FFFFF8
07FFFFF8
07FFFFF8
07FFFFF8
07FFFFF8
07FFFFF8
07F80000
07F80000
07F80000
07F80000
07F80000
07F80000
07F80000
07F80000
FFFFC000
FFFFC000
FFFFC000
FFFFC000
FFFFC000
07F80000
07F80000
07F80000
07F80000
07F80000
07F80000
07F80000
07F80000
07F80000
07FFF800
07FFF800
07FFF800
07FFF800
07FFF800
07FFF800
07FFF800
0007F800
0007F800
0007F800
000FF800
011FF800
01FFF000
01FFF000
01FFE000
01FFC000
01FF8000
01FE0000
ENDCHAR
STARTCHAR uni04FB
ENCODING 1275
SWIDTH 456 0
DWIDTH 23 0
BBX 23 37 0 -11
BITMAP
0FFFFE
0FFFFE
0FFFFE
0FFFFE
0FFFFE
0FFFFE
0FF000
0FF000
0FF000
FFFFC0
FFFFC0
FFFFC0
FFFFC0
FFFFC0
0FF000
0FF000
0FF000
0FF000
0FF000
0FFFE0
0FFFE0
0FFFE0
0FFFE0
0FFFE0
0FFFE0
0FFFE0
001FE0
001FE0
001FE0
003FE0
047FE0
07FFC0
07FFC0
07FF80
07FF00
07FE00
07F800
ENDCHAR
STARTCHAR uni04FC
ENCODING 1276
SWIDTH 726 0
DWIDTH 36 0
BBX 36 47 0 -11
BITMAP
7FC003FE00
7FE007FE00
3FE007FC00
3FF00FFC00
1FF00FF800
1FF81FF800
0FF81FF000
07FC3FE000
07FC3FE000
03FE7FC000
03FE7FC000
01FFFF8000
01FFFF8000
00FFFF0000
00FFFF0000
007FFE0000
003FFC0000
003FFC0000
003FFC0000
007FFE0000
007FFE0000
00FFFF0000
00FFFF0000
01FFFF8000
01FFFF8000
03FE7FC000
07FE7FC000
07FC3FE000
0FFC3FF000
0FF81FFFF0
1FF81FFFF0
1FF00FFFF0
3FF00FFFF0
7FE007FFF0
7FE007FFF0
FFC003FFF0
0000000FF0
0000000FF0
0000000FF0
0000001FF0
0000023FF0
000003FFE0
000003FFE0
000003FFC0
000003FF80
000003FF00
000003FC00
ENDCHAR
STARTCHAR uni04FD
ENCODING 1277
SWIDTH 596 0
DWIDTH 30 0
BBX 28 37 1 -11
BITMAP
FF80FF00
FF81FF00
7FC3FE00
3FC3FC00
3FE7FC00
1FE7F800
1FFFF800
0FFFF000
0FFFF000
07FFE000
07FFE000
03FFC000
03FFC000
03FFC000
03FFC000
07FFE000
0FFFF000
0FFFF000
1FFFF800
1FE7FFF0
3FE7FFF0
3FC3FFF0
7FC3FFF0
7F81FFF0
FF81FFF0
FF00FFF0
00000FF0
00000FF0
00000FF0
00001FF0
00023FF0
0003FFE0
0003FFE0
0003FFC0
0003FF80
0003FF00
0003FC00
ENDCHAR
STARTCHAR uni04FE
ENCODING 1278
SWIDTH 638 0
DWIDTH 32 0
BBX 32 36 0 0
BITMAP
7FC003FE
7FE007FE
3FE007FC
3FF00FFC
1FF00FF8
1FF81FF8
0FF81FF0
07FC3FE0
07FC3FE0
03FE7FC0
03FE7FC0
01FFFF80
01FFFF80
00FFFF00
00FFFF00
01FFFF80
01FFFF80
01FFFF80
01FFFF80
01FFFF80
007FFE00
00FFFF00
00FFFF00
01FFFF80
01FFFF80
03FE7FC0
07FE7FC0
07FC3FE0
0FFC3FF0
0FF81FF0
1FF81FF8
1FF00FF8
3FF00FFC
7FE007FC
7FE007FE
FFC003FF
ENDCHAR
STARTCHAR uni04FF
ENCODING 1279
SWIDTH 515 0
DWIDTH 26 0
BBX 24 26 1 0
BITMAP
FF80FF
FF81FF
7FC3FE
3FC3FC
3FE7FC
1FE7F8
1FFFF8
0FFFF0
0FFFF0
07FFE0
1FFFF8
1FFFF8
1FFFF8
1FFFF8
1FFFF8
07FFE0
0FFFF0
0FFFF0
1FFFF8
1FE7F8
3FE7FC
3FC3FC
7FC3FE
7F81FE
FF81FF
FF00FF
ENDCHAR
STARTCHAR uni0500
ENCODING 1280
SWIDTH 623 0
DWIDTH 31 0
BBX 27 36 2 0
BITMAP
00003FE0
00003FE0
00003FE0
00003FE0
00003FE0
00003FE0
00003FE0
00003FE0
00003FE0
00003FE0
00003FE0
00003FE0
007FFFE0
03FFFFE0
07FFFFE0
1FFFFFE0
3FFFFFE0
3FFFFFE0
7FFFFFE0
FFC03FE0
FF803FE0
FF803FE0
FF003FE0
FF003FE0
FF003FE0
FF003FE0
FF803FE0
FF803FE0
FFE03FE0
7FFFFFE0
3FFFFFE0
3FFFFFE0
1FFFFFE0
07FFFFE0
03FFFFE0
007FFFE0
ENDCHAR
STARTCHAR uni0501
ENCODING 1281
SWIDTH 562 0
DWIDTH 28 0
BBX 25 38 1 0
BITMAP
0000FF80
0000FF80
0000FF80
0000FF80
0000FF80
0000FF80
0000FF80
0000FF80
0000FF80
0000FF80
0000FF80
0000FF80
01F8FF80
07FEFF80
0FFFFF80
1FFFFF80
3FFFFF80
3FFFFF80
7FE3FF80
7FC0FF80
7F80FF80
7F80FF80
FF80FF80
FF80FF80
FF80FF80
FF80FF80
FF80FF80
FF80FF80
7F80FF80
7F80FF80
7FC0FF80
7FE3FF80
3FFFFF80
3FFFFF80
1FFFFF80
0FFF7F80
07FE7F80
01FC7F80
ENDCHAR
STARTCHAR uni0502
ENCODING 1282
SWIDTH 947 0
DWIDTH 47 0
BBX 42 36 3 0
BITMAP
00001FE00000
00001FE00000
00001FE00000
00001FE00000
00001FE00000
00001FE00000
00001FE00000
00001FE00000
00001FE00000
00001FE00000
00001FE00000
00001FE00000
003FFFE0FF00
01FFFFE0FF00
07FFFFE0FF80
0FFFFFE0FF80
1FFFFFE07F80
3FFFFFE07F80
3FFFFFE07F80
7FE01FE07F80
7FC01FE07FC0
FF801FE07FC0
FF801FE07FC0
FF801FE07FC0
FF801FE07FC0
FF801FE07F80
FF801FE0FF80
7FC01FE0FF80
7FE01FE1FF80
7FFFFFFFFF00
3FFFFFFFFF00
1FFFFFFFFE00
0FFFFFFFFC00
07FFFFFFF800
01FFFFFFF000
003FFFFF8000
ENDCHAR
STARTCHAR uni0503
ENCODING 1283
SWIDTH 849 0
DWIDTH 42 0
BBX 39 39 2 0
BITMAP
0000FF0000
0000FF0000
0000FF0000
0000FF0000
0000FF0000
0000FF0000
0000FF0000
0000FF0000
0000FF0000
0000FF0000
0000FF0000
0000FF0000
0000FF0000
01F8FF0000
07FEFF0000
0FFFFF0000
1FFFFF07F8
3FFFFF03FC
3FFFFF03FC
7FE3FF03FC
7FC0FF03FC
7F80FF03FE
FF80FF01FE
FF80FF01FE
FF00FF01FE
FF00FF01FE
FF00FF01FE
FF00FF01FE
FF00FF03FE
FF80FF03FE
FF80FF03FC
7FC0FF87FC
7FE3FFDFF8
7FFFFFFFF8
3FFFFFFFF0
1FFFBFFFE0
0FFF1FFFC0
07FE0FFF80
01F803FC00
ENDCHAR
STARTCHAR uni0504
ENCODING 1284
SWIDTH 785 0
DWIDTH 39 0
BBX 35 36 2 0
BITMAP
FFF8000000
FFFF000000
FFFFC00000
FFFFE00000
FFFFF00000
FFFFF80000
FFFFF80000
000FF80000
0007FC0000
0007FC0000
0007FC0000
0007FC0000
0007F80000
001FF83FC0
3FFFF03FC0
3FFFE03FC0
3FFFC03FE0
3FFF003FE0
3FFF001FE0
3FFFC01FE0
3FFFF01FE0
001FF01FE0
000FF81FE0
0007F81FE0
0007FC1FE0
0007FC1FE0
0007FC3FE0
0007FC3FE0
0007FC7FC0
0007FFFFC0
0003FFFF80
0003FFFF80
0003FFFF00
0001FFFC00
0000FFF800
00003FC000
ENDCHAR
STARTCHAR uni0505
ENCODING 1285
SWIDTH 640 0
DWIDTH 32 0
BBX 31 26 1 0
BITMAP
FFE00000
FFFC0000
FFFE0000
FFFF0000
FFFF8000
FFFF8000
00FFC000
007FC3FC
007FC3FC
007F83FC
007F81FE
3FFF01FE
3FFE01FE
3FFF01FE
3FFF81FE
3FFFC1FE
3FFFE1FE
003FE1FE
001FE1FE
001FE3FC
001FE7FC
001FFFF8
001FFFF8
000FFFF0
0007FFC0
0001FF00
ENDCHAR
STARTCHAR uni0506
ENCODING 1286
SWIDTH 612 0
DWIDTH 31 0
BBX 29 45 1 -9
BITMAP
FFF80000
FFFF0000
7FFFC000
7FFFE000
7FFFF000
7FFFF800
003FF800
000FF800
0007FC00
0007FC00
0003FC00
0003FC00
0003FC00
0007F800
0007F800
001FF800
3FFFF000
3FFFE000
3FFF8000
3FFFC000
3FFFE000
3FFFF000
003FF800
000FFC00
0007FC00
0003FC00
0003FC00
0003FC00
0003FC00
0003FC00
0003FFF8
0003FFF8
0003FFF8
0003FFF8
0001FFF8
0001FFF8
000003F0
000003F0
000007F0
000007E0
000007E0
00000FC0
00000FC0
00000F80
00000300
ENDCHAR
STARTCHAR uni0507
ENCODING 1287
SWIDTH 588 0
DWIDTH 29 0
BBX 26 36 3 -10
BITMAP
FFF00000
FFFE0000
FFFF0000
FFFF8000
FFFFC000
FFFFE000
007FE000
003FE000
001FE000
001FE000
003FE000
007FC000
7FFFC000
7FFF8000
7FFF0000
7FFFC000
7FFFE000
003FE000
001FE000
001FF000
001FFFC0
001FFFC0
001FFFC0
000FFFC0
000FFFC0
000FFF80
00001F80
00001F80
00001F80
00003F80
00003F00
00003F00
00007E00
00007E00
00007C00
00001800
ENDCHAR
STARTCHAR uni0508
ENCODING 1288
SWIDTH 962 0
DWIDTH 48 0
BBX 45 36 2 0
BITMAP
03FFFFFE0000
03FFFFFE0000
03FFFFFE0000
03FFFFFE0000
03FFFFFE0000
03FFFFFE0000
03FFFFFE0000
03FE03FE0000
03FE03FE0000
03FE03FE0000
03FE03FE0000
03FC03FE0000
03FC03FE0000
03FC03FE1FF0
03FC03FE0FF0
03FC03FE0FF0
03FC03FE0FF0
03FC03FE0FF8
03FC03FE0FF8
03FC03FE0FF8
03FC03FE07F8
07FC03FE07F8
07FC03FE07F8
07FC03FE07F8
07F803FE07F8
07F803FE0FF8
0FF803FE0FF8
0FF803FE0FF8
1FF803FE1FF0
FFF003FFFFF0
FFF001FFFFE0
FFE001FFFFC0
FFC000FFFFC0
FF80007FFF00
FF00003FFE00
FC000007F000
ENDCHAR
STARTCHAR uni0509
ENCODING 1289
SWIDTH 868 0
DWIDTH 43 0
BBX 39 26 2 0
BITMAP
0FFFFF0000
0FFFFF0000
0FFFFF0000
0FFFFF0000
0FFFFF07F8
0FFFFF03FC
0FF0FF03FC
0FF0FF03FC
0FF0FF03FC
0FF0FF03FE
0FF0FF03FE
0FF0FF01FE
0FF0FF01FE
0FF0FF01FE
0FF0FF01FE
1FE0FF03FE
1FE0FF03FE
1FE0FF83FC
3FE0FF87FC
7FE07FEFFC
FFC07FFFF8
FFC07FFFF0
FF803FFFF0
FF001FFFE0
FE000FFF80
FC0001FE00
ENDCHAR
STARTCHAR uni050A
ENCODING 1290
SWIDTH 989 0
DWIDTH 49 0
BBX 44 36 3 0
BITMAP
FF0007FC0000
FF0007FC0000
FF0007FC0000
FF0007FC0000
FF0007FC0000
FF0007FC0000
FF0007FC0000
FF0007FC0000
FF0007FC0000
FF0007FC0000
FF0007FC0000
FF0007FC0000
FF0007FC0000
FF0007FC3FE0
FF0007FC1FE0
FFFFFFFC1FE0
FFFFFFFC1FE0
FFFFFFFC1FF0
FFFFFFFC1FF0
FFFFFFFC1FF0
FFFFFFFC0FF0
FFFFFFFC0FF0
FF0007FC0FF0
FF0007FC0FF0
FF0007FC1FF0
FF0007FC1FF0
FF0007FC1FF0
FF0007FC1FE0
FF0007FC3FE0
FF0007FFFFE0
FF0003FFFFC0
FF0003FFFF80
FF0001FFFF80
FF0000FFFE00
FF00007FFC00
FF00001FF000
ENDCHAR
STARTCHAR uni050B
ENCODING 1291
SWIDTH 823 0
DWIDTH 41 0
BBX 38 26 2 0
BITMAP
FF01FF0000
FF01FF0000
FF01FF0000
FF01FF0000
FF01FF0FF0
FF01FF07F8
FF01FF07F8
FF01FF07F8
FF01FF07F8
FF01FF07FC
FFFFFF03FC
FFFFFF03FC
FFFFFF03FC
FFFFFF03FC
FFFFFF03FC
FFFFFF03FC
FF01FF07FC
FF01FF07F8
FF00FF0FF8
FF00FFDFF8
FF00FFFFF0
FF007FFFF0
FF007FFFE0
FF003FFFC0
FF000FFF00
FF0003FC00
ENDCHAR
STARTCHAR uni050C
ENCODING 1292
SWIDTH 640 0
DWIDTH 32 0
BBX 30 36 1 0
BITMAP
000FF800
007FFF00
01FFFF80
07FFFF80
0FFFFF00
1FFFFF00
1FFFFF00
3FF80700
3FE00000
7FC00000
7FC00000
FF800000
FF800000
FF800000
FF800000
FF800000
FF800FF8
FF800FF8
FF8007F8
FF8007F8
FF8007F8
FF8007FC
FF8007FC
FF8007FC
FF8007FC
7FC007FC
7FC007FC
7FE00FF8
3FF81FF8
1FFFFFF8
1FFFFFF0
0FFFFFE0
07FFFFC0
01FFFF80
007FFE00
000FF000
ENDCHAR
STARTCHAR uni050D
ENCODING 1293
SWIDTH 537 0
DWIDTH 27 0
BBX 25 26 1 0
BITMAP
003FC000
01FFF000
07FFF000
0FFFF000
1FFFF000
3FFFF000
3FF9F000
7FE01000
7FC00000
7F800000
7F800000
FF800000
FF80FF00
FF80FF80
FF807F80
FF807F80
7F807F80
7FC07F80
7FE0FF80
3FF9FF80
3FFFFF00
1FFFFF00
0FFFFE00
07FFFC00
01FFF800
003FC000
ENDCHAR
STARTCHAR uni050E
ENCODING 1294
SWIDTH 702 0
DWIDTH 35 0
BBX 33 36 1 0
BITMAP
FFFFFFF000
FFFFFFF000
FFFFFFF000
FFFFFFF000
FFFFFFF000
FFFFFFF000
FFFFFFF000
003FC00000
003FC00000
003FC00000
003FC00000
003FC00000
003FC00000
003FC1FE00
003FC1FF00
003FC0FF00
003FC0FF00
003FC0FF00
003FC0FF80
003FC0FF80
003FC0FF80
003FC0FF80
003FC0FF80
003FC0FF80
003FC0FF80
003FC0FF80
003FC0FF80
003FC1FF00
003FE1FF00
003FFFFE00
001FFFFE00
001FFFFC00
000FFFF800
0007FFF000
0003FFE000
0000FF0000
ENDCHAR
STARTCHAR uni050F
ENCODING 1295
SWIDTH 635 0
DWIDTH 32 0
BBX 29 26 2 0
BITMAP
FFFFFC00
FFFFFC00
FFFFFC00
FFFFFC00
FFFFFC00
FFFFFC00
03FC0000
03FC0000
03FC1FE0
03FC0FF0
03FC0FF0
03FC0FF0
03FC0FF0
03FC0FF8
03FC0FF8
03FC0FF8
03FC0FF8
03FC0FF0
03FE1FF0
01FFBFF0
01FFFFE0
01FFFFE0
00FFFFC0
007FFF80
003FFE00
0007F800
ENDCHAR
STARTCHAR uni0510
ENCODING 1296
SWIDTH 643 0
DWIDTH 32 0
BBX 29 36 2 0
BITMAP
003FE000
03FFFC00
07FFFF00
1FFFFFC0
3FFFFFC0
3FFFFFE0
7FFFFFF0
7FE03FF0
7FC01FF0
7F800FF0
7F800000
7F800000
7FC00000
7FC00000
3FF80000
1FFFF000
0FFFF000
03FFF000
0FFFF000
1FFFF000
3FFFF000
7FE00000
7FC00000
FF800000
FF800000
FF800000
FF800FF8
FF800FF8
FFE01FF8
7FFFFFF0
7FFFFFF0
3FFFFFE0
1FFFFFC0
0FFFFF80
03FFFE00
003FF000
ENDCHAR
STARTCHAR uni0511
ENCODING 1297
SWIDTH 565 0
DWIDTH 28 0
BBX 25 26 2 0
BITMAP
00FF8000
07FFF000
1FFFFC00
3FFFFE00
7FFFFF00
7FFFFF00
7FC1FF00
7F80FF80
7F800000
7FC00000
3FFF8000
1FFF8000
07FF8000
1FFF8000
3FFF8000
7FC00000
7F800000
FF800000
FF807F80
FFC0FF80
7FFFFF00
7FFFFF00
3FFFFE00
1FFFFC00
07FFF000
00FFC000
ENDCHAR
STARTCHAR uni0512
ENCODING 1298
SWIDTH 840 0
DWIDTH 42 0
BBX 40 47 1 -11
BITMAP
01FFFFFF00
01FFFFFF00
01FFFFFF00
01FFFFFF00
01FFFFFF00
01FFFFFF00
01FFFFFF00
01FE01FF00
01FE01FF00
01FE01FF00
01FE01FF00
03FE01FF00
03FE01FF00
03FE01FF00
03FE01FF00
03FE01FF00
03FE01FF00
03FE01FF00
03FC01FF00
03FC01FF00
03FC01FF00
03FC01FF00
03FC01FF00
03FC01FF00
07FC01FF00
07FC01FF00
07F801FF00
0FF801FF00
1FF801FF00
FFF001FFFF
FFF001FFFF
FFE001FFFF
FFE001FFFF
FFC001FFFF
FF0001FFFF
FC0001FFFF
00000000FF
00000000FF
00000000FF
00000001FF
00000023FF
0000003FFE
0000003FFE
0000003FFC
0000003FF8
0000003FF0
0000003FC0
ENDCHAR
STARTCHAR uni0513
ENCODING 1299
SWIDTH 714 0
DWIDTH 36 0
BBX 34 37 0 -11
BITMAP
07FFFFC000
07FFFFC000
07FFFFC000
07FFFFC000
07FFFFC000
07FFFFC000
07F83FC000
07F83FC000
07F83FC000
07F83FC000
07F83FC000
07F03FC000
0FF03FC000
0FF03FC000
0FF03FC000
0FF03FC000
0FF03FC000
0FF03FC000
1FF03FC000
3FE03FFFC0
FFE03FFFC0
FFE03FFFC0
FFC03FFFC0
FF803FFFC0
FF003FFFC0
FC003FFFC0
0000003FC0
0000003FC0
0000003FC0
0000007FC0
000008FFC0
00000FFF80
00000FFF80
00000FFF00
00000FFE00
00000FFC00
00000FF000
ENDCHAR
STARTCHAR uni1E00
ENCODING 7680
SWIDTH 681 0
DWIDTH 34 0
BBX 34 46 0 -10
BITMAP
0007F80000
000FFC0000
000FFC0000
000FFC0000
001FFE0000
001FFE0000
001FFE0000
003FFF0000
003FFF0000
003FFF8000
007FFF8000
007FFF8000
00FF3FC000
00FF3FC000
00FF3FC000
01FE1FE000
01FE1FE000
01FE1FE000
03FC0FF000
03FC0FF000
03FC0FF800
07FC07F800
07FFFFF800
0FFFFFFC00
0FFFFFFC00
0FFFFFFC00
1FFFFFFE00
1FFFFFFE00
1FFFFFFE00
3FE001FF00
3FE001FF00
3FC000FF80
7FC000FF80
7FC000FF80
FFC000FFC0
FF80007FC0
0000000000
0000000000
0001F00000
0003F80000
0007BC0000
00071C0000
00071C0000
0007BC0000
0003F80000
0001F00000
ENDCHAR
STARTCHAR uni1E01
ENCODING 7681
SWIDTH 531 0
DWIDTH 27 0
BBX 24 35 1 -9
BITMAP
00FF00
07FFE0
0FFFF0
1FFFF8
3FFFFC
7FFFFE
7FC3FE
7F81FE
7F81FE
0001FE
01FFFE
0FFFFE
1FFFFE
3FFFFE
7FE1FE
7F81FE
FF81FE
FF01FE
FF01FE
FF83FE
FFFFFE
7FFFFE
7FFFFE
3FFFFF
0FFCFF
03F0FF
000000
00F800
01FC00
03DE00
038E00
038E00
03DE00
01FC00
00F800
ENDCHAR
STARTCHAR uni1E3E
ENCODING 7742
SWIDTH 876 0
DWIDTH 44 0
BBX 38 46 3 0
BITMAP
00000FF000
00001FE000
00001FE000
00003FC000
00007F8000
00007F0000
0000FE0000
0001FC0000
0000000000
0000000000
FFE0001FFC
FFE0003FFC
FFF0003FFC
FFF0003FFC
FFF0007FFC
FFF8007FFC
FFF8007FFC
FFF800FFFC
FFFC00FFFC
FFFC00FFFC
FFFC01FFFC
FEFE01FFFC
FFFE01FFFC
FFFE01FBFC
FF7F03FBFC
FF7F03FBFC
FF7F03F3FC
FF3F07F3FC
FF3F87F3FC
FF3F87E3FC
FF1F8FE3FC
FF1FCFE3FC
FF0FCFC3FC
FF0FDFC3FC
FF0FFFC3FC
FF07FF83FC
FF07FF83FC
FF07FF87FC
FF03FF07FC
FF03FF07FC
FF03FF07FC
FF01FE07FC
FF01FE07FC
FF01FE07FC
FF00FC07FC
FF00FC07FC
ENDCHAR
STARTCHAR uni1E3F
ENCODING 7743
SWIDTH 861 0
DWIDTH 43 0
BBX 39 38 2 0
BITMAP
000007F800
00000FF000
00000FF000
00001FE000
00003FC000
00003F8000
00007F0000
0000FE0000
0000000000
0000000000
0000000000
0000000000
FF07E01FC0
FF1FF87FF0
FF7FFCFFF8
FFFFFFFFF8
FFFFFFFFFC
FFFFFFFFFC
FFE7FFCFFC
FF81FF03FE
FF81FF03FE
FF81FF03FE
FF81FF03FE
FF81FF03FE
FF81FF03FE
FF81FF03FE
FF81FF03FE
FF81FF03FE
FF81FF03FE
FF81FF03FE
FF81FF03FE
FF81FF03FE
FF81FF03FE
FF81FF03FE
FF81FF03FE
FF81FF03FE
FF81FF03FE
FF81FF03FE
ENDCHAR
STARTCHAR Wgrave
ENCODING 7808
SWIDTH 869 0
DWIDTH 43 0
BBX 42 46 1 0
BITMAP
000FF0000000
0007F8000000
0007FC000000
0003FC000000
0001FE000000
0000FE000000
00007F000000
00003F800000
000000000000
000000000000
FF007F007FC0
FF007F807F80
FF00FF807F80
FF80FF807F80
FF80FF80FF80
7F80FF80FF80
7F80FFC0FF00
7F81FFC0FF00
7FC1FFC0FF00
3FC1FFC0FF00
3FC1FFE1FF00
3FC3FFE1FE00
3FC3FFE1FE00
3FC3FFE1FE00
1FE3FFE1FE00
1FE3FFF1FE00
1FE7F7F3FC00
1FE7F7F3FC00
1FE7F7F3FC00
0FF7F3FBFC00
0FF7F3FBFC00
0FFFE3FFF800
0FFFE3FFF800
0FFFE3FFF800
07FFE1FFF800
07FFC1FFF000
07FFC1FFF000
07FFC1FFF000
03FFC0FFF000
03FF80FFF000
03FF80FFE000
03FF80FFE000
03FF807FE000
01FF807FE000
01FF007FE000
01FF007FC000
ENDCHAR
STARTCHAR wgrave
ENCODING 7809
SWIDTH 726 0
DWIDTH 36 0
BBX 35 38 1 0
BITMAP
00FF000000
007F800000
007FC00000
003FC00000
001FE00000
000FE00000
0007F00000
0003F80000
0000000000
0000000000
0000000000
0000000000
FF03F01FE0
FF03F01FC0
FF03F83FC0
FF07F83FC0
7F07F83FC0
7F07F83F80
7F8FFC3F80
7F8FFC7F80
3F8FFC7F80
3F8FFE7F00
3F9FFE7F00
3F9FFE7F00
1FDFBE7F00
1FDF3FFE00
1FFF3FFE00
1FFF1FFE00
1FFE1FFE00
0FFE1FFE00
0FFE1FFC00
0FFE0FFC00
0FFC0FFC00
07FC0FFC00
07FC0FF800
07F807F800
07F807F800
03F807F800
ENDCHAR
STARTCHAR Wacute
ENCODING 7810
SWIDTH 869 0
DWIDTH 43 0
BBX 42 46 1 0
BITMAP
000003FC0000
000007F80000
000007F80000
00000FF00000
00001FE00000
00001FC00000
00003F800000
00007F000000
000000000000
000000000000
FF007F007FC0
FF007F807F80
FF00FF807F80
FF80FF807F80
FF80FF80FF80
7F80FF80FF80
7F80FFC0FF00
7F81FFC0FF00
7FC1FFC0FF00
3FC1FFC0FF00
3FC1FFE1FF00
3FC3FFE1FE00
3FC3FFE1FE00
3FC3FFE1FE00
1FE3FFE1FE00
1FE3FFF1FE00
1FE7F7F3FC00
1FE7F7F3FC00
1FE7F7F3FC00
0FF7F3FBFC00
0FF7F3FBFC00
0FFFE3FFF800
0FFFE3FFF800
0FFFE3FFF800
07FFE1FFF800
07FFC1FFF000
07FFC1FFF000
07FFC1FFF000
03FFC0FFF000
03FF80FFF000
03FF80FFE000
03FF80FFE000
03FF807FE000
01FF807FE000
01FF007FE000
01FF007FC000
ENDCHAR
STARTCHAR wacute
ENCODING 7811
SWIDTH 726 0
DWIDTH 36 0
BBX 35 38 1 0
BITMAP
00003FC000
00007F8000
00007F8000
0000FF0000
0001FE0000
0001FC0000
0003F80000
0007F00000
0000000000
0000000000
0000000000
0000000000
FF03F01FE0
FF03F01FC0
FF03F83FC0
FF07F83FC0
7F07F83FC0
7F07F83F80
7F8FFC3F80
7F8FFC7F80
3F8FFC7F80
3F8FFE7F00
3F9FFE7F00
3F9FFE7F00
1FDFBE7F00
1FDF3FFE00
1FFF3FFE00
1FFF1FFE00
1FFE1FFE00
0FFE1FFE00
0FFE1FFC00
0FFE0FFC00
0FFC0FFC00
07FC0FFC00
07FC0FF800
07F807F800
07F807F800
03F807F800
ENDCHAR
STARTCHAR Wdieresis
ENCODING 7812
SWIDTH 869 0
DWIDTH 43 0
BBX 42 46 1 0
BITMAP
000000200000
001F80F80000
001F81FC0000
003FC1FC0000
003FC1FC0000
001F80FC0000
000F00780000
000000000000
000000000000
000000000000
FF007F007FC0
FF007F807F80
FF00FF807F80
FF80FF807F80
FF80FF80FF80
7F80FF80FF80
7F80FFC0FF00
7F81FFC0FF00
7FC1FFC0FF00
3FC1FFC0FF00
3FC1FFE1FF00
3FC3FFE1FE00
3FC3FFE1FE00
3FC3FFE1FE00
1FE3FFE1FE00
1FE3FFF1FE00
1FE7F7F3FC00
1FE7F7F3FC00
1FE7F7F3FC00
0FF7F3FBFC00
0FF7F3FBFC00
0FFFE3FFF800
0FFFE3FFF800
0FFFE3FFF800
07FFE1FFF800
07FFC1FFF000
07FFC1FFF000
07FFC1FFF000
03FFC0FFF000
03FF80FFF000
03FF80FFE000
03FF80FFE000
03FF807FE000
01FF807FE000
01FF007FE000
01FF007FC000
ENDCHAR
STARTCHAR wdieresis
ENCODING 7813
SWIDTH 726 0
DWIDTH 36 0
BBX 35 37 1 0
BITMAP
0000010000
00FC07C000
00FC0FE000
01FE0FE000
01FE0FE000
00FC07E000
007803C000
0000000000
0000000000
0000000000
0000000000
FF03F01FE0
FF03F01FC0
FF03F83FC0
FF07F83FC0
7F07F83FC0
7F07F83F80
7F8FFC3F80
7F8FFC7F80
3F8FFC7F80
3F8FFE7F00
3F9FFE7F00
3F9FFE7F00
1FDFBE7F00
1FDF3FFE00
1FFF3FFE00
1FFF1FFE00
1FFE1FFE00
0FFE1FFE00
0FFE1FFC00
0FFE0FFC00
0FFC0FFC00
07FC0FFC00
07FC0FF800
07F807F800
07F807F800
03F807F800
ENDCHAR
STARTCHAR uni1EA0
ENCODING 7840
SWIDTH 681 0
DWIDTH 34 0
BBX 34 46 0 -10
BITMAP
0007F80000
000FFC0000
000FFC0000
000FFC0000
001FFE0000
001FFE0000
001FFE0000
003FFF0000
003FFF0000
003FFF8000
007FFF8000
007FFF8000
00FF3FC000
00FF3FC000
00FF3FC000
01FE1FE000
01FE1FE000
01FE1FE000
03FC0FF000
03FC0FF000
03FC0FF800
07FC07F800
07FFFFF800
0FFFFFFC00
0FFFFFFC00
0FFFFFFC00
1FFFFFFE00
1FFFFFFE00
1FFFFFFE00
3FE001FF00
3FE001FF00
3FC000FF80
7FC000FF80
7FC000FF80
FFC000FFC0
FF80007FC0
0000000000
0000000000
0000000000
0001F00000
0003F80000
0007FC0000
0007FC0000
0007FC0000
0007F80000
0003F00000
ENDCHAR
STARTCHAR uni1EA1
ENCODING 7841
SWIDTH 531 0
DWIDTH 27 0
BBX 24 36 1 -10
BITMAP
00FF00
07FFE0
0FFFF0
1FFFF8
3FFFFC
7FFFFE
7FC3FE
7F81FE
7F81FE
0001FE
01FFFE
0FFFFE
1FFFFE
3FFFFE
7FE1FE
7F81FE
FF81FE
FF01FE
FF01FE
FF83FE
FFFFFE
7FFFFE
7FFFFE
3FFFFF
0FFCFF
03F0FF
000000
000000
000000
00F800
01FC00
03FE00
03FE00
03FE00
03FC00
01F800
ENDCHAR
STARTCHAR uni1EA2
ENCODING 7842
SWIDTH 681 0
DWIDTH 34 0
BBX 34 49 0 0
BITMAP
0007E00000
0007F80000
0007FE0000
0007FE0000
0000FF0000
0000FF0000
0000FE0000
0007FC0000
0007F00000
0003F00000
0000000000
0000000000
0000000000
0007F80000
000FFC0000
000FFC0000
000FFC0000
001FFE0000
001FFE0000
001FFE0000
003FFF0000
003FFF0000
003FFF8000
007FFF8000
007FFF8000
00FF3FC000
00FF3FC000
00FF3FC000
01FE1FE000
01FE1FE000
01FE1FE000
03FC0FF000
03FC0FF000
03FC0FF800
07FC07F800
07FFFFF800
0FFFFFFC00
0FFFFFFC00
0FFFFFFC00
1FFFFFFE00
1FFFFFFE00
1FFFFFFE00
3FE001FF00
3FE001FF00
3FC000FF80
7FC000FF80
7FC000FF80
FFC000FFC0
FF80007FC0
ENDCHAR
STARTCHAR uni1EA3
ENCODING 7843
SWIDTH 531 0
DWIDTH 27 0
BBX 24 40 1 0
BITMAP
00FC00
00FF00
00FFC0
00FFC0
001FE0
001FE0
001FC0
00FF80
00FE00
007E00
000000
000000
000000
000000
00FF00
07FFE0
0FFFF0
1FFFF8
3FFFFC
7FFFFE
7FC3FE
7F81FE
7F81FE
0001FE
01FFFE
0FFFFE
1FFFFE
3FFFFE
7FE1FE
7F81FE
FF81FE
FF01FE
FF01FE
FF83FE
FFFFFE
7FFFFE
7FFFFE
3FFFFF
0FFCFF
03F0FF
ENDCHAR
STARTCHAR uni1EA4
ENCODING 7844
SWIDTH 681 0
DWIDTH 34 0
BBX 34 48 0 0
BITMAP
0000000FC0
0000000F80
0000001F00
0000003F00
0000003E00
0001F07C00
0007F87800
000FFE0000
003F1F0000
007C0F8000
0000000000
0000000000
0007F80000
000FFC0000
000FFC0000
000FFC0000
001FFE0000
001FFE0000
001FFE0000
003FFF0000
003FFF0000
003FFF8000
007FFF8000
007FFF8000
00FF3FC000
00FF3FC000
00FF3FC000
01FE1FE000
01FE1FE000
01FE1FE000
03FC0FF000
03FC0FF000
03FC0FF800
07FC07F800
07FFFFF800
0FFFFFFC00
0FFFFFFC00
0FFFFFFC00
1FFFFFFE00
1FFFFFFE00
1FFFFFFE00
3FE001FF00
3FE001FF00
3FC000FF80
7FC000FF80
7FC000FF80
FFC000FFC0
FF80007FC0
ENDCHAR
STARTCHAR uni1EA5
ENCODING 7845
SWIDTH 531 0
DWIDTH 27 0
BBX 29 39 1 0
BITMAP
000001F8
000001F0
000003E0
000007E0
000007C0
003E0F80
00FF0F00
01FFC000
07E3E000
0F81F000
00000000
00000000
00000000
00FF0000
07FFE000
0FFFF000
1FFFF800
3FFFFC00
7FFFFE00
7FC3FE00
7F81FE00
7F81FE00
0001FE00
01FFFE00
0FFFFE00
1FFFFE00
3FFFFE00
7FE1FE00
7F81FE00
FF81FE00
FF01FE00
FF01FE00
FF83FE00
FFFFFE00
7FFFFE00
7FFFFE00
3FFFFF00
0FFCFF00
03F0FF00
ENDCHAR
STARTCHAR uni1EA6
ENCODING 7846
SWIDTH 681 0
DWIDTH 34 0
BBX 34 48 0 0
BITMAP
7C00000000
7E00000000
3F00000000
1F00000000
0F80000000
0781F00000
03C7FC0000
000FBE0000
001F1F0000
007E0FC000
0000000000
0000000000
0007F80000
000FFC0000
000FFC0000
000FFC0000
001FFE0000
001FFE0000
001FFE0000
003FFF0000
003FFF0000
003FFF8000
007FFF8000
007FFF8000
00FF3FC000
00FF3FC000
00FF3FC000
01FE1FE000
01FE1FE000
01FE1FE000
03FC0FF000
03FC0FF000
03FC0FF800
07FC07F800
07FFFFF800
0FFFFFFC00
0FFFFFFC00
0FFFFFFC00
1FFFFFFE00
1FFFFFFE00
1FFFFFFE00
3FE001FF00
3FE001FF00
3FC000FF80
7FC000FF80
7FC000FF80
FFC000FFC0
FF80007FC0
ENDCHAR
STARTCHAR uni1EA7
ENCODING 7847
SWIDTH 531 0
DWIDTH 27 0
BBX 28 39 -3 0
BITMAP
F8000000
FC000000
7E000000
3E000000
1F000000
0F03E000
078FF800
001F7C00
003E3E00
00FC1F80
00000000
00000000
00000000
000FF000
007FFE00
00FFFF00
01FFFF80
03FFFFC0
07FFFFE0
07FC3FE0
07F81FE0
07F81FE0
00001FE0
001FFFE0
00FFFFE0
01FFFFE0
03FFFFE0
07FE1FE0
07F81FE0
0FF81FE0
0FF01FE0
0FF01FE0
0FF83FE0
0FFFFFE0
07FFFFE0
07FFFFE0
03FFFFF0
00FFCFF0
003F0FF0
ENDCHAR
STARTCHAR uni1EA8
ENCODING 7848
SWIDTH 681 0
DWIDTH 34 0
BBX 34 49 0 0
BITMAP
000000F000
000000FC00
000000FE00
0000003E00
0000003E00
000000FE00
0001F0F800
0007F8F000
000FBE0000
001F1F0000
007E0FC000
0000000000
0000000000
0007F80000
000FFC0000
000FFC0000
000FFC0000
001FFE0000
001FFE0000
001FFE0000
003FFF0000
003FFF0000
003FFF8000
007FFF8000
007FFF8000
00FF3FC000
00FF3FC000
00FF3FC000
01FE1FE000
01FE1FE000
01FE1FE000
03FC0FF000
03FC0FF000
03FC0FF800
07FC07F800
07FFFFF800
0FFFFFFC00
0FFFFFFC00
0FFFFFFC00
1FFFFFFE00
1FFFFFFE00
1FFFFFFE00
3FE001FF00
3FE001FF00
3FC000FF80
7FC000FF80
7FC000FF80
FFC000FFC0
FF80007FC0
ENDCHAR
STARTCHAR uni1EA9
ENCODING 7849
SWIDTH 531 0
DWIDTH 27 0
BBX 26 40 1 0
BITMAP
00001E00
00001F80
00001FC0
000007C0
000007C0
00001FC0
003E1F00
00FF1E00
01F7C000
03E3E000
0FC1F800
00000000
00000000
00000000
00FF0000
07FFE000
0FFFF000
1FFFF800
3FFFFC00
7FFFFE00
7FC3FE00
7F81FE00
7F81FE00
0001FE00
01FFFE00
0FFFFE00
1FFFFE00
3FFFFE00
7FE1FE00
7F81FE00
FF81FE00
FF01FE00
FF01FE00
FF83FE00
FFFFFE00
7FFFFE00
7FFFFE00
3FFFFF00
0FFCFF00
03F0FF00
ENDCHAR
STARTCHAR uni1EAA
ENCODING 7850
SWIDTH 681 0
DWIDTH 34 0
BBX 34 47 0 0
BITMAP
0007C70000
000FFF0000
000FFE0000
00061C0000
0000000000
0001F00000
0007FC0000
000FBE0000
001F1F0000
007E0FC000
0000000000
0007F80000
000FFC0000
000FFC0000
000FFC0000
001FFE0000
001FFE0000
001FFE0000
003FFF0000
003FFF0000
003FFF8000
007FFF8000
007FFF8000
00FF3FC000
00FF3FC000
00FF3FC000
01FE1FE000
01FE1FE000
01FE1FE000
03FC0FF000
03FC0FF000
03FC0FF800
07FC07F800
07FFFFF800
0FFFFFFC00
0FFFFFFC00
0FFFFFFC00
1FFFFFFE00
1FFFFFFE00
1FFFFFFE00
3FE001FF00
3FE001FF00
3FC000FF80
7FC000FF80
7FC000FF80
FFC000FFC0
FF80007FC0
ENDCHAR
STARTCHAR uni1EAB
ENCODING 7851
SWIDTH 531 0
DWIDTH 27 0
BBX 24 38 1 0
BITMAP
00F8E0
01FFE0
01FFC0
00C380
000000
003E00
00FF80
01F7C0
03E3E0
0FC1F8
000000
000000
00FF00
07FFE0
0FFFF0
1FFFF8
3FFFFC
7FFFFE
7FC3FE
7F81FE
7F81FE
0001FE
01FFFE
0FFFFE
1FFFFE
3FFFFE
7FE1FE
7F81FE
FF81FE
FF01FE
FF01FE
FF83FE
FFFFFE
7FFFFE
7FFFFE
3FFFFF
0FFCFF
03F0FF
ENDCHAR
STARTCHAR uni1EAC
ENCODING 7852
SWIDTH 681 0
DWIDTH 34 0
BBX 34 56 0 -10
BITMAP
0003F00000
000FF80000
001FFC0000
003FFE0000
007F7F0000
00FE1FC000
03F80FE000
0000000000
0000000000
0000000000
0007F80000
000FFC0000
000FFC0000
000FFC0000
001FFE0000
001FFE0000
001FFE0000
003FFF0000
003FFF0000
003FFF8000
007FFF8000
007FFF8000
00FF3FC000
00FF3FC000
00FF3FC000
01FE1FE000
01FE1FE000
01FE1FE000
03FC0FF000
03FC0FF000
03FC0FF800
07FC07F800
07FFFFF800
0FFFFFFC00
0FFFFFFC00
0FFFFFFC00
1FFFFFFE00
1FFFFFFE00
1FFFFFFE00
3FE001FF00
3FE001FF00
3FC000FF80
7FC000FF80
7FC000FF80
FFC000FFC0
FF80007FC0
0000000000
0000000000
0000000000
0001F00000
0003F80000
0007FC0000
0007FC0000
0007FC0000
0007F80000
0003F00000
ENDCHAR
STARTCHAR uni1EAD
ENCODING 7853
SWIDTH 531 0
DWIDTH 27 0
BBX 24 47 1 -10
BITMAP
007E00
01FF00
03FF80
07FFC0
0FEFE0
1FC3F8
7F01FC
000000
000000
000000
000000
00FF00
07FFE0
0FFFF0
1FFFF8
3FFFFC
7FFFFE
7FC3FE
7F81FE
7F81FE
0001FE
01FFFE
0FFFFE
1FFFFE
3FFFFE
7FE1FE
7F81FE
FF81FE
FF01FE
FF01FE
FF83FE
FFFFFE
7FFFFE
7FFFFE
3FFFFF
0FFCFF
03F0FF
000000
000000
000000
00F800
01FC00
03FE00
03FE00
03FE00
03FC00
01F800
ENDCHAR
STARTCHAR uni1EAE
ENCODING 7854
SWIDTH 681 0
DWIDTH 34 0
BBX 34 49 0 0
BITMAP
00003E0000
00007C0000
00007C0000
0000F80000
0001F00000
00F807C000
00FC07C000
007E1FC000
003FFF8000
001FFF0000
0007F80000
0000000000
0000000000
0007F80000
000FFC0000
000FFC0000
000FFC0000
001FFE0000
001FFE0000
001FFE0000
003FFF0000
003FFF0000
003FFF8000
007FFF8000
007FFF8000
00FF3FC000
00FF3FC000
00FF3FC000
01FE1FE000
01FE1FE000
01FE1FE000
03FC0FF000
03FC0FF000
03FC0FF800
07FC07F800
07FFFFF800
0FFFFFFC00
0FFFFFFC00
0FFFFFFC00
1FFFFFFE00
1FFFFFFE00
1FFFFFFE00
3FE001FF00
3FE001FF00
3FC000FF80
7FC000FF80
7FC000FF80
FFC000FFC0
FF80007FC0
ENDCHAR
STARTCHAR uni1EAF
ENCODING 7855
SWIDTH 531 0
DWIDTH 27 0
BBX 24 40 1 0
BITMAP
0007C0
000F80
000F80
001F00
003E00
1F00F8
1F80F8
0FC3F8
07FFF0
03FFE0
00FF00
000000
000000
000000
00FF00
07FFE0
0FFFF0
1FFFF8
3FFFFC
7FFFFE
7FC3FE
7F81FE
7F81FE
0001FE
01FFFE
0FFFFE
1FFFFE
3FFFFE
7FE1FE
7F81FE
FF81FE
FF01FE
FF01FE
FF83FE
FFFFFE
7FFFFE
7FFFFE
3FFFFF
0FFCFF
03F0FF
ENDCHAR
STARTCHAR uni1EB0
ENCODING 7856
SWIDTH 681 0
DWIDTH 34 0
BBX 34 48 0 0
BITMAP
001F800000
000FC00000
0007C00000
0003E00000
00F9E7C000
00FC07C000
007E1FC000
003FFF8000
001FFF0000
0007F80000
0000000000
0000000000
0007F80000
000FFC0000
000FFC0000
000FFC0000
001FFE0000
001FFE0000
001FFE0000
003FFF0000
003FFF0000
003FFF8000
007FFF8000
007FFF8000
00FF3FC000
00FF3FC000
00FF3FC000
01FE1FE000
01FE1FE000
01FE1FE000
03FC0FF000
03FC0FF000
03FC0FF800
07FC07F800
07FFFFF800
0FFFFFFC00
0FFFFFFC00
0FFFFFFC00
1FFFFFFE00
1FFFFFFE00
1FFFFFFE00
3FE001FF00
3FE001FF00
3FC000FF80
7FC000FF80
7FC000FF80
FFC000FFC0
FF80007FC0
ENDCHAR
STARTCHAR uni1EB1
ENCODING 7857
SWIDTH 531 0
DWIDTH 27 0
BBX 24 39 1 0
BITMAP
03F000
01F800
00F800
007C00
1F3CF8
1F80F8
0FC3F8
07FFF0
03FFE0
00FF00
000000
000000
000000
00FF00
07FFE0
0FFFF0
1FFFF8
3FFFFC
7FFFFE
7FC3FE
7F81FE
7F81FE
0001FE
01FFFE
0FFFFE
1FFFFE
3FFFFE
7FE1FE
7F81FE
FF81FE
FF01FE
FF01FE
FF83FE
FFFFFE
7FFFFE
7FFFFE
3FFFFF
0FFCFF
03F0FF
ENDCHAR
STARTCHAR uni1EB2
ENCODING 7858
SWIDTH 681 0
DWIDTH 34 0
BBX 34 54 0 0
BITMAP
0007C00000
0007F80000
0007FC0000
0000FC0000
0000FC0000
0003FC0000
0007F00000
0003E00000
0000000000
01F807C000
01F80FC000
00FE3F8000
007FFF0000
003FFE0000
000FF80000
0000000000
0000000000
0000000000
0007F80000
000FFC0000
000FFC0000
000FFC0000
001FFE0000
001FFE0000
001FFE0000
003FFF0000
003FFF0000
003FFF8000
007FFF8000
007FFF8000
00FF3FC000
00FF3FC000
00FF3FC000
01FE1FE000
01FE1FE000
01FE1FE000
03FC0FF000
03FC0FF000
03FC0FF800
07FC07F800
07FFFFF800
0FFFFFFC00
0FFFFFFC00
0FFFFFFC00
1FFFFFFE00
1FFFFFFE00
1FFFFFFE00
3FE001FF00
3FE001FF00
3FC000FF80
7FC000FF80
7FC000FF80
FFC000FFC0
FF80007FC0
ENDCHAR
STARTCHAR uni1EB3
ENCODING 7859
SWIDTH 531 0
DWIDTH 27 0
BBX 24 45 1 0
BITMAP
00F800
00FF00
00FF80
001F80
001F80
007F80
00FE00
007C00
000000
3F00F8
3F01F8
1FC7F0
0FFFE0
07FFC0
01FF00
000000
000000
000000
000000
00FF00
07FFE0
0FFFF0
1FFFF8
3FFFFC
7FFFFE
7FC3FE
7F81FE
7F81FE
0001FE
01FFFE
0FFFFE
1FFFFE
3FFFFE
7FE1FE
7F81FE
FF81FE
FF01FE
FF01FE
FF83FE
FFFFFE
7FFFFE
7FFFFE
3FFFFF
0FFCFF
03F0FF
ENDCHAR
STARTCHAR uni1EB4
ENCODING 7860
SWIDTH 681 0
DWIDTH 34 0
BBX 34 53 0 0
BITMAP
000F070000
001FCF0000
003FFF0000
003CFE0000
00383C0000
0000000000
0000000000
0000000000
00F807C000
00FC07C000
007F1FC000
003FFF8000
001FFF0000
0007F80000
0000000000
0000000000
0000000000
0007F80000
000FFC0000
000FFC0000
000FFC0000
001FFE0000
001FFE0000
001FFE0000
003FFF0000
003FFF0000
003FFF8000
007FFF8000
007FFF8000
00FF3FC000
00FF3FC000
00FF3FC000
01FE1FE000
01FE1FE000
01FE1FE000
03FC0FF000
03FC0FF000
03FC0FF800
07FC07F800
07FFFFF800
0FFFFFFC00
0FFFFFFC00
0FFFFFFC00
1FFFFFFE00
1FFFFFFE00
1FFFFFFE00
3FE001FF00
3FE001FF00
3FC000FF80
7FC000FF80
7FC000FF80
FFC000FFC0
FF80007FC0
ENDCHAR
STARTCHAR uni1EB5
ENCODING 7861
SWIDTH 531 0
DWIDTH 27 0
BBX 24 44 1 0
BITMAP
01E0E0
03F9E0
07FFE0
079FC0
070780
000000
000000
000000
1F00F8
1F80F8
0FE3F8
07FFF0
03FFE0
00FF00
000000
000000
000000
000000
00FF00
07FFE0
0FFFF0
1FFFF8
3FFFFC
7FFFFE
7FC3FE
7F81FE
7F81FE
0001FE
01FFFE
0FFFFE
1FFFFE
3FFFFE
7FE1FE
7F81FE
FF81FE
FF01FE
FF01FE
FF83FE
FFFFFE
7FFFFE
7FFFFE
3FFFFF
0FFCFF
03F0FF
ENDCHAR
STARTCHAR uni1EB6
ENCODING 7862
SWIDTH 681 0
DWIDTH 34 0
BBX 34 56 0 -10
BITMAP
00FC07C000
00FC0FC000
007E0FC000
007F3FC000
003FFF8000
003FFF0000
000FFE0000
0003F80000
0000000000
0000000000
0007F80000
000FFC0000
000FFC0000
000FFC0000
001FFE0000
001FFE0000
001FFE0000
003FFF0000
003FFF0000
003FFF8000
007FFF8000
007FFF8000
00FF3FC000
00FF3FC000
00FF3FC000
01FE1FE000
01FE1FE000
01FE1FE000
03FC0FF000
03FC0FF000
03FC0FF800
07FC07F800
07FFFFF800
0FFFFFFC00
0FFFFFFC00
0FFFFFFC00
1FFFFFFE00
1FFFFFFE00
1FFFFFFE00
3FE001FF00
3FE001FF00
3FC000FF80
7FC000FF80
7FC000FF80
FFC000FFC0
FF80007FC0
0000000000
0000000000
0000000000
0001F00000
0003F80000
0007FC0000
0007FC0000
0007FC0000
0007F80000
0003F00000
ENDCHAR
STARTCHAR uni1EB7
ENCODING 7863
SWIDTH 531 0
DWIDTH 27 0
BBX 24 47 1 -10
BITMAP
1F80F8
1F81F8
0FC1F8
0FE7F8
07FFF0
07FFE0
01FFC0
007F00
000000
000000
000000
00FF00
07FFE0
0FFFF0
1FFFF8
3FFFFC
7FFFFE
7FC3FE
7F81FE
7F81FE
0001FE
01FFFE
0FFFFE
1FFFFE
3FFFFE
7FE1FE
7F81FE
FF81FE
FF01FE
FF01FE
FF83FE
FFFFFE
7FFFFE
7FFFFE
3FFFFF
0FFCFF
03F0FF
000000
000000
000000
00F800
01FC00
03FE00
03FE00
03FE00
03FC00
01F800
ENDCHAR
STARTCHAR uni1EB8
ENCODING 7864
SWIDTH 559 0
DWIDTH 28 0
BBX 24 46 3 -10
BITMAP
FFFFFF
FFFFFF
FFFFFF
FFFFFF
FFFFFF
FFFFFF
FFFFFF
FF0000
FF0000
FF0000
FF0000
FF0000
FF0000
FF0000
FF0000
FFFFFC
FFFFFC
FFFFFC
FFFFFC
FFFFFC
FFFFFC
FF0000
FF0000
FF0000
FF0000
FF0000
FF0000
FF0000
FF0000
FFFFFF
FFFFFF
FFFFFF
FFFFFF
FFFFFF
FFFFFF
FFFFFF
000000
000000
000000
003E00
007F00
00FF80
00FF80
00FF80
00FF00
007E00
ENDCHAR
STARTCHAR uni1EB9
ENCODING 7865
SWIDTH 544 0
DWIDTH 27 0
BBX 25 36 1 -10
BITMAP
007F8000
01FFF000
07FFF800
0FFFFC00
1FFFFE00
3FFFFF00
3FF1FF00
7FC07F80
7FC07F80
7F807F80
7FFFFF80
7FFFFF80
FFFFFF80
FFFFFF80
FFFFFF80
7F800000
7F800000
7FC00800
7FE01C00
3FF8FE00
3FFFFF00
1FFFFF00
0FFFFF00
07FFFC00
01FFF800
003FC000
00000000
00000000
00000000
001F0000
003F8000
007FC000
007FC000
007FC000
007F8000
003F0000
ENDCHAR
STARTCHAR uni1EBA
ENCODING 7866
SWIDTH 559 0
DWIDTH 28 0
BBX 24 49 3 0
BITMAP
007E00
007F80
007FE0
007FE0
000FF0
000FF0
000FE0
007FC0
007F00
003F00
000000
000000
000000
FFFFFF
FFFFFF
FFFFFF
FFFFFF
FFFFFF
FFFFFF
FFFFFF
FF0000
FF0000
FF0000
FF0000
FF0000
FF0000
FF0000
FF0000
FFFFFC
FFFFFC
FFFFFC
FFFFFC
FFFFFC
FFFFFC
FF0000
FF0000
FF0000
FF0000
FF0000
FF0000
FF0000
FF0000
FFFFFF
FFFFFF
FFFFFF
FFFFFF
FFFFFF
FFFFFF
FFFFFF
ENDCHAR
STARTCHAR uni1EBB
ENCODING 7867
SWIDTH 544 0
DWIDTH 27 0
BBX 25 40 1 0
BITMAP
00FC0000
00FF0000
00FFC000
00FFC000
001FE000
001FE000
001FC000
00FF8000
00FE0000
007E0000
00000000
00000000
00000000
00000000
007F8000
01FFF000
07FFF800
0FFFFC00
1FFFFE00
3FFFFF00
3FF1FF00
7FC07F80
7FC07F80
7F807F80
7FFFFF80
7FFFFF80
FFFFFF80
FFFFFF80
FFFFFF80
7F800000
7F800000
7FC00800
7FE01C00
3FF8FE00
3FFFFF00
1FFFFF00
0FFFFF00
07FFFC00
01FFF800
003FC000
ENDCHAR
STARTCHAR uni1EBC
ENCODING 7868
SWIDTH 559 0
DWIDTH 28 0
BBX 24 46 3 0
BITMAP
01F03E
03FC3C
07FFFC
0FFFFC
0FFFF8
0F87F0
0F01E0
000000
000000
000000
FFFFFF
FFFFFF
FFFFFF
FFFFFF
FFFFFF
FFFFFF
FFFFFF
FF0000
FF0000
FF0000
FF0000
FF0000
FF0000
FF0000
FF0000
FFFFFC
FFFFFC
FFFFFC
FFFFFC
FFFFFC
FFFFFC
FF0000
FF0000
FF0000
FF0000
FF0000
FF0000
FF0000
FF0000
FFFFFF
FFFFFF
FFFFFF
FFFFFF
FFFFFF
FFFFFF
FFFFFF
ENDCHAR
STARTCHAR uni1EBD
ENCODING 7869
SWIDTH 544 0
DWIDTH 27 0
BBX 25 37 1 0
BITMAP
03E07C00
07F87800
0FFFF800
1FFFF800
1FFFF000
1F0FE000
1E03C000
00000000
00000000
00000000
00000000
007F8000
01FFF000
07FFF800
0FFFFC00
1FFFFE00
3FFFFF00
3FF1FF00
7FC07F80
7FC07F80
7F807F80
7FFFFF80
7FFFFF80
FFFFFF80
FFFFFF80
FFFFFF80
7F800000
7F800000
7FC00800
7FE01C00
3FF8FE00
3FFFFF00
1FFFFF00
0FFFFF00
07FFFC00
01FFF800
003FC000
ENDCHAR
STARTCHAR uni1EBE
ENCODING 7870
SWIDTH 559 0
DWIDTH 28 0
BBX 29 49 3 0
BITMAP
000001F8
000001F0
000003E0
000007E0
000007C0
003E0F80
00FF0F00
01FFC000
07E3E000
0F81F000
00000000
00000000
00000000
FFFFFF00
FFFFFF00
FFFFFF00
FFFFFF00
FFFFFF00
FFFFFF00
FFFFFF00
FF000000
FF000000
FF000000
FF000000
FF000000
FF000000
FF000000
FF000000
FFFFFC00
FFFFFC00
FFFFFC00
FFFFFC00
FFFFFC00
FFFFFC00
FF000000
FF000000
FF000000
FF000000
FF000000
FF000000
FF000000
FF000000
FFFFFF00
FFFFFF00
FFFFFF00
FFFFFF00
FFFFFF00
FFFFFF00
FFFFFF00
ENDCHAR
STARTCHAR uni1EBF
ENCODING 7871
SWIDTH 544 0
DWIDTH 27 0
BBX 29 39 1 0
BITMAP
000001F8
000001F0
000003E0
000007E0
000007C0
003E0F80
00FF0F00
01FFC000
07E3E000
0F81F000
00000000
00000000
00000000
007F8000
01FFF000
07FFF800
0FFFFC00
1FFFFE00
3FFFFF00
3FF1FF00
7FC07F80
7FC07F80
7F807F80
7FFFFF80
7FFFFF80
FFFFFF80
FFFFFF80
FFFFFF80
7F800000
7F800000
7FC00800
7FE01C00
3FF8FE00
3FFFFF00
1FFFFF00
0FFFFF00
07FFFC00
01FFF800
003FC000
ENDCHAR
STARTCHAR uni1EC0
ENCODING 7872
SWIDTH 559 0
DWIDTH 28 0
BBX 28 49 -1 0
BITMAP
F8000000
FC000000
7E000000
3E000000
1F000000
0F03E000
078FF800
001F7C00
003E3E00
00FC1F80
00000000
00000000
00000000
0FFFFFF0
0FFFFFF0
0FFFFFF0
0FFFFFF0
0FFFFFF0
0FFFFFF0
0FFFFFF0
0FF00000
0FF00000
0FF00000
0FF00000
0FF00000
0FF00000
0FF00000
0FF00000
0FFFFFC0
0FFFFFC0
0FFFFFC0
0FFFFFC0
0FFFFFC0
0FFFFFC0
0FF00000
0FF00000
0FF00000
0FF00000
0FF00000
0FF00000
0FF00000
0FF00000
0FFFFFF0
0FFFFFF0
0FFFFFF0
0FFFFFF0
0FFFFFF0
0FFFFFF0
0FFFFFF0
ENDCHAR
STARTCHAR uni1EC1
ENCODING 7873
SWIDTH 544 0
DWIDTH 27 0
BBX 29 39 -3 0
BITMAP
F8000000
FC000000
7E000000
3E000000
1F000000
0F03E000
078FF800
001F7C00
003E3E00
00FC1F80
00000000
00000000
00000000
0007F800
001FFF00
007FFF80
00FFFFC0
01FFFFE0
03FFFFF0
03FF1FF0
07FC07F8
07FC07F8
07F807F8
07FFFFF8
07FFFFF8
0FFFFFF8
0FFFFFF8
0FFFFFF8
07F80000
07F80000
07FC0080
07FE01C0
03FF8FE0
03FFFFF0
01FFFFF0
00FFFFF0
007FFFC0
001FFF80
0003FC00
ENDCHAR
STARTCHAR uni1EC2
ENCODING 7874
SWIDTH 559 0
DWIDTH 28 0
BBX 26 49 3 0
BITMAP
00001E00
00001F80
00001FC0
000007C0
000007C0
00001FC0
003E1F00
00FF1E00
01F7C000
03E3E000
0FC1F800
00000000
00000000
FFFFFF00
FFFFFF00
FFFFFF00
FFFFFF00
FFFFFF00
FFFFFF00
FFFFFF00
FF000000
FF000000
FF000000
FF000000
FF000000
FF000000
FF000000
FF000000
FFFFFC00
FFFFFC00
FFFFFC00
FFFFFC00
FFFFFC00
FFFFFC00
FF000000
FF000000
FF000000
FF000000
FF000000
FF000000
FF000000
FF000000
FFFFFF00
FFFFFF00
FFFFFF00
FFFFFF00
FFFFFF00
FFFFFF00
FFFFFF00
ENDCHAR
STARTCHAR uni1EC3
ENCODING 7875
SWIDTH 544 0
DWIDTH 27 0
BBX 26 40 1 0
BITMAP
00001E00
00001F80
00001FC0
000007C0
000007C0
00001FC0
003E1F00
00FF1E00
01F7C000
03E3E000
0FC1F800
00000000
00000000
00000000
007F8000
01FFF000
07FFF800
0FFFFC00
1FFFFE00
3FFFFF00
3FF1FF00
7FC07F80
7FC07F80
7F807F80
7FFFFF80
7FFFFF80
FFFFFF80
FFFFFF80
FFFFFF80
7F800000
7F800000
7FC00800
7FE01C00
3FF8FE00
3FFFFF00
1FFFFF00
0FFFFF00
07FFFC00
01FFF800
003FC000
ENDCHAR
STARTCHAR uni1EC4
ENCODING 7876
SWIDTH 559 0
DWIDTH 28 0
BBX 24 48 3 0
BITMAP
00F8E0
01FFE0
01FFC0
00C380
000000
003E00
00FF80
01F7C0
03E3E0
0FC1F8
000000
000000
FFFFFF
FFFFFF
FFFFFF
FFFFFF
FFFFFF
FFFFFF
FFFFFF
FF0000
FF0000
FF0000
FF0000
FF0000
FF0000
FF0000
FF0000
FFFFFC
FFFFFC
FFFFFC
FFFFFC
FFFFFC
FFFFFC
FF0000
FF0000
FF0000
FF0000
FF0000
FF0000
FF0000
FF0000
FFFFFF
FFFFFF
FFFFFF
FFFFFF
FFFFFF
FFFFFF
FFFFFF
ENDCHAR
STARTCHAR uni1EC5
ENCODING 7877
SWIDTH 544 0
DWIDTH 27 0
BBX 25 38 1 0
BITMAP
00F8E000
01FFE000
01FFC000
00C38000
00000000
003E0000
00FF8000
01F7C000
03E3E000
0FC1F800
00000000
00000000
007F8000
01FFF000
07FFF800
0FFFFC00
1FFFFE00
3FFFFF00
3FF1FF00
7FC07F80
7FC07F80
7F807F80
7FFFFF80
7FFFFF80
FFFFFF80
FFFFFF80
FFFFFF80
7F800000
7F800000
7FC00800
7FE01C00
3FF8FE00
3FFFFF00
1FFFFF00
0FFFFF00
07FFFC00
01FFF800
003FC000
ENDCHAR
STARTCHAR uni1EC6
ENCODING 7878
SWIDTH 559 0
DWIDTH 28 0
BBX 24 56 3 -10
BITMAP
003F00
00FF80
01FFC0
03FFE0
07F7F0
0FE1FC
3F80FE
000000
000000
000000
FFFFFF
FFFFFF
FFFFFF
FFFFFF
FFFFFF
FFFFFF
FFFFFF
FF0000
FF0000
FF0000
FF0000
FF0000
FF0000
FF0000
FF0000
FFFFFC
FFFFFC
FFFFFC
FFFFFC
FFFFFC
FFFFFC
FF0000
FF0000
FF0000
FF0000
FF0000
FF0000
FF0000
FF0000
FFFFFF
FFFFFF
FFFFFF
FFFFFF
FFFFFF
FFFFFF
FFFFFF
000000
000000
000000
003E00
007F00
00FF80
00FF80
00FF80
00FF00
007E00
ENDCHAR
STARTCHAR uni1EC7
ENCODING 7879
SWIDTH 544 0
DWIDTH 27 0
BBX 25 47 1 -10
BITMAP
007E0000
01FF0000
03FF8000
07FFC000
0FEFE000
1FC3F800
7F01FC00
00000000
00000000
00000000
00000000
007F8000
01FFF000
07FFF800
0FFFFC00
1FFFFE00
3FFFFF00
3FF1FF00
7FC07F80
7FC07F80
7F807F80
7FFFFF80
7FFFFF80
FFFFFF80
FFFFFF80
FFFFFF80
7F800000
7F800000
7FC00800
7FE01C00
3FF8FE00
3FFFFF00
1FFFFF00
0FFFFF00
07FFFC00
01FFF800
003FC000
00000000
00000000
00000000
001F0000
003F8000
007FC000
007FC000
007FC000
007F8000
003F0000
ENDCHAR
STARTCHAR uni1EC8
ENCODING 7880
SWIDTH 302 0
DWIDTH 15 0
BBX 12 49 3 0
BITMAP
7E00
7F80
7FE0
7FE0
0FF0
0FF0
0FE0
7FC0
7F00
3F00
0000
0000
0000
FF80
FF80
FF80
FF80
FF80
FF80
FF80
FF80
FF80
FF80
FF80
FF80
FF80
FF80
FF80
FF80
FF80
FF80
FF80
FF80
FF80
FF80
FF80
FF80
FF80
FF80
FF80
FF80
FF80
FF80
FF80
FF80
FF80
FF80
FF80
FF80
ENDCHAR
STARTCHAR uni1EC9
ENCODING 7881
SWIDTH 285 0
DWIDTH 14 0
BBX 11 40 3 0
BITMAP
FC00
FF00
FFC0
FFC0
1FE0
1FE0
1FC0
FF80
FE00
7E00
0000
0000
0000
0000
FF00
FF00
FF00
FF00
FF00
FF00
FF00
FF00
FF00
FF00
FF00
FF00
FF00
FF00
FF00
FF00
FF00
FF00
FF00
FF00
FF00
FF00
FF00
FF00
FF00
FF00
ENDCHAR
STARTCHAR uni1ECA
ENCODING 7882
SWIDTH 302 0
DWIDTH 15 0
BBX 9 46 3 -10
BITMAP
FF80
FF80
FF80
FF80
FF80
FF80
FF80
FF80
FF80
FF80
FF80
FF80
FF80
FF80
FF80
FF80
FF80
FF80
FF80
FF80
FF80
FF80
FF80
FF80
FF80
FF80
FF80
FF80
FF80
FF80
FF80
FF80
FF80
FF80
FF80
FF80
0000
0000
0000
3E00
7F00
FF80
FF80
FF80
FF00
7E00
ENDCHAR
STARTCHAR uni1ECB
ENCODING 7883
SWIDTH 274 0
DWIDTH 14 0
BBX 9 47 2 -10
BITMAP
3E00
7F80
7F80
FF80
FF80
7F80
7F00
3E00
0000
0000
0000
7F80
7F80
7F80
7F80
7F80
7F80
7F80
7F80
7F80
7F80
7F80
7F80
7F80
7F80
7F80
7F80
7F80
7F80
7F80
7F80
7F80
7F80
7F80
7F80
7F80
7F80
0000
0000
0000
3E00
7F00
FF80
FF80
FF80
FF00
7E00
ENDCHAR
STARTCHAR uni1ECC
ENCODING 7884
SWIDTH 690 0
DWIDTH 35 0
BBX 31 46 2 -10
BITMAP
001FE000
00FFFC00
03FFFF00
07FFFF80
0FFFFFC0
1FFFFFE0
1FFFFFF0
3FF03FF8
7FE00FF8
7FC00FF8
7FC007FC
FF8007FC
FF8003FC
FF8003FE
FF8003FE
FF0003FE
FF0003FE
FF0003FE
FF0003FE
FF0003FE
FF0003FE
FF8003FE
FF8003FC
FF8003FC
FF8007FC
7FC007FC
7FC00FF8
7FE00FF8
3FF03FF0
1FFFFFF0
1FFFFFE0
0FFFFFC0
07FFFF80
01FFFF00
00FFFC00
001FE000
00000000
00000000
00000000
0007C000
000FE000
001FF000
001FF000
001FF000
001FE000
000FC000
ENDCHAR
STARTCHAR uni1ECD
ENCODING 7885
SWIDTH 562 0
DWIDTH 28 0
BBX 26 36 1 -10
BITMAP
007F8000
03FFF000
07FFF800
0FFFFC00
1FFFFE00
3FFFFF00
3FF3FF00
7FC0FF80
7F807F80
7F807F80
FF807FC0
FF807FC0
FF803FC0
FF803FC0
FF803FC0
FF807FC0
7F807F80
7F807F80
7FC0FF80
3FF3FF00
3FFFFF00
1FFFFE00
0FFFFC00
07FFF800
03FFF000
007F8000
00000000
00000000
00000000
001F0000
003F8000
007FC000
007FC000
007FC000
007F8000
003F0000
ENDCHAR
STARTCHAR uni1ECE
ENCODING 7886
SWIDTH 690 0
DWIDTH 35 0
BBX 31 48 2 0
BITMAP
001F8000
001FE000
001FF800
001FF800
0003FC00
0003FC00
0003F800
001FF000
001FC000
000FC000
00000000
00000000
001FE000
00FFFC00
03FFFF00
07FFFF80
0FFFFFC0
1FFFFFE0
1FFFFFF0
3FF03FF8
7FE00FF8
7FC00FF8
7FC007FC
FF8007FC
FF8003FC
FF8003FE
FF8003FE
FF0003FE
FF0003FE
FF0003FE
FF0003FE
FF0003FE
FF0003FE
FF8003FE
FF8003FC
FF8003FC
FF8007FC
7FC007FC
7FC00FF8
7FE00FF8
3FF03FF0
1FFFFFF0
1FFFFFE0
0FFFFFC0
07FFFF80
01FFFF00
00FFFC00
001FE000
ENDCHAR
STARTCHAR uni1ECF
ENCODING 7887
SWIDTH 562 0
DWIDTH 28 0
BBX 26 40 1 0
BITMAP
007E0000
007F8000
007FE000
007FE000
000FF000
000FF000
000FE000
007FC000
007F0000
003F0000
00000000
00000000
00000000
00000000
007F8000
03FFF000
07FFF800
0FFFFC00
1FFFFE00
3FFFFF00
3FF3FF00
7FC0FF80
7F807F80
7F807F80
FF807FC0
FF807FC0
FF803FC0
FF803FC0
FF803FC0
FF807FC0
7F807F80
7F807F80
7FC0FF80
3FF3FF00
3FFFFF00
1FFFFE00
0FFFFC00
07FFF800
03FFF000
007F8000
ENDCHAR
STARTCHAR uni1ED0
ENCODING 7888
SWIDTH 690 0
DWIDTH 35 0
BBX 32 48 2 0
BITMAP
0000003F
0000003E
0000007C
000000FC
000000F8
0007C1F0
001FE1E0
003FF800
00FC7C00
01F03E00
00000000
00000000
001FE000
00FFFC00
03FFFF00
07FFFF80
0FFFFFC0
1FFFFFE0
1FFFFFF0
3FF03FF8
7FE00FF8
7FC00FF8
7FC007FC
FF8007FC
FF8003FC
FF8003FE
FF8003FE
FF0003FE
FF0003FE
FF0003FE
FF0003FE
FF0003FE
FF0003FE
FF8003FE
FF8003FC
FF8003FC
FF8007FC
7FC007FC
7FC00FF8
7FE00FF8
3FF03FF0
1FFFFFF0
1FFFFFE0
0FFFFFC0
07FFFF80
01FFFF00
00FFFC00
001FE000
ENDCHAR
STARTCHAR uni1ED1
ENCODING 7889
SWIDTH 562 0
DWIDTH 28 0
BBX 30 39 1 0
BITMAP
000000FC
000000F8
000001F0
000003F0
000003E0
001F07C0
007F8780
00FFE000
03F1F000
07C0F800
00000000
00000000
00000000
007F8000
03FFF000
07FFF800
0FFFFC00
1FFFFE00
3FFFFF00
3FF3FF00
7FC0FF80
7F807F80
7F807F80
FF807FC0
FF807FC0
FF803FC0
FF803FC0
FF803FC0
FF807FC0
7F807F80
7F807F80
7FC0FF80
3FF3FF00
3FFFFF00
1FFFFE00
0FFFFC00
07FFF800
03FFF000
007F8000
ENDCHAR
STARTCHAR uni1ED2
ENCODING 7890
SWIDTH 690 0
DWIDTH 35 0
BBX 32 48 1 0
BITMAP
F8000000
FC000000
7E000000
3E000000
1F000000
0F03E000
078FF800
001F7C00
003E3E00
00FC1F80
00000000
00000000
000FF000
007FFE00
01FFFF80
03FFFFC0
07FFFFE0
0FFFFFF0
0FFFFFF8
1FF81FFC
3FF007FC
3FE007FC
3FE003FE
7FC003FE
7FC001FE
7FC001FF
7FC001FF
7F8001FF
7F8001FF
7F8001FF
7F8001FF
7F8001FF
7F8001FF
7FC001FF
7FC001FE
7FC001FE
7FC003FE
3FE003FE
3FE007FC
3FF007FC
1FF81FF8
0FFFFFF8
0FFFFFF0
07FFFFE0
03FFFFC0
00FFFF80
007FFE00
000FF000
ENDCHAR
STARTCHAR uni1ED3
ENCODING 7891
SWIDTH 562 0
DWIDTH 28 0
BBX 29 39 -2 0
BITMAP
F8000000
FC000000
7E000000
3E000000
1F000000
0F03E000
078FF800
001F7C00
003E3E00
00FC1F80
00000000
00000000
00000000
000FF000
007FFE00
00FFFF00
01FFFF80
03FFFFC0
07FFFFE0
07FE7FE0
0FF81FF0
0FF00FF0
0FF00FF0
1FF00FF8
1FF00FF8
1FF007F8
1FF007F8
1FF007F8
1FF00FF8
0FF00FF0
0FF00FF0
0FF81FF0
07FE7FE0
07FFFFE0
03FFFFC0
01FFFF80
00FFFF00
007FFE00
000FF000
ENDCHAR
STARTCHAR uni1ED4
ENCODING 7892
SWIDTH 690 0
DWIDTH 35 0
BBX 31 49 2 0
BITMAP
000003C0
000003F0
000003F8
000000F8
000000F8
000003F8
0007C3E0
001FE3C0
003EF800
007C7C00
01F83F00
00000000
00000000
001FE000
00FFFC00
03FFFF00
07FFFF80
0FFFFFC0
1FFFFFE0
1FFFFFF0
3FF03FF8
7FE00FF8
7FC00FF8
7FC007FC
FF8007FC
FF8003FC
FF8003FE
FF8003FE
FF0003FE
FF0003FE
FF0003FE
FF0003FE
FF0003FE
FF0003FE
FF8003FE
FF8003FC
FF8003FC
FF8007FC
7FC007FC
7FC00FF8
7FE00FF8
3FF03FF0
1FFFFFF0
1FFFFFE0
0FFFFFC0
07FFFF80
01FFFF00
00FFFC00
001FE000
ENDCHAR
STARTCHAR uni1ED5
ENCODING 7893
SWIDTH 562 0
DWIDTH 28 0
BBX 27 40 1 0
BITMAP
00000F00
00000FC0
00000FE0
000003E0
000003E0
00000FE0
001F0F80
007F8F00
00FBE000
01F1F000
07E0FC00
00000000
00000000
00000000
007F8000
03FFF000
07FFF800
0FFFFC00
1FFFFE00
3FFFFF00
3FF3FF00
7FC0FF80
7F807F80
7F807F80
FF807FC0
FF807FC0
FF803FC0
FF803FC0
FF803FC0
FF807FC0
7F807F80
7F807F80
7FC0FF80
3FF3FF00
3FFFFF00
1FFFFE00
0FFFFC00
07FFF800
03FFF000
007F8000
ENDCHAR
STARTCHAR uni1ED6
ENCODING 7894
SWIDTH 690 0
DWIDTH 35 0
BBX 31 47 2 0
BITMAP
001F1C00
003FFC00
003FF800
00187000
00000000
0007C000
001FF000
003EF800
007C7C00
01F83F00
00000000
001FE000
00FFFC00
03FFFF00
07FFFF80
0FFFFFC0
1FFFFFE0
1FFFFFF0
3FF03FF8
7FE00FF8
7FC00FF8
7FC007FC
FF8007FC
FF8003FC
FF8003FE
FF8003FE
FF0003FE
FF0003FE
FF0003FE
FF0003FE
FF0003FE
FF0003FE
FF8003FE
FF8003FC
FF8003FC
FF8007FC
7FC007FC
7FC00FF8
7FE00FF8
3FF03FF0
1FFFFFF0
1FFFFFE0
0FFFFFC0
07FFFF80
01FFFF00
00FFFC00
001FE000
ENDCHAR
STARTCHAR uni1ED7
ENCODING 7895
SWIDTH 562 0
DWIDTH 28 0
BBX 26 38 1 0
BITMAP
007C7000
00FFF000
00FFE000
0061C000
00000000
001F0000
007FC000
00FBE000
01F1F000
07E0FC00
00000000
00000000
007F8000
03FFF000
07FFF800
0FFFFC00
1FFFFE00
3FFFFF00
3FF3FF00
7FC0FF80
7F807F80
7F807F80
FF807FC0
FF807FC0
FF803FC0
FF803FC0
FF803FC0
FF807FC0
7F807F80
7F807F80
7FC0FF80
3FF3FF00
3FFFFF00
1FFFFE00
0FFFFC00
07FFF800
03FFF000
007F8000
ENDCHAR
STARTCHAR uni1ED8
ENCODING 7896
SWIDTH 690 0
DWIDTH 35 0
BBX 31 55 2 -10
BITMAP
0007E000
001FF000
003FF800
007FFC00
00FEFE00
01FC3F80
07F01FC0
00000000
00000000
001FE000
00FFFC00
03FFFF00
07FFFF80
0FFFFFC0
1FFFFFE0
1FFFFFF0
3FF03FF8
7FE00FF8
7FC00FF8
7FC007FC
FF8007FC
FF8003FC
FF8003FE
FF8003FE
FF0003FE
FF0003FE
FF0003FE
FF0003FE
FF0003FE
FF0003FE
FF8003FE
FF8003FC
FF8003FC
FF8007FC
7FC007FC
7FC00FF8
7FE00FF8
3FF03FF0
1FFFFFF0
1FFFFFE0
0FFFFFC0
07FFFF80
01FFFF00
00FFFC00
001FE000
00000000
00000000
00000000
0007C000
000FE000
001FF000
001FF000
001FF000
001FE000
000FC000
ENDCHAR
STARTCHAR uni1ED9
ENCODING 7897
SWIDTH 562 0
DWIDTH 28 0
BBX 26 47 1 -10
BITMAP
003F0000
00FF8000
01FFC000
03FFE000
07F7F000
0FE1FC00
3F80FE00
00000000
00000000
00000000
00000000
007F8000
03FFF000
07FFF800
0FFFFC00
1FFFFE00
3FFFFF00
3FF3FF00
7FC0FF80
7F807F80
7F807F80
FF807FC0
FF807FC0
FF803FC0
FF803FC0
FF803FC0
FF807FC0
7F807F80
7F807F80
7FC0FF80
3FF3FF00
3FFFFF00
1FFFFE00
0FFFFC00
07FFF800
03FFF000
007F8000
00000000
00000000
00000000
001F0000
003F8000
007FC000
007FC000
007FC000
007F8000
003F0000
ENDCHAR
STARTCHAR uni1EDA
ENCODING 7898
SWIDTH 710 0
DWIDTH 36 0
BBX 34 46 2 0
BITMAP
0000FF0000
0001FE0000
0001FE0000
0003FC0000
0007F80000
0007F00000
000FE00000
001FC00000
00000007C0
00000007C0
001FE007C0
00FFFC07C0
01FFFF07C0
07FFFF8F80
0FFFFFDF80
1FFFFFFF80
1FFFFFFF00
3FF03FFE00
3FE00FF800
7FC00FF800
7FC007FC00
FF8007FC00
FF8003FC00
FF8003FE00
FF8003FE00
FF8003FE00
FF0003FE00
FF0003FE00
FF0003FE00
FF0003FE00
FF8003FE00
FF8003FE00
FF8003FE00
FF8003FC00
FF8007FC00
7FC007FC00
7FC00FFC00
3FE00FF800
3FF03FF800
1FFFFFF000
1FFFFFE000
0FFFFFC000
07FFFF8000
01FFFF0000
00FFFC0000
001FE00000
ENDCHAR
STARTCHAR uni1EDB
ENCODING 7899
SWIDTH 585 0
DWIDTH 29 0
BBX 28 37 1 0
BITMAP
0003FC00
0007F800
0007F800
000FF000
001FE000
001FC000
003F8000
007F0000
00000000
000000F0
000000F0
007F80F0
03FFF1F0
07FFF9F0
0FFFFFE0
1FFFFFE0
3FFFFFC0
3FF3FF00
7FC0FF80
7F807F80
7F807F80
FF807FC0
FF807FC0
FF007FC0
FF007FC0
FF807FC0
FF807FC0
7F807F80
7F807F80
7FC0FF80
3FF3FF00
3FFFFF00
1FFFFE00
0FFFFC00
07FFF800
03FFF000
007F8000
ENDCHAR
STARTCHAR uni1EDC
ENCODING 7900
SWIDTH 710 0
DWIDTH 36 0
BBX 34 46 2 0
BITMAP
03FC000000
01FE000000
01FF000000
00FF000000
007F800000
003F800000
001FC00000
000FE00000
00000007C0
00000007C0
001FE007C0
00FFFC07C0
01FFFF07C0
07FFFF8F80
0FFFFFDF80
1FFFFFFF80
1FFFFFFF00
3FF03FFE00
3FE00FF800
7FC00FF800
7FC007FC00
FF8007FC00
FF8003FC00
FF8003FE00
FF8003FE00
FF8003FE00
FF0003FE00
FF0003FE00
FF0003FE00
FF0003FE00
FF8003FE00
FF8003FE00
FF8003FE00
FF8003FC00
FF8007FC00
7FC007FC00
7FC00FFC00
3FE00FF800
3FF03FF800
1FFFFFF000
1FFFFFE000
0FFFFFC000
07FFFF8000
01FFFF0000
00FFFC0000
001FE00000
ENDCHAR
STARTCHAR uni1EDD
ENCODING 7901
SWIDTH 585 0
DWIDTH 29 0
BBX 28 37 1 0
BITMAP
0FF00000
07F80000
07FC0000
03FC0000
01FE0000
00FE0000
007F0000
003F8000
00000000
000000F0
000000F0
007F80F0
03FFF1F0
07FFF9F0
0FFFFFE0
1FFFFFE0
3FFFFFC0
3FF3FF00
7FC0FF80
7F807F80
7F807F80
FF807FC0
FF807FC0
FF007FC0
FF007FC0
FF807FC0
FF807FC0
7F807F80
7F807F80
7FC0FF80
3FF3FF00
3FFFFF00
1FFFFE00
0FFFFC00
07FFF800
03FFF000
007F8000
ENDCHAR
STARTCHAR uni1EDE
ENCODING 7902
SWIDTH 710 0
DWIDTH 36 0
BBX 34 48 2 0
BITMAP
001F800000
001FE00000
001FF80000
001FF80000
0003FC0000
0003FC0000
0003F80000
001FF00000
001FC00000
000FC00000
00000007C0
00000007C0
001FE007C0
00FFFC07C0
01FFFF07C0
07FFFF8F80
0FFFFFDF80
1FFFFFFF80
1FFFFFFF00
3FF03FFE00
3FE00FF800
7FC00FF800
7FC007FC00
FF8007FC00
FF8003FC00
FF8003FE00
FF8003FE00
FF8003FE00
FF0003FE00
FF0003FE00
FF0003FE00
FF0003FE00
FF8003FE00
FF8003FE00
FF8003FE00
FF8003FC00
FF8007FC00
7FC007FC00
7FC00FFC00
3FE00FF800
3FF03FF800
1FFFFFF000
1FFFFFE000
0FFFFFC000
07FFFF8000
01FFFF0000
00FFFC0000
001FE00000
ENDCHAR
STARTCHAR uni1EDF
ENCODING 7903
SWIDTH 585 0
DWIDTH 29 0
BBX 28 40 1 0
BITMAP
007E0000
007F8000
007FE000
007FE000
000FF000
000FF000
000FE000
007FC000
007F0000
003F0000
00000000
00000000
000000F0
000000F0
007F80F0
03FFF1F0
07FFF9F0
0FFFFFE0
1FFFFFE0
3FFFFFC0
3FF3FF00
7FC0FF80
7F807F80
7F807F80
FF807FC0
FF807FC0
FF007FC0
FF007FC0
FF807FC0
FF807FC0
7F807F80
7F807F80
7FC0FF80
3FF3FF00
3FFFFF00
1FFFFE00
0FFFFC00
07FFF800
03FFF000
007F8000
ENDCHAR
STARTCHAR uni1EE0
ENCODING 7904
SWIDTH 710 0
DWIDTH 36 0
BBX 34 45 2 0
BITMAP
007C0F8000
00FF0F0000
01FFFF0000
03FFFF0000
03FFFE0000
03E1FC0000
03C0780000
00000007C0
00000007C0
001FE007C0
00FFFC07C0
01FFFF07C0
07FFFF8F80
0FFFFFDF80
1FFFFFFF80
1FFFFFFF00
3FF03FFE00
3FE00FF800
7FC00FF800
7FC007FC00
FF8007FC00
FF8003FC00
FF8003FE00
FF8003FE00
FF8003FE00
FF0003FE00
FF0003FE00
FF0003FE00
FF0003FE00
FF8003FE00
FF8003FE00
FF8003FE00
FF8003FC00
FF8007FC00
7FC007FC00
7FC00FFC00
3FE00FF800
3FF03FF800
1FFFFFF000
1FFFFFE000
0FFFFFC000
07FFFF8000
01FFFF0000
00FFFC0000
001FE00000
ENDCHAR
STARTCHAR uni1EE1
ENCODING 7905
SWIDTH 585 0
DWIDTH 29 0
BBX 28 37 1 0
BITMAP
01F03E00
03FC3C00
07FFFC00
0FFFFC00
0FFFF800
0F87F000
0F01E000
00000000
00000000
000000F0
000000F0
007F80F0
03FFF1F0
07FFF9F0
0FFFFFE0
1FFFFFE0
3FFFFFC0
3FF3FF00
7FC0FF80
7F807F80
7F807F80
FF807FC0
FF807FC0
FF007FC0
FF007FC0
FF807FC0
FF807FC0
7F807F80
7F807F80
7FC0FF80
3FF3FF00
3FFFFF00
1FFFFE00
0FFFFC00
07FFF800
03FFF000
007F8000
ENDCHAR
STARTCHAR uni1EE2
ENCODING 7906
SWIDTH 710 0
DWIDTH 36 0
BBX 34 48 2 -10
BITMAP
00000007C0
00000007C0
001FE007C0
00FFFC07C0
01FFFF07C0
07FFFF8F80
0FFFFFDF80
1FFFFFFF80
1FFFFFFF00
3FF03FFE00
3FE00FF800
7FC00FF800
7FC007FC00
FF8007FC00
FF8003FC00
FF8003FE00
FF8003FE00
FF8003FE00
FF0003FE00
FF0003FE00
FF0003FE00
FF0003FE00
FF8003FE00
FF8003FE00
FF8003FE00
FF8003FC00
FF8007FC00
7FC007FC00
7FC00FFC00
3FE00FF800
3FF03FF800
1FFFFFF000
1FFFFFE000
0FFFFFC000
07FFFF8000
01FFFF0000
00FFFC0000
001FE00000
0000000000
0000000000
0000000000
000F800000
001FC00000
003FE00000
003FE00000
003FE00000
003FC00000
001F800000
ENDCHAR
STARTCHAR uni1EE3
ENCODING 7907
SWIDTH 585 0
DWIDTH 29 0
BBX 28 38 1 -10
BITMAP
000000F0
000000F0
007F80F0
03FFF1F0
07FFF9F0
0FFFFFE0
1FFFFFE0
3FFFFFC0
3FF3FF00
7FC0FF80
7F807F80
7F807F80
FF807FC0
FF807FC0
FF007FC0
FF007FC0
FF807FC0
FF807FC0
7F807F80
7F807F80
7FC0FF80
3FF3FF00
3FFFFF00
1FFFFE00
0FFFFC00
07FFF800
03FFF000
007F8000
00000000
00000000
00000000
001F0000
003F8000
007FC000
007FC000
007FC000
007F8000
003F0000
ENDCHAR
STARTCHAR uni1EE4
ENCODING 7908
SWIDTH 664 0
DWIDTH 33 0
BBX 28 46 3 -10
BITMAP
FF001FF0
FF001FF0
FF001FF0
FF001FF0
FF001FF0
FF001FF0
FF001FF0
FF001FF0
FF001FF0
FF001FF0
FF001FF0
FF001FF0
FF001FF0
FF001FF0
FF001FF0
FF001FF0
FF001FF0
FF001FF0
FF001FF0
FF001FF0
FF001FF0
FF001FF0
FF001FF0
FF001FF0
FF001FF0
FF001FE0
FF803FE0
FF803FE0
FFC07FE0
7FFFFFC0
3FFFFFC0
3FFFFF80
1FFFFF00
0FFFFE00
03FFF800
007FC000
00000000
00000000
00000000
001F0000
003F8000
007FC000
007FC000
007FC000
007F8000
003F0000
ENDCHAR
STARTCHAR uni1EE5
ENCODING 7909
SWIDTH 564 0
DWIDTH 28 0
BBX 24 36 2 -10
BITMAP
FF00FF
FF00FF
FF00FF
FF00FF
FF00FF
FF00FF
FF00FF
FF00FF
FF00FF
FF00FF
FF00FF
FF00FF
FF00FF
FF00FF
FF00FF
FF00FF
FF00FF
FF80FF
FF81FF
FFC7FF
7FFFFF
7FFFFF
3FFFFF
3FFEFF
1FFCFF
03F0FF
000000
000000
000000
01F000
03F800
07FC00
07FC00
07FC00
07F800
03F000
ENDCHAR
STARTCHAR uni1EE6
ENCODING 7910
SWIDTH 664 0
DWIDTH 33 0
BBX 28 49 3 0
BITMAP
003F0000
003FC000
003FF000
003FF000
0007F800
0007F800
0007F000
003FE000
003F8000
001F8000
00000000
00000000
00000000
FF001FF0
FF001FF0
FF001FF0
FF001FF0
FF001FF0
FF001FF0
FF001FF0
FF001FF0
FF001FF0
FF001FF0
FF001FF0
FF001FF0
FF001FF0
FF001FF0
FF001FF0
FF001FF0
FF001FF0
FF001FF0
FF001FF0
FF001FF0
FF001FF0
FF001FF0
FF001FF0
FF001FF0
FF001FF0
FF001FE0
FF803FE0
FF803FE0
FFC07FE0
7FFFFFC0
3FFFFFC0
3FFFFF80
1FFFFF00
0FFFFE00
03FFF800
007FC000
ENDCHAR
STARTCHAR uni1EE7
ENCODING 7911
SWIDTH 564 0
DWIDTH 28 0
BBX 24 40 2 0
BITMAP
00FC00
00FF00
00FFC0
00FFC0
001FE0
001FE0
001FC0
00FF80
00FE00
007E00
000000
000000
000000
000000
FF00FF
FF00FF
FF00FF
FF00FF
FF00FF
FF00FF
FF00FF
FF00FF
FF00FF
FF00FF
FF00FF
FF00FF
FF00FF
FF00FF
FF00FF
FF00FF
FF00FF
FF80FF
FF81FF
FFC7FF
7FFFFF
7FFFFF
3FFFFF
3FFEFF
1FFCFF
03F0FF
ENDCHAR
STARTCHAR uni1EE8
ENCODING 7912
SWIDTH 720 0
DWIDTH 36 0
BBX 37 47 3 0
BITMAP
0000FF0000
0001FE0000
0001FE0000
0003FC0000
0007F80000
0007F00000
000FE00000
001FC00000
0000000000
00000000F8
00000000F8
FF001FF0F8
FF001FF0F8
FF001FF0F8
FF001FF1F0
FF001FF1F0
FF001FF7F0
FF001FFFE0
FF001FFFC0
FF001FFF80
FF001FF800
FF001FF000
FF001FF000
FF001FF000
FF001FF000
FF001FF000
FF001FF000
FF001FF000
FF001FF000
FF001FF000
FF001FF000
FF001FF000
FF001FF000
FF001FF000
FF001FF000
FF001FF000
FF001FE000
FF803FE000
FF803FE000
FFC07FE000
7FFFFFC000
3FFFFFC000
3FFFFF8000
1FFFFF0000
0FFFFE0000
03FFF80000
007FC00000
ENDCHAR
STARTCHAR uni1EE9
ENCODING 7913
SWIDTH 601 0
DWIDTH 30 0
BBX 31 37 2 0
BITMAP
0007F800
000FF000
000FF000
001FE000
003FC000
003F8000
007F0000
00FE0000
00000000
0000003E
0000003E
FF00FF3E
FF00FF3E
FF00FF7C
FF00FFFC
FF00FFF8
FF00FFF0
FF00FFC0
FF00FF00
FF00FF00
FF00FF00
FF00FF00
FF00FF00
FF00FF00
FF00FF00
FF00FF00
FF00FF00
FF00FF00
FF80FF00
FF81FF00
FFC7FF00
7FFFFF00
7FFFFF00
3FFFFF00
3FFEFF00
1FFCFF00
03F0FF00
ENDCHAR
STARTCHAR uni1EEA
ENCODING 7914
SWIDTH 720 0
DWIDTH 36 0
BBX 37 47 3 0
BITMAP
03FC000000
01FE000000
01FF000000
00FF000000
007F800000
003F800000
001FC00000
000FE00000
0000000000
00000000F8
00000000F8
FF001FF0F8
FF001FF0F8
FF001FF0F8
FF001FF1F0
FF001FF1F0
FF001FF7F0
FF001FFFE0
FF001FFFC0
FF001FFF80
FF001FF800
FF001FF000
FF001FF000
FF001FF000
FF001FF000
FF001FF000
FF001FF000
FF001FF000
FF001FF000
FF001FF000
FF001FF000
FF001FF000
FF001FF000
FF001FF000
FF001FF000
FF001FF000
FF001FE000
FF803FE000
FF803FE000
FFC07FE000
7FFFFFC000
3FFFFFC000
3FFFFF8000
1FFFFF0000
0FFFFE0000
03FFF80000
007FC00000
ENDCHAR
STARTCHAR uni1EEB
ENCODING 7915
SWIDTH 601 0
DWIDTH 30 0
BBX 31 37 2 0
BITMAP
1FE00000
0FF00000
0FF80000
07F80000
03FC0000
01FC0000
00FE0000
007F0000
00000000
0000003E
0000003E
FF00FF3E
FF00FF3E
FF00FF7C
FF00FFFC
FF00FFF8
FF00FFF0
FF00FFC0
FF00FF00
FF00FF00
FF00FF00
FF00FF00
FF00FF00
FF00FF00
FF00FF00
FF00FF00
FF00FF00
FF00FF00
FF80FF00
FF81FF00
FFC7FF00
7FFFFF00
7FFFFF00
3FFFFF00
3FFEFF00
1FFCFF00
03F0FF00
ENDCHAR
STARTCHAR uni1EEC
ENCODING 7916
SWIDTH 720 0
DWIDTH 36 0
BBX 37 49 3 0
BITMAP
001F800000
001FE00000
001FF80000
001FF80000
0003FC0000
0003FC0000
0003F80000
001FF00000
001FC00000
000FC00000
0000000000
00000000F8
00000000F8
FF001FF0F8
FF001FF0F8
FF001FF0F8
FF001FF1F0
FF001FF1F0
FF001FF7F0
FF001FFFE0
FF001FFFC0
FF001FFF80
FF001FF800
FF001FF000
FF001FF000
FF001FF000
FF001FF000
FF001FF000
FF001FF000
FF001FF000
FF001FF000
FF001FF000
FF001FF000
FF001FF000
FF001FF000
FF001FF000
FF001FF000
FF001FF000
FF001FE000
FF803FE000
FF803FE000
FFC07FE000
7FFFFFC000
3FFFFFC000
3FFFFF8000
1FFFFF0000
0FFFFE0000
03FFF80000
007FC00000
ENDCHAR
STARTCHAR uni1EED
ENCODING 7917
SWIDTH 601 0
DWIDTH 30 0
BBX 31 40 2 0
BITMAP
00FC0000
00FF0000
00FFC000
00FFC000
001FE000
001FE000
001FC000
00FF8000
00FE0000
007E0000
00000000
00000000
0000003E
0000003E
FF00FF3E
FF00FF3E
FF00FF7C
FF00FFFC
FF00FFF8
FF00FFF0
FF00FFC0
FF00FF00
FF00FF00
FF00FF00
FF00FF00
FF00FF00
FF00FF00
FF00FF00
FF00FF00
FF00FF00
FF00FF00
FF80FF00
FF81FF00
FFC7FF00
7FFFFF00
7FFFFF00
3FFFFF00
3FFEFF00
1FFCFF00
03F0FF00
ENDCHAR
STARTCHAR uni1EEE
ENCODING 7918
SWIDTH 720 0
DWIDTH 36 0
BBX 37 46 3 0
BITMAP
007C0F8000
00FF0F0000
01FFFF0000
03FFFF0000
03FFFE0000
03E1FC0000
03C0780000
0000000000
00000000F8
00000000F8
FF001FF0F8
FF001FF0F8
FF001FF0F8
FF001FF1F0
FF001FF1F0
FF001FF7F0
FF001FFFE0
FF001FFFC0
FF001FFF80
FF001FF800
FF001FF000
FF001FF000
FF001FF000
FF001FF000
FF001FF000
FF001FF000
FF001FF000
FF001FF000
FF001FF000
FF001FF000
FF001FF000
FF001FF000
FF001FF000
FF001FF000
FF001FF000
FF001FE000
FF803FE000
FF803FE000
FFC07FE000
7FFFFFC000
3FFFFFC000
3FFFFF8000
1FFFFF0000
0FFFFE0000
03FFF80000
007FC00000
ENDCHAR
STARTCHAR uni1EEF
ENCODING 7919
SWIDTH 601 0
DWIDTH 30 0
BBX 31 37 2 0
BITMAP
03E07C00
07F87800
0FFFF800
1FFFF800
1FFFF000
1F0FE000
1E03C000
00000000
00000000
0000003E
0000003E
FF00FF3E
FF00FF3E
FF00FF7C
FF00FFFC
FF00FFF8
FF00FFF0
FF00FFC0
FF00FF00
FF00FF00
FF00FF00
FF00FF00
FF00FF00
FF00FF00
FF00FF00
FF00FF00
FF00FF00
FF00FF00
FF80FF00
FF81FF00
FFC7FF00
7FFFFF00
7FFFFF00
3FFFFF00
3FFEFF00
1FFCFF00
03F0FF00
ENDCHAR
STARTCHAR uni1EF0
ENCODING 7920
SWIDTH 720 0
DWIDTH 36 0
BBX 37 48 3 -10
BITMAP
00000000F8
00000000F8
FF001FF0F8
FF001FF0F8
FF001FF0F8
FF001FF1F0
FF001FF1F0
FF001FF7F0
FF001FFFE0
FF001FFFC0
FF001FFF80
FF001FF800
FF001FF000
FF001FF000
FF001FF000
FF001FF000
FF001FF000
FF001FF000
FF001FF000
FF001FF000
FF001FF000
FF001FF000
FF001FF000
FF001FF000
FF001FF000
FF001FF000
FF001FF000
FF001FE000
FF803FE000
FF803FE000
FFC07FE000
7FFFFFC000
3FFFFFC000
3FFFFF8000
1FFFFF0000
0FFFFE0000
03FFF80000
007FC00000
0000000000
0000000000
0000000000
000F800000
001FC00000
003FE00000
003FE00000
003FE00000
003FC00000
001F800000
ENDCHAR
STARTCHAR uni1EF1
ENCODING 7921
SWIDTH 601 0
DWIDTH 30 0
BBX 31 38 2 -10
BITMAP
0000003E
0000003E
FF00FF3E
FF00FF3E
FF00FF7C
FF00FFFC
FF00FFF8
FF00FFF0
FF00FFC0
FF00FF00
FF00FF00
FF00FF00
FF00FF00
FF00FF00
FF00FF00
FF00FF00
FF00FF00
FF00FF00
FF00FF00
FF80FF00
FF81FF00
FFC7FF00
7FFFFF00
7FFFFF00
3FFFFF00
3FFEFF00
1FFCFF00
03F0FF00
00000000
00000000
00000000
003E0000
007F0000
00FF8000
00FF8000
00FF8000
00FF0000
007E0000
ENDCHAR
STARTCHAR Ygrave
ENCODING 7922
SWIDTH 627 0
DWIDTH 31 0
BBX 31 46 0 0
BITMAP
01FE0000
00FF0000
00FF8000
007F8000
003FC000
001FC000
000FE000
0007F000
00000000
00000000
FF8003FE
7FC003FE
7FC007FC
3FE007FC
3FE00FF8
1FE00FF8
1FF00FF0
0FF01FF0
0FF81FE0
07F83FE0
07FC3FC0
03FC7FC0
03FC7F80
01FE7F80
01FEFF00
00FFFF00
00FFFE00
007FFE00
007FFC00
003FFC00
003FF800
001FF800
001FF000
001FF000
001FF000
001FF000
001FF000
001FF000
001FF000
001FF000
001FF000
001FF000
001FF000
001FF000
001FF000
001FF000
ENDCHAR
STARTCHAR ygrave
ENCODING 7923
SWIDTH 518 0
DWIDTH 26 0
BBX 26 48 0 -10
BITMAP
0FF00000
07F80000
07FC0000
03FC0000
01FE0000
00FE0000
007F0000
003F8000
00000000
00000000
00000000
00000000
FF807FC0
FF807FC0
7F80FF80
7FC0FF80
7FC0FF00
3FC0FF00
3FE1FF00
1FE1FE00
1FE1FE00
1FE3FE00
0FF3FC00
0FF3FC00
0FF7FC00
07FFF800
07FFF800
07FFF800
03FFF000
03FFF000
03FFE000
01FFE000
01FFE000
00FFC000
00FFC000
00FFC000
007F8000
007F8000
007F8000
00FF0000
00FF0000
03FE0000
1FFE0000
1FFE0000
1FFC0000
1FF80000
1FF00000
1FC00000
ENDCHAR
STARTCHAR uni1EF4
ENCODING 7924
SWIDTH 627 0
DWIDTH 31 0
BBX 31 46 0 -10
BITMAP
FF8003FE
7FC003FE
7FC007FC
3FE007FC
3FE00FF8
1FE00FF8
1FF00FF0
0FF01FF0
0FF81FE0
07F83FE0
07FC3FC0
03FC7FC0
03FC7F80
01FE7F80
01FEFF00
00FFFF00
00FFFE00
007FFE00
007FFC00
003FFC00
003FF800
001FF800
001FF000
001FF000
001FF000
001FF000
001FF000
001FF000
001FF000
001FF000
001FF000
001FF000
001FF000
001FF000
001FF000
001FF000
00000000
00000000
00000000
0007C000
000FE000
001FF000
001FF000
001FF000
001FE000
000FC000
ENDCHAR
STARTCHAR uni1EF5
ENCODING 7925
SWIDTH 518 0
DWIDTH 26 0
BBX 26 37 0 -11
BITMAP
FF807FC0
FF807FC0
7F80FF80
7FC0FF80
7FC0FF00
3FC0FF00
3FE1FF00
1FE1FE00
1FE1FE00
1FE3FE00
0FF3FC00
0FF3FC00
0FF7FC00
07FFF800
07FFF800
07FFF800
03FFF000
03FFF000
03FFE000
01FFE000
01FFE000
00FFC000
00FFC000
00FFC000
007F8000
007F8000
007F8000
00FF0000
00FF0000
03FE0000
1FFE7E00
1FFEFF00
1FFCFF80
1FF8FF80
1FF0FF80
1FC07F00
00003E00
ENDCHAR
STARTCHAR uni1EF6
ENCODING 7926
SWIDTH 627 0
DWIDTH 31 0
BBX 31 49 0 0
BITMAP
000FC000
000FF000
000FFC00
000FFC00
0001FE00
0001FE00
0001FC00
000FF800
000FE000
0007E000
00000000
00000000
00000000
FF8003FE
7FC003FE
7FC007FC
3FE007FC
3FE00FF8
1FE00FF8
1FF00FF0
0FF01FF0
0FF81FE0
07F83FE0
07FC3FC0
03FC7FC0
03FC7F80
01FE7F80
01FEFF00
00FFFF00
00FFFE00
007FFE00
007FFC00
003FFC00
003FF800
001FF800
001FF000
001FF000
001FF000
001FF000
001FF000
001FF000
001FF000
001FF000
001FF000
001FF000
001FF000
001FF000
001FF000
001FF000
ENDCHAR
STARTCHAR uni1EF7
ENCODING 7927
SWIDTH 518 0
DWIDTH 26 0
BBX 26 50 0 -10
BITMAP
007E0000
007F8000
007FE000
007FE000
000FF000
000FF000
000FE000
007FC000
007F0000
003F0000
00000000
00000000
00000000
00000000
FF807FC0
FF807FC0
7F80FF80
7FC0FF80
7FC0FF00
3FC0FF00
3FE1FF00
1FE1FE00
1FE1FE00
1FE3FE00
0FF3FC00
0FF3FC00
0FF7FC00
07FFF800
07FFF800
07FFF800
03FFF000
03FFF000
03FFE000
01FFE000
01FFE000
00FFC000
00FFC000
00FFC000
007F8000
007F8000
007F8000
00FF0000
00FF0000
03FE0000
1FFE0000
1FFE0000
1FFC0000
1FF80000
1FF00000
1FC00000
ENDCHAR
STARTCHAR uni1EF8
ENCODING 7928
SWIDTH 627 0
DWIDTH 31 0
BBX 31 46 0 0
BITMAP
003E07C0
007F8780
00FFFF80
01FFFF80
01FFFF00
01F0FE00
01E03C00
00000000
00000000
00000000
FF8003FE
7FC003FE
7FC007FC
3FE007FC
3FE00FF8
1FE00FF8
1FF00FF0
0FF01FF0
0FF81FE0
07F83FE0
07FC3FC0
03FC7FC0
03FC7F80
01FE7F80
01FEFF00
00FFFF00
00FFFE00
007FFE00
007FFC00
003FFC00
003FF800
001FF800
001FF000
001FF000
001FF000
001FF000
001FF000
001FF000
001FF000
001FF000
001FF000
001FF000
001FF000
001FF000
001FF000
001FF000
ENDCHAR
STARTCHAR uni1EF9
ENCODING 7929
SWIDTH 518 0
DWIDTH 26 0
BBX 26 47 0 -10
BITMAP
01F03E00
03FC3C00
07FFFC00
0FFFFC00
0FFFF800
0F87F000
0F01E000
00000000
00000000
00000000
00000000
FF807FC0
FF807FC0
7F80FF80
7FC0FF80
7FC0FF00
3FC0FF00
3FE1FF00
1FE1FE00
1FE1FE00
1FE3FE00
0FF3FC00
0FF3FC00
0FF7FC00
07FFF800
07FFF800
07FFF800
03FFF000
03FFF000
03FFE000
01FFE000
01FFE000
00FFC000
00FFC000
00FFC000
007F8000
007F8000
007F8000
00FF0000
00FF0000
03FE0000
1FFE0000
1FFE0000
1FFC0000
1FF80000
1FF00000
1FC00000
ENDCHAR
STARTCHAR uni1F4D
ENCODING 8013
SWIDTH 724 0
DWIDTH 36 0
BBX 45 36 -10 0
BITMAP
F03E007F8000
F07C03FFF000
F07C0FFFFC00
F0781FFFFE00
F0F03FFFFF00
F8E07FFFFF80
7CE07FFFFFC0
39C0FFC0FFE0
1001FF803FE0
0001FF003FE0
0001FF001FF0
0003FE001FF0
0003FE000FF0
0003FE000FF8
0003FE000FF8
0003FC000FF8
0003FC000FF8
0003FC000FF8
0003FC000FF8
0003FC000FF8
0003FC000FF8
0003FE000FF8
0003FE000FF0
0003FE000FF0
0003FE001FF0
0001FF001FF0
0001FF003FE0
0001FF803FE0
0000FFC0FFC0
00007FFFFFC0
00007FFFFF80
00003FFFFF00
00001FFFFE00
000007FFFC00
000003FFF000
0000007F8000
ENDCHAR
STARTCHAR uni2000
ENCODING 8192
SWIDTH 509 0
DWIDTH 25 0
BBX 1 1 0 0
BITMAP
00
ENDCHAR
STARTCHAR uni2001
ENCODING 8193
SWIDTH 1020 0
DWIDTH 51 0
BBX 1 1 0 0
BITMAP
00
ENDCHAR
STARTCHAR uni2002
ENCODING 8194
SWIDTH 509 0
DWIDTH 25 0
BBX 1 1 0 0
BITMAP
00
ENDCHAR
STARTCHAR uni2003
ENCODING 8195
SWIDTH 1020 0
DWIDTH 51 0
BBX 1 1 0 0
BITMAP
00
ENDCHAR
STARTCHAR uni2004
ENCODING 8196
SWIDTH 340 0
DWIDTH 17 0
BBX 1 1 0 0
BITMAP
00
ENDCHAR
STARTCHAR uni2005
ENCODING 8197
SWIDTH 254 0
DWIDTH 13 0
BBX 1 1 0 0
BITMAP
00
ENDCHAR
STARTCHAR uni2006
ENCODING 8198
SWIDTH 169 0
DWIDTH 9 0
BBX 1 1 0 0
BITMAP
00
ENDCHAR
STARTCHAR uni2007
ENCODING 8199
SWIDTH 562 0
DWIDTH 28 0
BBX 1 1 0 0
BITMAP
00
ENDCHAR
STARTCHAR uni2008
ENCODING 8200
SWIDTH 273 0
DWIDTH 14 0
BBX 1 1 0 0
BITMAP
00
ENDCHAR
STARTCHAR uni2009
ENCODING 8201
SWIDTH 204 0
DWIDTH 10 0
BBX 1 1 0 0
BITMAP
00
ENDCHAR
STARTCHAR uni200A
ENCODING 8202
SWIDTH 102 0
DWIDTH 5 0
BBX 1 1 0 0
BITMAP
00
ENDCHAR
STARTCHAR uni200B
ENCODING 8203
SWIDTH 0 0
DWIDTH 0 0
BBX 1 1 0 0
BITMAP
00
ENDCHAR
STARTCHAR uni2010
ENCODING 8208
SWIDTH 449 0
DWIDTH 22 0
BBX 14 6 4 12
BITMAP
FFFC
FFFC
FFFC
FFFC
FFFC
FFFC
ENDCHAR
STARTCHAR uni2011
ENCODING 8209
SWIDTH 449 0
DWIDTH 22 0
BBX 14 6 4 12
BITMAP
FFFC
FFFC
FFFC
FFFC
FFFC
FFFC
ENDCHAR
STARTCHAR endash
ENCODING 8211
SWIDTH 618 0
DWIDTH 31 0
BBX 25 6 4 14
BITMAP
FFFFFF80
FFFFFF80
FFFFFF80
FFFFFF80
FFFFFF80
FFFFFF80
ENDCHAR
STARTCHAR emdash
ENCODING 8212
SWIDTH 752 0
DWIDTH 38 0
BBX 34 6 2 14
BITMAP
FFFFFFFFC0
FFFFFFFFC0
FFFFFFFFC0
FFFFFFFFC0
FFFFFFFFC0
FFFFFFFFC0
ENDCHAR
STARTCHAR uni2015
ENCODING 8213
SWIDTH 752 0
DWIDTH 38 0
BBX 34 6 2 14
BITMAP
FFFFFFFFC0
FFFFFFFFC0
FFFFFFFFC0
FFFFFFFFC0
FFFFFFFFC0
FFFFFFFFC0
ENDCHAR
STARTCHAR underscoredbl
ENCODING 8215
SWIDTH 439 0
DWIDTH 22 0
BBX 22 11 0 -11
BITMAP
FFFFFC
FFFFFC
FFFFFC
FFFFFC
000000
000000
000000
FFFFFC
FFFFFC
FFFFFC
FFFFFC
ENDCHAR
STARTCHAR quoteleft
ENCODING 8216
SWIDTH 249 0
DWIDTH 12 0
BBX 7 13 3 25
BITMAP
08
1E
3E
7E
7E
FC
FC
FC
FC
FC
FC
FC
FC
ENDCHAR
STARTCHAR quoteright
ENCODING 8217
SWIDTH 243 0
DWIDTH 12 0
BBX 8 13 2 25
BITMAP
3F
3F
3F
3F
3F
3F
7E
7E
7E
FC
F8
F8
30
ENDCHAR
STARTCHAR quotesinglbase
ENCODING 8218
SWIDTH 271 0
DWIDTH 14 0
BBX 8 14 2 -8
BITMAP
3F
3F
3F
3F
3F
3F
3F
3F
7E
7E
7C
FC
78
10
ENDCHAR
STARTCHAR quotereversed
ENCODING 8219
SWIDTH 211 0
DWIDTH 11 0
BBX 7 13 2 25
BITMAP
FC
FC
FC
FC
FC
FC
FC
FC
7E
7E
3E
1E
08
ENDCHAR
STARTCHAR quotedblleft
ENCODING 8220
SWIDTH 427 0
DWIDTH 21 0
BBX 16 13 3 25
BITMAP
0804
1E0F
3E1F
7E3F
7E3F
FC7E
FC7E
FC7E
FC7E
FC7E
FC7E
FC7E
FC7E
ENDCHAR
STARTCHAR quotedblright
ENCODING 8221
SWIDTH 430 0
DWIDTH 22 0
BBX 17 13 2 25
BITMAP
3F1F80
3F1F80
3F1F80
3F1F80
3F1F80
3F1F80
7E3F00
7E3F00
7E3F00
FC7E00
F87C00
F87C00
301800
ENDCHAR
STARTCHAR quotedblbase
ENCODING 8222
SWIDTH 427 0
DWIDTH 21 0
BBX 17 15 2 -8
BITMAP
3F1F80
3F1F80
3F1F80
3F1F80
3F1F80
3F1F80
3F1F80
3F1F80
3F3F00
7E3F00
7E3F00
7C7E00
FC7C00
783C00
101800
ENDCHAR
STARTCHAR dagger
ENCODING 8224
SWIDTH 531 0
DWIDTH 27 0
BBX 24 36 1 0
BITMAP
00FF00
00FF00
00FF00
00FF00
00FF00
00FF00
00FF00
00FF00
00FF00
FFFFFF
FFFFFF
FFFFFF
FFFFFF
FFFFFF
FFFFFF
FFFFFF
00FF00
00FF00
00FF00
00FF00
00FF00
00FF00
00FF00
00FF00
00FF00
00FF00
00FF00
00FF00
00FF00
00FF00
00FF00
00FF00
00FF00
00FF00
00FF00
00FF00
ENDCHAR
STARTCHAR daggerdbl
ENCODING 8225
SWIDTH 583 0
DWIDTH 29 0
BBX 24 46 3 -10
BITMAP
01FF00
01FF00
01FF00
01FF00
01FF00
01FF00
01FF00
01FF00
01FF00
FFFFFF
FFFFFF
FFFFFF
FFFFFF
FFFFFF
FFFFFF
01FF00
01FF00
01FF00
01FF00
01FF00
01FF00
01FF00
01FF00
01FF00
01FF00
01FF00
01FF00
01FF00
01FF00
01FF00
FFFFFF
FFFFFF
FFFFFF
FFFFFF
FFFFFF
FFFFFF
01FF00
01FF00
01FF00
01FF00
01FF00
01FF00
01FF00
01FF00
01FF00
01FF00
ENDCHAR
STARTCHAR bullet
ENCODING 8226
SWIDTH 370 0
DWIDTH 19 0
BBX 13 13 3 12
BITMAP
0F80
3FE0
7FF0
7FF0
FFF8
FFF8
FFF8
FFF8
FFF0
7FF0
7FF0
3FE0
0F80
ENDCHAR
STARTCHAR twodotenleader
ENCODING 8229
SWIDTH 546 0
DWIDTH 27 0
BBX 21 8 3 0
BITMAP
3E03E0
7F07F0
FF8FF8
FF8FF8
FF8FF8
FF8FF8
7F07F0
3E03E0
ENDCHAR
STARTCHAR ellipsis
ENCODING 8230
SWIDTH 774 0
DWIDTH 39 0
BBX 33 8 3 0
BITMAP
3E03E03E00
7F07F07F00
FF8FF8FF80
FF8FF8FF80
FF8FF8FF80
FF8FF8FF80
7F07F07F00
3E03E03E00
ENDCHAR
STARTCHAR uni2027
ENCODING 8231
SWIDTH 293 0
DWIDTH 15 0
BBX 9 8 3 11
BITMAP
3E00
7F00
FF80
FF80
FF80
FF80
7F00
3E00
ENDCHAR
STARTCHAR perthousand
ENCODING 8240
SWIDTH 962 0
DWIDTH 48 0
BBX 45 36 2 0
BITMAP
07E000000000
1FF800000000
3FFC00000000
7FFE00000000
7EFE01800000
7C3F03E00000
F83F03E00000
F83F07C00000
F83F0FC00000
F83F0F800000
7C3F1F000000
7EFE1F000000
7FFE3E000000
3FFC7C000000
1FF87C000000
07E0F8000000
0001F8000000
0001F0000000
0003E0000000
0003E1F83F00
0007C7FCFFC0
000F8FFFFFE0
000F9FFFFFF0
001F3FBFF7F0
003F3F0FE1F0
003E3E0FC1F8
007C3E0FC1F8
007C3E0FC1F8
00F83E0FC1F8
01F03E0FC1F8
01F03F0FE1F0
03E03FBFF3F0
00E01FFFFFF0
00000FFFFFE0
000007FCFFC0
000001F83F00
ENDCHAR
STARTCHAR minute
ENCODING 8242
SWIDTH 154 0
DWIDTH 8 0
BBX 6 14 1 24
BITMAP
FC
FC
FC
FC
FC
FC
FC
FC
FC
F8
F8
F8
F8
F8
ENDCHAR
STARTCHAR second
ENCODING 8243
SWIDTH 317 0
DWIDTH 16 0
BBX 14 14 1 24
BITMAP
F8FC
F8FC
F8FC
F8FC
F8FC
F8FC
F8FC
F8F8
F8F8
F8F8
F8F8
F0F8
F0F8
F0F8
ENDCHAR
STARTCHAR guilsinglleft
ENCODING 8249
SWIDTH 317 0
DWIDTH 16 0
BBX 11 19 3 3
BITMAP
03E0
07C0
0FC0
0F80
1F80
3F00
3E00
7E00
FC00
FC00
FC00
7E00
3E00
3F00
1F80
0F80
0FC0
07C0
03E0
ENDCHAR
STARTCHAR guilsinglright
ENCODING 8250
SWIDTH 303 0
DWIDTH 15 0
BBX 11 19 2 3
BITMAP
F800
7C00
7E00
3E00
3F00
1F80
0F80
0FC0
07E0
07E0
07E0
07E0
0FC0
1F80
1F00
3F00
7E00
7C00
F800
ENDCHAR
STARTCHAR exclamdbl
ENCODING 8252
SWIDTH 552 0
DWIDTH 28 0
BBX 23 36 3 0
BITMAP
FF83FE
FF03FC
FF03FC
FF03FC
FF03FC
FF03FC
FF03FC
FF03FC
FF03FC
FF03FC
FF03FC
FF03FC
FF03FC
FF03FC
FF03FC
FF03FC
FF03FC
FF03FC
7F01FC
7F01FC
7F01FC
7F01FC
7F01FC
7F01FC
7F01FC
000000
000000
000000
3C00F0
FF03FC
FF03FC
FF83FE
FF83FE
FF03FC
FF03FC
3C00F0
ENDCHAR
STARTCHAR fraction
ENCODING 8260
SWIDTH 440 0
DWIDTH 22 0
BBX 20 29 1 3
BITMAP
0000C0
0000F0
0001F0
0003F0
0003E0
0007C0
0007C0
000F80
001F00
001F00
003E00
007C00
007C00
00F800
01F800
01F000
03E000
07E000
07C000
0F8000
0F8000
1F0000
3E0000
3E0000
7C0000
F80000
F80000
F00000
300000
ENDCHAR
STARTCHAR uni2070
ENCODING 8304
SWIDTH 375 0
DWIDTH 19 0
BBX 15 20 2 16
BITMAP
0FE0
3FF0
7FF8
7FFC
FCFE
F87E
F83E
F83E
F83E
F83E
F83E
F83E
F83E
F83E
F87E
FCFE
7FFC
7FFC
3FF0
0FE0
ENDCHAR
STARTCHAR uni2074
ENCODING 8308
SWIDTH 375 0
DWIDTH 19 0
BBX 16 19 1 16
BITMAP
00FC
00FC
01FC
03FC
07FC
07FC
0FFC
1F7C
3E7C
3C7C
7C7C
FFFF
FFFF
7FFF
7FFF
007C
007C
007C
007C
ENDCHAR
STARTCHAR uni2075
ENCODING 8309
SWIDTH 375 0
DWIDTH 19 0
BBX 16 20 1 16
BITMAP
3FFE
3FFE
3FFE
3FFE
3E00
7C00
7C00
7DF8
7FFC
7FFE
7FFF
003F
003F
003F
FC3F
7E7E
7FFE
3FFC
1FF8
07F0
ENDCHAR
STARTCHAR uni2076
ENCODING 8310
SWIDTH 375 0
DWIDTH 19 0
BBX 16 20 2 16
BITMAP
01F0
07F0
1FF0
3FF0
7FC0
7E00
FC00
F9F0
FFFC
FFFE
FFFE
FC7E
F83F
F83F
F83E
FC7E
7FFE
7FFC
3FF8
0FE0
ENDCHAR
STARTCHAR uni2077
ENCODING 8311
SWIDTH 375 0
DWIDTH 19 0
BBX 16 19 1 16
BITMAP
FFFF
FFFF
FFFF
FFFF
003E
003E
007C
00FC
00F8
01F8
01F0
03F0
03E0
07E0
07C0
0FC0
0F80
1F80
1F00
ENDCHAR
STARTCHAR uni2078
ENCODING 8312
SWIDTH 375 0
DWIDTH 19 0
BBX 15 20 2 16
BITMAP
0FE0
3FF8
7FFC
FFFC
FCFE
FC7E
FC7E
FCFC
7FFC
3FF0
3FF8
7FFC
FC7E
F83E
F87E
FCFE
FFFE
7FFC
3FF8
0FE0
ENDCHAR
STARTCHAR uni2079
ENCODING 8313
SWIDTH 375 0
DWIDTH 19 0
BBX 15 20 2 16
BITMAP
0FC0
3FF0
7FF8
7FFC
FCFE
F87E
F83E
F83E
FC7E
FFFE
FFFE
7FFE
1F7E
007E
00FC
01FC
1FF8
1FF0
1FE0
1F00
ENDCHAR
STARTCHAR uni207A
ENCODING 8314
SWIDTH 404 0
DWIDTH 20 0
BBX 16 17 2 16
BITMAP
03E0
03E0
03E0
03E0
03E0
03E0
FFFF
FFFF
FFFF
FFFF
FFFF
03E0
03E0
03E0
03E0
03E0
03E0
ENDCHAR
STARTCHAR uni207B
ENCODING 8315
SWIDTH 364 0
DWIDTH 18 0
BBX 14 5 2 22
BITMAP
FFFC
FFFC
FFFC
FFFC
FFFC
ENDCHAR
STARTCHAR uni207C
ENCODING 8316
SWIDTH 364 0
DWIDTH 18 0
BBX 14 13 2 18
BITMAP
FFFC
FFFC
FFFC
FFFC
FFFC
0000
0000
0000
FFFC
FFFC
FFFC
FFFC
FFFC
ENDCHAR
STARTCHAR uni207D
ENCODING 8317
SWIDTH 266 0
DWIDTH 13 0
BBX 9 29 2 9
BITMAP
0200
0700
0F80
1F80
3F00
3F00
7E00
7E00
7E00
FC00
FC00
FC00
FC00
FC00
FC00
FC00
FC00
FC00
FC00
FC00
7E00
7E00
7E00
3F00
3F00
1F80
0F80
0700
0200
ENDCHAR
STARTCHAR uni207E
ENCODING 8318
SWIDTH 266 0
DWIDTH 13 0
BBX 9 29 2 9
BITMAP
2000
7800
7C00
FC00
7E00
3F00
3F00
3F00
1F80
1F80
1F80
1F80
1F80
1F80
1F80
1F80
1F80
1F80
1F80
1F80
1F80
3F00
3F00
3F00
7E00
FC00
7C00
7800
2000
ENDCHAR
STARTCHAR uni207F
ENCODING 8319
SWIDTH 416 0
DWIDTH 21 0
BBX 17 20 2 16
BITMAP
F0F800
FBFE00
FFFF00
FFFF00
FFFF80
FC3F80
F81F80
F81F80
F81F80
F81F80
F81F80
F81F80
F81F80
F81F80
F81F80
F81F80
F81F80
F81F80
F81F80
F81F80
ENDCHAR
STARTCHAR uni2080
ENCODING 8320
SWIDTH 375 0
DWIDTH 19 0
BBX 15 20 2 -9
BITMAP
0FE0
3FF0
7FF8
7FFC
FCFE
F87E
F83E
F83E
F83E
F83E
F83E
F83E
F83E
F83E
F87E
FCFE
7FFC
7FFC
3FF0
0FE0
ENDCHAR
STARTCHAR uni2081
ENCODING 8321
SWIDTH 375 0
DWIDTH 19 0
BBX 10 19 3 -9
BITMAP
00C0
07C0
3FC0
FFC0
FFC0
FFC0
E7C0
07C0
07C0
07C0
07C0
07C0
07C0
07C0
07C0
07C0
07C0
07C0
07C0
ENDCHAR
STARTCHAR uni2082
ENCODING 8322
SWIDTH 375 0
DWIDTH 19 0
BBX 16 20 1 -9
BITMAP
07E0
1FF8
3FFC
7FFE
7E7E
FC3F
FC3F
003E
007E
00FE
01FC
03F8
07F0
0FE0
1F80
3F00
7FFF
7FFF
7FFF
7FFF
ENDCHAR
STARTCHAR uni2083
ENCODING 8323
SWIDTH 375 0
DWIDTH 19 0
BBX 16 20 1 -9
BITMAP
07F0
1FFC
7FFE
7FFE
7E7F
FC3F
003F
003F
00FE
03FC
03F8
03FE
003F
001F
FC1F
FE3F
7FFF
7FFE
3FFC
0FF0
ENDCHAR
STARTCHAR uni2084
ENCODING 8324
SWIDTH 375 0
DWIDTH 19 0
BBX 16 19 1 -9
BITMAP
00FC
00FC
01FC
03FC
07FC
07FC
0FFC
1F7C
3E7C
3C7C
7C7C
FFFF
FFFF
7FFF
7FFF
007C
007C
007C
007C
ENDCHAR
STARTCHAR uni2085
ENCODING 8325
SWIDTH 375 0
DWIDTH 19 0
BBX 16 20 1 -9
BITMAP
3FFE
3FFE
3FFE
3FFE
3E00
7C00
7C00
7DF8
7FFC
7FFE
7FFF
003F
003F
003F
FC3F
7E7E
7FFE
3FFC
1FF8
07F0
ENDCHAR
STARTCHAR uni2086
ENCODING 8326
SWIDTH 375 0
DWIDTH 19 0
BBX 16 20 2 -9
BITMAP
01F0
07F0
1FF0
3FF0
7FC0
7E00
FC00
F9F0
FFFC
FFFE
FFFE
FC7E
F83F
F83F
F83E
FC7E
7FFE
7FFC
3FF8
0FE0
ENDCHAR
STARTCHAR uni2087
ENCODING 8327
SWIDTH 375 0
DWIDTH 19 0
BBX 16 19 1 -9
BITMAP
FFFF
FFFF
FFFF
FFFF
003E
003E
007C
00FC
00F8
01F8
01F0
03F0
03E0
07E0
07C0
0FC0
0F80
1F80
1F00
ENDCHAR
STARTCHAR uni2088
ENCODING 8328
SWIDTH 375 0
DWIDTH 19 0
BBX 15 20 2 -9
BITMAP
0FE0
3FF8
7FFC
FFFC
FCFE
FC7E
FC7E
FCFC
7FFC
3FF0
3FF8
7FFC
FC7E
F83E
F87E
FCFE
FFFE
7FFC
3FF8
0FE0
ENDCHAR
STARTCHAR uni2089
ENCODING 8329
SWIDTH 375 0
DWIDTH 19 0
BBX 15 20 2 -9
BITMAP
0FC0
3FF0
7FF8
7FFC
FCFE
F87E
F83E
F83E
FC7E
FFFE
FFFE
7FFE
1F7E
007E
00FC
01FC
1FF8
1FF0
1FE0
1F00
ENDCHAR
STARTCHAR uni208A
ENCODING 8330
SWIDTH 404 0
DWIDTH 20 0
BBX 16 17 2 -8
BITMAP
03E0
03E0
03E0
03E0
03E0
03E0
FFFF
FFFF
FFFF
FFFF
FFFF
03E0
03E0
03E0
03E0
03E0
03E0
ENDCHAR
STARTCHAR uni208B
ENCODING 8331
SWIDTH 364 0
DWIDTH 18 0
BBX 14 5 2 -2
BITMAP
FFFC
FFFC
FFFC
FFFC
FFFC
ENDCHAR
STARTCHAR uni208C
ENCODING 8332
SWIDTH 364 0
DWIDTH 18 0
BBX 14 13 2 -6
BITMAP
FFFC
FFFC
FFFC
FFFC
FFFC
0000
0000
0000
FFFC
FFFC
FFFC
FFFC
FFFC
ENDCHAR
STARTCHAR uni208D
ENCODING 8333
SWIDTH 266 0
DWIDTH 13 0
BBX 9 27 2 -13
BITMAP
0200
0700
0F80
1F80
3F00
3F00
7E00
7E00
FC00
FC00
FC00
FC00
FC00
FC00
FC00
FC00
FC00
FC00
FC00
7E00
7E00
3F00
3F00
1F80
1F80
0F00
0200
ENDCHAR
STARTCHAR uni208E
ENCODING 8334
SWIDTH 266 0
DWIDTH 13 0
BBX 9 27 2 -13
BITMAP
2000
7800
7C00
FE00
7E00
3F00
3F00
1F80
1F80
1F80
1F80
1F80
1F80
1F80
1F80
1F80
1F80
1F80
1F80
1F00
3F00
3F00
7E00
FE00
7C00
7800
2000
ENDCHAR
STARTCHAR franc
ENCODING 8355
SWIDTH 546 0
DWIDTH 27 0
BBX 27 36 -1 0
BITMAP
0FFFFFE0
0FFFFFE0
0FFFFFE0
0FFFFFE0
0FFFFFE0
0FFFFFE0
0FFFFFE0
0FF00000
0FF00000
0FF00000
0FF00000
0FF00000
0FF00000
0FF00000
0FF00000
0FFFFFC0
0FFFFFC0
0FFFFFC0
0FFFFFC0
0FFFFFC0
0FFFFFC0
0FFFFFC0
0FF00000
0FF00000
FFFFC000
FFFFC000
FFFFC000
FFFFC000
FFFFC000
0FF00000
0FF00000
0FF00000
0FF00000
0FF00000
0FF00000
0FF00000
ENDCHAR
STARTCHAR lira
ENCODING 8356
SWIDTH 600 0
DWIDTH 30 0
BBX 26 36 3 0
BITMAP
003FE000
00FFF800
03FFFE00
07FFFF00
07FFFF00
0FFFFF80
0FFFFF80
1FF07FC0
1FF03FC0
1FF03FC0
1FF00000
1FF00000
1FF00000
1FF00000
FFFFC000
FFFFC000
FFFFC000
FFFFC000
1FF00000
1FF00000
FFFFC000
FFFFC000
FFFFC000
FFFFC000
0FF00000
0FF00000
0FF00000
0FF00000
1FE00000
FFFFFFC0
FFFFFFC0
FFFFFFC0
FFFFFFC0
FFFFFFC0
FFFFFFC0
FFFFFFC0
ENDCHAR
STARTCHAR uni20A6
ENCODING 8358
SWIDTH 823 0
DWIDTH 41 0
BBX 39 36 1 0
BITMAP
07FC003FC0
07FC003FC0
07FE003FC0
07FE003FC0
07FF003FC0
07FF003FC0
07FF803FC0
07FFC03FC0
07FFC03FC0
07FFE03FC0
07FFE03FC0
FFFFFFFFFE
FFFFFFFFFE
FFFFFFFFFE
FFFFFFFFFE
07FBFC3FC0
07F9FE3FC0
07F8FE3FC0
07F8FF3FC0
FFFFFFFFFE
FFFFFFFFFE
FFFFFFFFFE
FFFFFFFFFE
07F81FFFC0
07F81FFFC0
07F80FFFC0
07F807FFC0
07F807FFC0
07F803FFC0
07F803FFC0
07F801FFC0
07F801FFC0
07F800FFC0
07F800FFC0
07F8007FC0
07F8003FC0
ENDCHAR
STARTCHAR peseta
ENCODING 8359
SWIDTH 881 0
DWIDTH 44 0
BBX 39 36 3 0
BITMAP
FFFE000000
FFFFC00000
FFFFF00000
FFFFF83FC0
FFFFFC3FC0
FFFFFC3FC0
FFFFFE3FC0
FF87FE3FC0
FF83FF3FC0
FF81FF3FC0
FF81FFFFFC
FF81FFFFFC
FF81FFFFFC
FF81FFFFFC
FF81FFFFFC
FF83FFFFFC
FF87FE3FC0
FFFFFE3FC0
FFFFFC3FC0
FFFFFC3FC0
FFFFF83FC0
FFFFE03FC0
FFFFC03FC0
FFFE003FC0
FF80003FC0
FF80003FC0
FF80003FC0
FF80003FC0
FF80003FC0
FF80003FF2
FF80003FFE
FF80003FFE
FF80001FFE
FF80001FFE
FF80000FFE
FF800003FC
ENDCHAR
STARTCHAR uni20A8
ENCODING 8360
SWIDTH 1098 0
DWIDTH 55 0
BBX 50 36 3 0
BITMAP
FFFFE000000000
FFFFF800000000
FFFFFE00000000
FFFFFF00000000
FFFFFF80000000
FFFFFFC0000000
FFFFFFC0000000
FF007FE0000000
FF003FE0000000
FF003FE0000000
FF003FE03FE000
FF001FE0FFFC00
FF003FE3FFFE00
FF003FE7FFFF00
FF003FE7FFFF80
FF007FCFFDFFC0
FFFFFFCFF07FC0
FFFFFF8FE03FC0
FFFFFF0FF03FC0
FFFFFE0FF80000
FFFFFC0FFF8000
FFFFF807FFF800
FFFFFC03FFFE00
FF07FC01FFFF00
FF03FE007FFF80
FF03FE000FFFC0
FF01FF0000FFC0
FF01FF1FE03FC0
FF00FF9FE03FC0
FF00FF9FF03FC0
FF00FFCFFCFFC0
FF007FCFFFFF80
FF007FE7FFFF00
FF003FE3FFFE00
FF003FF0FFFC00
FF001FF03FE000
ENDCHAR
STARTCHAR uni20A9
ENCODING 8361
SWIDTH 846 0
DWIDTH 42 0
BBX 40 36 1 0
BITMAP
1FE0FF07F8
1FE0FF07F8
1FE0FF07F8
1FF0FF07F8
1FF0FF0FF8
0FF0FF0FF8
FFFFFFFFFF
FFFFFFFFFF
FFFFFFFFFF
FFFFFFFFFF
0FF1FF8FF0
07F9FF8FE0
07F9FF9FE0
FFFFFFFFFF
FFFFFFFFFF
FFFFFFFFFF
FFFFFFFFFF
03FBFFDFC0
03FBFFDFC0
03FFFFDFC0
03FFFFFFC0
03FFFFFFC0
01FFFFFF80
01FFFFFF80
01FFFFFF80
01FFF7FF80
01FFE7FF80
00FFE7FF80
00FFE7FF00
00FFE7FF00
00FFE7FF00
00FFE7FF00
00FFE3FF00
007FC3FE00
007FC3FE00
007FC3FE00
ENDCHAR
STARTCHAR uni20AA
ENCODING 8362
SWIDTH 920 0
DWIDTH 46 0
BBX 42 26 2 0
BITMAP
FFFFFF807FC0
FFFFFFF07FC0
FFFFFFF87FC0
FFFFFFF87FC0
FFFFFFFC7FC0
FFFFFFFC7FC0
FF800FFC7FC0
FF8003FE7FC0
FF8003FE7FC0
FF9FF3FE7FC0
FF9FF3FE7FC0
FF9FF3FE7FC0
FF9FF3FE7FC0
FF9FF3FE7FC0
FF9FF3FE7FC0
FF9FF3FE7FC0
FF9FF3FE7FC0
FF9FF0007F80
FF9FF0007F80
FF9FF001FF80
FF9FFFFFFF00
FF9FFFFFFE00
FF9FFFFFFC00
FF9FFFFFF000
FF9FFFFFC000
FF9FFFFC0000
ENDCHAR
STARTCHAR dong
ENCODING 8363
SWIDTH 577 0
DWIDTH 29 0
BBX 28 47 1 -9
BITMAP
0000FF80
0000FF80
0000FF80
0000FF80
003FFFF0
003FFFF0
003FFFF0
003FFFF0
003FFFF0
0000FF80
0000FF80
0000FF80
01F8FF80
07FEFF80
0FFFFF80
1FFFFF80
3FFFFF80
3FFFFF80
7FE3FF80
7FC0FF80
7F80FF80
7F80FF80
FF80FF80
FF80FF80
FF80FF80
FF80FF80
FF80FF80
FF80FF80
7F80FF80
7F80FF80
7FC0FF80
7FE3FF80
3FFFFF80
3FFFFF80
1FFFFF80
0FFF7F80
07FE7F80
01FC7F80
00000000
00000000
00000000
3FFFFF00
3FFFFF00
3FFFFF00
3FFFFF00
3FFFFF00
3FFFFF00
ENDCHAR
STARTCHAR Euro
ENCODING 8364
SWIDTH 579 0
DWIDTH 29 0
BBX 25 36 2 0
BITMAP
0001FF00
000FFF80
003FFF80
007FFF80
00FFFF80
01FFFF00
03FFFF00
07FF0000
07FE0000
07FC0000
0FF80000
0FF80000
FFFFF000
FFFFF000
FFFFF000
FFFFF000
0FF80000
0FF80000
0FF80000
FFFFF000
FFFFF000
FFFFF000
FFFFF000
0FF80000
0FF80000
0FF80000
07F80000
07FC0000
07FE0000
03FFFF00
03FFFF00
01FFFF80
00FFFF80
007FFF80
001FFF80
0003FF00
ENDCHAR
STARTCHAR uni20B1
ENCODING 8369
SWIDTH 752 0
DWIDTH 38 0
BBX 36 36 1 0
BITMAP
0FFFFC0000
0FFFFF8000
0FFFFFE000
0FFFFFF000
0FFFFFF800
0FFFFFFC00
0FFFFFFC00
0FF007FE00
FFFFFFFFF0
FFFFFFFFF0
FFFFFFFFF0
FFFFFFFFF0
0FF001FF00
FFFFFFFFF0
FFFFFFFFF0
FFFFFFFFF0
FFFFFFFFF0
0FF007FE00
0FFFFFFC00
0FFFFFFC00
0FFFFFF800
0FFFFFF000
0FFFFFC000
0FFFFF0000
0FFFF00000
0FF0000000
0FF0000000
0FF0000000
0FF0000000
0FF0000000
0FF0000000
0FF0000000
0FF0000000
0FF0000000
0FF0000000
0FF0000000
ENDCHAR
STARTCHAR uni20B9
ENCODING 8377
SWIDTH 530 0
DWIDTH 27 0
BBX 24 36 1 0
BITMAP
7FFFFF
7FFFFF
7FFFFF
7FFFFF
FFFFFE
FFFFC0
FFFFE0
007FE0
003FE0
001FF0
7FFFFF
7FFFFF
7FFFFF
FFFFFF
FFFFFE
001FE0
003FE0
007FE0
7FFFC0
7FFFC0
7FFF80
7FFF00
7FFE00
7FF800
3FF000
1FF000
0FF800
0FFC00
07FE00
03FF00
01FF80
00FFC0
007FC0
003FE0
001FF0
001FF8
ENDCHAR
STARTCHAR uni20BA
ENCODING 8378
SWIDTH 608 0
DWIDTH 30 0
BBX 28 36 1 0
BITMAP
0FF00000
0FF00000
0FF00000
0FF00000
0FFF0000
0FFF0000
0FFF0000
7FFF0000
FFFF0000
FFFC0000
FFF00000
FFF00000
EFFF0000
0FFF0000
0FFF0000
3FFF0000
FFFF0000
FFFC1FF0
FFF01FF0
FFF01FF0
EFF01FF0
0FF01FF0
0FF01FE0
0FF01FE0
0FF03FE0
0FF03FE0
0FF07FC0
0FF07FC0
0FF1FF80
0FFFFF80
0FFFFF00
0FFFFE00
0FFFFC00
0FFFF800
0FFFE000
0FFF0000
ENDCHAR
STARTCHAR uni20BC
ENCODING 8380
SWIDTH 694 0
DWIDTH 35 0
BBX 32 26 1 0
BITMAP
000FF000
000FF000
000FF000
000FF000
000FF000
000FF800
007FFE00
01FFFF80
03FFFFE0
07FFFFF0
0FFFFFF8
1FFFFFF8
1FFFFFFC
3FEFF7FC
3FEFF3FE
7FCFF1FE
7F8FF1FF
7F8FF1FF
7F8FF0FF
FF8FF0FF
FF8FF0FF
FF8FF0FF
FF8FF0FF
FF8FF0FF
FF8FF0FF
FF8FF0FF
ENDCHAR
STARTCHAR uni20BD
ENCODING 8381
SWIDTH 725 0
DWIDTH 36 0
BBX 32 36 2 0
BITMAP
0FFFFE00
0FFFFFC0
0FFFFFE0
0FFFFFF8
0FFFFFFC
0FFFFFFC
0FFFFFFE
0FF807FE
0FF801FF
0FF801FF
0FF801FF
0FF800FF
0FF800FF
0FF800FF
0FF801FF
0FF801FF
0FF803FF
FFFFFFFE
FFFFFFFE
FFFFFFFC
FFFFFFF8
FFFFFFF0
FFFFFFC0
FFFFFE00
0FF80000
FFFFF800
FFFFF800
FFFFF800
FFFFF800
FFFFF800
FFFFF800
FFFFF800
0FF80000
0FF80000
0FF80000
0FF80000
ENDCHAR
STARTCHAR uni2105
ENCODING 8453
SWIDTH 732 0
DWIDTH 37 0
BBX 33 36 2 0
BITMAP
07E0000000
1FF8000000
3FFC000000
7FFC000000
7EFE030000
FC7E03C000
FC3E07C000
F8000FC000
F8000F8000
F8001F0000
FC3E1F0000
FC7E3E0000
7EFE7C0000
7FFC7C0000
3FFCF80000
1FF9F00000
07E1F00000
0003E00000
0007C00000
0007C3F000
000F8FFC00
000F9FFE00
001F3FFF00
003E3F3F00
003E7E1F80
007C7E0F80
00F87C0F80
00F87C0F80
01F07C0F80
03E07E0F80
03E07E1F80
03C03FBF00
00C03FFF00
00001FFE00
00000FFC00
000003F000
ENDCHAR
STARTCHAR uni2113
ENCODING 8467
SWIDTH 502 0
DWIDTH 25 0
BBX 24 37 0 -1
BITMAP
001FC0
007FF0
00FFF8
01FFFC
03FFFE
03FFFE
07FFFE
07FCFF
07F87F
07F87F
07F87F
07F8FF
07F8FE
07F8FE
07F9FE
07F9FC
07FBF8
07FFF8
07FFF0
07FFE0
07FFC0
FFFF00
FFFE00
FFF800
FFF800
FFF800
07FC00
07FC00
07FE00
07FFE0
07FFE0
03FFE0
01FFE0
01FFE0
007FE0
003FE0
0007E0
ENDCHAR
STARTCHAR uni2116
ENCODING 8470
SWIDTH 1006 0
DWIDTH 50 0
BBX 45 36 3 0
BITMAP
FF807F807F00
FF807F81FF80
FFC07F83FFE0
FFC07F83FFE0
FFE07F87C1F0
FFE07F8780F0
FFE07F8F80F8
FFF07F8F00F8
FFF07F8F0078
FFF07F8F0078
FFF87F8F0078
FFF87F8F0078
FFFC7F8F80F8
FFFC7F8F80F0
FFFC7F87C1F0
FF7E7F87FFE0
FF7E7F83FFE0
FF7E7F81FFC0
FF3F7F807F00
FF3F7F800000
FF3FFF800000
FF1FFF800000
FF1FFF87FFE0
FF0FFF87FFE0
FF0FFF87FFE0
FF0FFF87FFE0
FF07FF800000
FF07FF800000
FF03FF800000
FF03FF800000
FF03FF800000
FF01FF800000
FF01FF800000
FF01FF800000
FF00FF800000
FF00FF800000
ENDCHAR
STARTCHAR trademark
ENCODING 8482
SWIDTH 634 0
DWIDTH 32 0
BBX 26 14 3 22
BITMAP
FFCF03C0
FFCF87C0
FFCF87C0
1E0F87C0
1E0FCFC0
1E0ECFC0
1E0ECFC0
1E0EDFC0
1E0EFBC0
1E0E7BC0
1E0E7BC0
1E0E7BC0
1E0E73C0
1E0E33C0
ENDCHAR
STARTCHAR uni03A9.dup1
ENCODING 8486
SWIDTH 674 0
DWIDTH 34 0
BBX 29 36 2 0
BITMAP
001FE000
00FFF800
03FFFE00
07FFFF00
0FFFFF80
1FFFFFC0
1FFFFFE0
3FF07FE0
3FF03FF0
7FE03FF0
7FE01FF0
7FC01FF8
7FC01FF8
FFC01FF8
FFC01FF8
FFC01FF8
FFC01FF8
FFC01FF8
FFC01FF8
7FC01FF8
7FC01FF8
7FC01FF0
7FE01FF0
3FE01FE0
3FE03FE0
1FE03FC0
0FF03FC0
0FF07F80
07F87F00
7FFCFFF0
7FFCFFF0
7FFCFFF0
7FFCFFF0
7FFCFFF0
7FFCFFF0
7FFCFFF0
ENDCHAR
STARTCHAR estimated
ENCODING 8494
SWIDTH 630 0
DWIDTH 32 0
BBX 24 26 4 0
BITMAP
007F00
01FFC0
07C3F0
0F0078
1E003C
3C001C
7C001E
7C001E
FC001F
FC001F
FC001F
FC001F
FFFFFF
FFFFFF
FC0000
FC0000
FC0000
FC0000
7C0000
7C0000
3C0000
1C0008
0F0038
07E3F8
03FFE0
007F00
ENDCHAR
STARTCHAR oneeighth
ENCODING 8539
SWIDTH 790 0
DWIDTH 40 0
BBX 35 36 2 0
BITMAP
00C0000000
07C0000000
3FC0000000
FFC0000000
FFC0030000
FFC003C000
E7C007C000
07C00FC000
07C00F8000
07C01F0000
07C01F0000
07C03E0000
07C07C0000
07C07C0000
07C0F80000
07C1F00000
07C1F0FE00
07C3E3FF80
07C7E7FFC0
0007CFFFC0
000F8FCFE0
001F8FC7E0
001F0FC7E0
003E0FCFC0
003E07FFC0
007C03FF00
00F803FF80
00F807FFC0
01F00FC7E0
03E00F83E0
03E00F87E0
03C00FCFE0
00C00FFFE0
000007FFC0
000003FF80
000000FE00
ENDCHAR
STARTCHAR threeeighths
ENCODING 8540
SWIDTH 864 0
DWIDTH 43 0
BBX 40 36 1 0
BITMAP
07F0000000
1FFC000000
7FFE000000
7FFE000000
7E7F001800
FC3F001E00
003F003E00
003F007E00
00FE007C00
03FC00F800
03F800F800
03FE01F000
003F03E000
001F03E000
FC1F07C000
FE3F0F8000
7FFF0F87F0
7FFE1F1FFC
3FFC3F3FFE
0FF03E7FFE
00007C7E7F
0000FC7E3F
0000F87E3F
0001F07E7E
0001F03FFE
0003E01FF8
0007C01FFC
0007C03FFE
000F807E3F
001F007C1F
001F007C3F
001E007E7F
0006007FFF
0000003FFE
0000001FFC
00000007F0
ENDCHAR
STARTCHAR fiveeighths
ENCODING 8541
SWIDTH 852 0
DWIDTH 43 0
BBX 38 36 2 0
BITMAP
3FFE000000
3FFE000000
3FFE000000
3FFE000000
3E00006000
7C00007800
7C0000F800
7DF801F800
7FFC01F000
7FFE03E000
7FFF03E000
003F07C000
003F0F8000
003F0F8000
FC3F1F0000
7E7E3E0000
7FFE3E1FC0
3FFC7C7FF0
1FF8FCFFF8
07F0F9FFF8
0001F1F9FC
0003F1F8FC
0003E1F8FC
0007C1F9F8
0007C0FFF8
000F807FE0
001F007FF0
001F00FFF8
003E01F8FC
007C01F07C
007C01F0FC
007801F9FC
001801FFFC
000000FFF8
0000007FF0
0000001FC0
ENDCHAR
STARTCHAR seveneighths
ENCODING 8542
SWIDTH 890 0
DWIDTH 45 0
BBX 37 36 2 0
BITMAP
FFFF000000
FFFF000000
FFFF000000
FFFF000000
003E00C000
003E00F000
007C01F000
00FC03F000
00F803E000
01F807C000
01F007C000
03F00F8000
03E01F0000
07E01F0000
07C03E0000
0FC07C0000
0F807C3F80
1F80F8FFE0
1F01F9FFF0
0001F3FFF0
0003E3F3F8
0007E3F1F8
0007C3F1F8
000F83F3F0
000F81FFF0
001F00FFC0
003E00FFE0
003E01FFF0
007C03F1F8
00F803E0F8
00F803E1F8
00F003F3F8
003003FFF8
000001FFF0
000000FFE0
0000003F80
ENDCHAR
STARTCHAR partialdiff
ENCODING 8706
SWIDTH 573 0
DWIDTH 29 0
BBX 26 38 2 0
BITMAP
01FE0000
07FFC000
0FFFE000
0FFFF000
0FFFF800
07FFFC00
070FFE00
0003FE00
0000FF00
0000FF00
00007F00
00007F80
00FE3F80
03FFBF80
0FFFFF80
1FFFFF80
3FFFFF80
3FFFFF80
7FE3FFC0
7FC0FFC0
FF807FC0
FF807FC0
FF007FC0
FF007F80
FF007F80
FF007F80
FF007F80
FF007F80
FF807F80
7F80FF00
7FC0FF00
7FE3FE00
3FFFFE00
1FFFFC00
1FFFF800
07FFF000
03FFE000
007F0000
ENDCHAR
STARTCHAR uni0394.dup2
ENCODING 8710
SWIDTH 744 0
DWIDTH 37 0
BBX 36 36 1 0
BITMAP
0007FE0000
0007FE0000
000FFE0000
000FFF0000
001FFF0000
001FFF8000
001FFF8000
003FFF8000
003FFFC000
003FFFC000
007FFFE000
007FBFE000
00FF9FE000
00FF9FF000
00FF1FF000
01FF0FF000
01FE0FF800
03FE07F800
03FE07FC00
03FC07FC00
07FC03FC00
07FC03FE00
07F803FE00
0FF801FF00
0FF801FF00
1FF000FF00
1FF000FF80
1FF000FF80
3FE0007FC0
3FFFFFFFC0
3FFFFFFFC0
7FFFFFFFE0
7FFFFFFFE0
FFFFFFFFE0
FFFFFFFFF0
FFFFFFFFF0
ENDCHAR
STARTCHAR product
ENCODING 8719
SWIDTH 687 0
DWIDTH 34 0
BBX 27 43 4 -7
BITMAP
FFFFFFE0
FFFFFFE0
FFFFFFE0
FFFFFFE0
FFFFFFE0
FFFFFFE0
FF003FE0
FF003FE0
FF003FE0
FF003FE0
FF003FE0
FF003FE0
FF003FE0
FF003FE0
FF003FE0
FF003FE0
FF003FE0
FF003FE0
FF003FE0
FF003FE0
FF003FE0
FF003FE0
FF003FE0
FF003FE0
FF003FE0
FF003FE0
FF003FE0
FF003FE0
FF003FE0
FF003FE0
FF003FE0
FF003FE0
FF003FE0
FF003FE0
FF003FE0
FF003FE0
FF003FE0
FF003FE0
FF003FE0
FF003FE0
FF003FE0
FF003FE0
FF003FE0
ENDCHAR
STARTCHAR summation
ENCODING 8721
SWIDTH 648 0
DWIDTH 32 0
BBX 30 43 1 -7
BITMAP
FFFFFFF8
FFFFFFF8
FFFFFFF8
FFFFFFF8
7FFFFFF8
3FFFFFF8
3FF00000
1FF80000
0FF80000
07FC0000
07FE0000
03FE0000
01FF0000
00FF8000
00FFC000
007FC000
003FE000
001FF000
000FF800
000FF800
0007FC00
0007FC00
0007FC00
000FF800
001FF000
003FF000
003FE000
007FC000
00FF8000
00FF8000
01FF0000
03FE0000
07FE0000
07FC0000
0FF80000
1FF00000
3FF00000
3FFFFFFC
7FFFFFFC
FFFFFFFC
FFFFFFFC
FFFFFFFC
FFFFFFFC
ENDCHAR
STARTCHAR minus
ENCODING 8722
SWIDTH 546 0
DWIDTH 27 0
BBX 22 6 3 14
BITMAP
FFFFFC
FFFFFC
FFFFFC
FFFFFC
FFFFFC
FFFFFC
ENDCHAR
STARTCHAR radical
ENCODING 8730
SWIDTH 542 0
DWIDTH 27 0
BBX 26 36 1 0
BITMAP
00000FC0
00001F80
00001F80
00001F80
00001F80
00001F80
00003F00
00003F00
00003F00
00003F00
00007E00
00007E00
00007E00
00007E00
00007C00
0000FC00
0000FC00
0000FC00
FFE0F800
FFE1F800
FFE1F800
FFF1F800
FFF1F000
FFF1F000
03F3F000
01FBF000
01FBF000
01FBE000
01FFE000
00FFE000
00FFE000
00FFC000
007FC000
007FC000
007FC000
003F8000
ENDCHAR
STARTCHAR infinity
ENCODING 8734
SWIDTH 1060 0
DWIDTH 53 0
BBX 49 26 2 0
BITMAP
007F8000FF0000
01FFE003FFC000
07FFF80FFFF000
0FFFFC1FFFF800
1FFFFE3FFFFC00
3FFFFF7FFFFE00
3FFFFF7FFFFE00
7FE07FFF03FF00
7FC03FFE01FF00
7F801FFC00FF00
FF800FF800FF80
FF000FF8007F80
FF000FF8007F80
FF000FF8007F80
FF000FF8007F80
FF801FFC00FF80
7F801FFC00FF00
7FC03FFE01FF00
7FE07FFF03FF00
3FFFFF7FFFFE00
3FFFFF7FFFFE00
1FFFFE3FFFFC00
0FFFFC1FFFF800
07FFF80FFFF000
01FFE003FFC000
007F8000FF0000
ENDCHAR
STARTCHAR integral
ENCODING 8747
SWIDTH 306 0
DWIDTH 15 0
BBX 20 49 -2 -10
BITMAP
000FF0
007FF0
00FFE0
01FFE0
03FFE0
03FFE0
07FF00
07FC00
07FC00
07F800
07F800
07F800
07F800
07F800
07F800
07F800
07F800
07F800
07F800
07F800
07F800
07F800
07F800
07F800
07F800
07F800
07F800
07F800
07F800
07F800
07F800
07F800
07F800
07F800
07F800
07F800
07F800
07F800
07F800
07F800
07F800
07F800
9FF800
FFF800
FFF000
FFF000
FFE000
FF8000
FE0000
ENDCHAR
STARTCHAR approxequal
ENCODING 8776
SWIDTH 583 0
DWIDTH 29 0
BBX 24 19 2 6
BITMAP
0FC000
3FF001
7FFC03
FFFFFF
FFFFFF
FFFFFF
E01FFF
C007FE
8000F8
000000
0FC000
3FF001
7FFC03
FFFFFF
FFFFFF
FFFFFF
E01FFF
C007FE
8001F8
ENDCHAR
STARTCHAR notequal
ENCODING 8800
SWIDTH 585 0
DWIDTH 29 0
BBX 23 26 3 2
BITMAP
0000C0
0001E0
0001E0
0003C0
0003C0
FFFFFE
FFFFFE
FFFFFE
FFFFFE
FFFFFE
FFFFFE
003C00
003C00
007800
007800
FFFFFE
FFFFFE
FFFFFE
FFFFFE
FFFFFE
FFFFFE
078000
0F0000
0F0000
1E0000
060000
ENDCHAR
STARTCHAR lessequal
ENCODING 8804
SWIDTH 510 0
DWIDTH 26 0
BBX 22 27 1 0
BITMAP
00000C
00007C
0003FC
001FFC
00FFFC
07FFFC
7FFFF0
FFFF00
FFF000
FF8000
FFF000
FFFF00
7FFFF0
07FFFC
00FFFC
001FFC
0003FC
00007C
00000C
000000
000000
FFFFFC
FFFFFC
FFFFFC
FFFFFC
FFFFFC
FFFFFC
ENDCHAR
STARTCHAR greaterequal
ENCODING 8805
SWIDTH 513 0
DWIDTH 26 0
BBX 21 27 3 0
BITMAP
800000
F00000
FF0000
FFE000
FFFC00
FFFF80
7FFFF0
07FFF8
007FF8
0007F8
007FF8
07FFF8
7FFFF0
FFFF80
FFFC00
FFE000
FE0000
F00000
800000
000000
000000
FFFFF8
FFFFF8
FFFFF8
FFFFF8
FFFFF8
FFFFF8
ENDCHAR
STARTCHAR lozenge
ENCODING 9674
SWIDTH 511 0
DWIDTH 26 0
BBX 24 36 1 0
BITMAP
00FF00
00FF00
01FF80
01FF80
03FFC0
03FFC0
07FFE0
07FFE0
0FFFF0
0FEFF0
1FE7F8
1FE7F8
3FC3F8
3FC3FC
7F83FC
7F81FE
FF01FE
FF00FF
FF00FF
FF01FE
7F81FE
7F83FC
3FC3FC
3FC3F8
1FE7F8
1FE7F8
0FEFF0
0FFFF0
07FFE0
07FFE0
03FFC0
03FFC0
01FF80
01FF80
00FF00
00FF00
ENDCHAR
STARTCHAR uniEE01
ENCODING 60929
SWIDTH 293 0
DWIDTH 15 0
BBX 9 27 3 5
BITMAP
3E00
7F00
FF80
FF80
FF80
FF80
7F00
3E00
0000
0000
0000
0000
0000
0000
0000
0000
0000
0000
0000
3E00
7F00
FF80
FF80
FF80
FF80
7F00
3E00
ENDCHAR
STARTCHAR uniEE02
ENCODING 60930
SWIDTH 317 0
DWIDTH 16 0
BBX 12 10 2 16
BITMAP
F0F0
F0F0
F0F0
F0F0
F0F0
F0F0
F0F0
F0F0
F0F0
F0F0
ENDCHAR
STARTCHAR uniF6C3
ENCODING 63171
SWIDTH 215 0
DWIDTH 11 0
BBX 7 11 1 -4
BITMAP
3E
3E
3E
3E
3E
7E
7C
7C
F8
78
10
ENDCHAR
STARTCHAR uniFB01
ENCODING 64257
SWIDTH 636 0
DWIDTH 32 0
BBX 29 39 0 0
BITMAP
000FFC00
003FFF80
00FFFF80
01FFFF80
03FFFF80
07FFFF80
07FFFF00
07FC0100
0FF80000
0FF80000
0FF80000
0FF80000
0FF80000
FFFFC7F8
FFFFC7F8
FFFFC7F8
FFFFC7F8
FFFFC7F8
FFFFC7F8
0FF807F8
0FF807F8
0FF807F8
0FF807F8
0FF807F8
0FF807F8
0FF807F8
0FF807F8
0FF807F8
0FF807F8
0FF807F8
0FF807F8
0FF807F8
0FF807F8
0FF807F8
0FF807F8
0FF807F8
0FF807F8
0FF807F8
0FF807F8
ENDCHAR
STARTCHAR uniFB02
ENCODING 64258
SWIDTH 634 0
DWIDTH 32 0
BBX 29 39 0 0
BITMAP
000FFFF8
007FFFF8
01FFFFF8
03FFFFF8
03FFFFF8
07FFFFF8
07FE0FF8
0FF807F8
0FF807F8
0FF007F8
0FF007F8
0FF007F8
0FF007F8
FFFFC7F8
FFFFC7F8
FFFFC7F8
FFFFC7F8
FFFFC7F8
FFFFC7F8
0FF007F8
0FF007F8
0FF007F8
0FF007F8
0FF007F8
0FF007F8
0FF007F8
0FF007F8
0FF007F8
0FF007F8
0FF007F8
0FF007F8
0FF007F8
0FF007F8
0FF007F8
0FF007F8
0FF007F8
0FF007F8
0FF007F8
0FF007F8
ENDCHAR
STARTCHAR uniFB03
ENCODING 64259
SWIDTH 965 0
DWIDTH 48 0
BBX 46 39 0 0
BITMAP
003FC007FC00
00FFC03FFFC0
01FFC0FFFFC0
03FFC1FFFF80
07FFC1FFFF80
07FFC3FFFF80
0FFE03FFFF80
0FF807FE0180
0FF807FC0000
0FF007F80000
0FF007F80000
0FF007F80000
0FF007F80000
FFFFFFFFC7FC
FFFFFFFFC7FC
FFFFFFFFC7FC
FFFFFFFFC7FC
FFFFFFFFC7FC
FFFFFFFFC7FC
0FF007F807FC
0FF007F807FC
0FF007F807FC
0FF007F807FC
0FF007F807FC
0FF007F807FC
0FF007F807FC
0FF007F807FC
0FF007F807FC
0FF007F807FC
0FF007F807FC
0FF007F807FC
0FF007F807FC
0FF007F807FC
0FF007F807FC
0FF007F807FC
0FF007F807FC
0FF007F807FC
0FF007F807FC
0FF007F807FC
ENDCHAR
STARTCHAR uniFB04
ENCODING 64260
SWIDTH 965 0
DWIDTH 48 0
BBX 46 39 0 0
BITMAP
003FC00FFFF8
00FFC03FFFFC
01FFC0FFFFFC
03FFC1FFFFFC
07FFC3FFFFFC
07FFC3FFFFFC
0FFE07FF07FC
0FF807FC07FC
0FF807F807FC
0FF007F807FC
0FF007F807FC
0FF007F807FC
0FF007F807FC
FFFFFFFFC7FC
FFFFFFFFC7FC
FFFFFFFFC7FC
FFFFFFFFC7FC
FFFFFFFFC7FC
FFFFFFFFC7FC
0FF007F807FC
0FF007F807FC
0FF007F807FC
0FF007F807FC
0FF007F807FC
0FF007F807FC
0FF007F807FC
0FF007F807FC
0FF007F807FC
0FF007F807FC
0FF007F807FC
0FF007F807FC
0FF007F807FC
0FF007F807FC
0FF007F807FC
0FF007F807FC
0FF007F807FC
0FF007F807FC
0FF007F807FC
0FF007F807FC
ENDCHAR
STARTCHAR uniFEFF
ENCODING 65279
SWIDTH 0 0
DWIDTH 0 0
BBX 1 1 0 0
BITMAP
00
ENDCHAR
STARTCHAR uniFFFC
ENCODING 65532
SWIDTH 1019 0
DWIDTH 51 0
BBX 47 46 2 -10
BITMAP
FF1F8FE3F8FE
FF1F8FE3F8FE
FF1F8FE3F8FE
E00000000006
E00000000006
E00000000006
E00000000006
000000000000
000000000000
000000000000
000000000000
E00000000006
E00000000006
E00000000006
E00000000006
E00000000006
E0000F800186
007F0FF00180
00E38FF80180
01C1CC180180
E180CC180186
E180CC180186
E180CFF00186
E180CFF80186
E180CC180186
E180CC1C0186
0181CC1CC180
00C18C1CE380
00FF0FF87F00
E03E0FE01E06
E00000000006
E00000000006
E00000000006
E00000000006
E00000000006
000000000000
000000000000
000000000000
E00000000006
E00000000006
E00000000006
E00000000006
E00000000006
FF1F8FE3F8FE
FF1F8FE3F8FE
FF1F8FE3F8FE
ENDCHAR
STARTCHAR uniFFFD
ENCODING 65533
SWIDTH 1025 0
DWIDTH 51 0
BBX 47 47 2 -8
BITMAP
000001800000
000003C00000
000007E00000
00000FF00000
00001FF80000
00003FFC0000
00007FFC0000
0000FFFE0000
0001FFFF0000
0003FFFF8000
0007FFFFC000
000FFFFFE000
001FFFFFF000
003FF01FF800
007FC007FC00
00FF8003FE00
01FF8001FF00
03FF0381FF80
07FF07C1FFC0
0FFFFFC1FFE0
1FFFFFC1FFF0
3FFFFFC1FFF8
7FFFFF81FFFC
FFFFFF03FFFE
7FFFFE07FFFC
3FFFFC0FFFF8
1FFFF83FFFF0
0FFFF83FFFE0
07FFF83FFFC0
03FFFFFFFF80
01FFFFFFFF00
00FFF83FFE00
007FF83FFC00
003FF83FF800
001FF83FF000
000FF83FE000
0007FFFFC000
0003FFFF8000
0001FFFF0000
0000FFFE0000
00007FFC0000
00003FF80000
00001FF00000
00000FE00000
000007C00000
000003800000
000001000000
ENDCHAR
STARTCHAR .notdef
ENCODING 65535
SWIDTH 443 0
DWIDTH 22 0
BBX 18 36 2 0
BITMAP
FFFFC0
FFFFC0
E001C0
E001C0
F003C0
D002C0
D806C0
C804C0
CC0CC0
C408C0
C408C0
C618C0
C210C0
C330C0
C120C0
C1E0C0
C0C0C0
C0C0C0
C0C0C0
C0C0C0
C1E0C0
C120C0
C330C0
C310C0
C210C0
C618C0
C408C0
CC0CC0
C804C0
C806C0
D802C0
D002C0
F003C0
E001C0
E001C0
FFFFC0
ENDCHAR
STARTCHAR glyph369
ENCODING -1
SWIDTH 383 0
DWIDTH 19 0
BBX 15 9 2 28
BITMAP
F03E
F07C
F07C
F078
F0F0
F8E0
7CE0
39C0
1000
ENDCHAR
STARTCHAR uni2009.locl
ENCODING -1
SWIDTH 125 0
DWIDTH 6 0
BBX 1 1 0 0
BITMAP
00
ENDCHAR
STARTCHAR f_f.dlig
ENCODING -1
SWIDTH 668 0
DWIDTH 33 0
BBX 33 39 0 0
BITMAP
003FC07F80
00FFC1FF80
01FFC3FF80
03FFC7FF80
07FFCFFF80
07FFCFFF80
0FFE1FFC00
0FF81FF000
0FF81FF000
0FF01FE000
0FF01FE000
0FF01FE000
0FF01FE000
FFFFFFFF80
FFFFFFFF80
FFFFFFFF80
FFFFFFFF80
FFFFFFFF80
FFFFFFFF80
0FF01FE000
0FF01FE000
0FF01FE000
0FF01FE000
0FF01FE000
0FF01FE000
0FF01FE000
0FF01FE000
0FF01FE000
0FF01FE000
0FF01FE000
0FF01FE000
0FF01FE000
0FF01FE000
0FF01FE000
0FF01FE000
0FF01FE000
0FF01FE000
0FF01FE000
0FF01FE000
ENDCHAR
STARTCHAR longs_t.dlig
ENCODING -1
SWIDTH 660 0
DWIDTH 33 0
BBX 33 39 0 0
BITMAP
001FF00000
00FFFF0000
01FFFFE000
03FFFFF000
07FFFFF000
07FFFFF000
0FFE3FF000
0FF80FF000
0FF80FF000
0FF00FF000
0FF00FF000
0FF00FF000
0FF00FF000
FFF0FFFF00
FFF0FFFF00
FFF0FFFF00
FFF0FFFF00
FFF0FFFF00
FFF0FFFF00
0FF00FF000
0FF00FF000
0FF00FF000
0FF00FF000
0FF00FF000
0FF00FF000
0FF00FF000
0FF00FF000
0FF00FF000
0FF00FF000
0FF00FF000
0FF00FF000
0FF00FF000
0FF00FFC80
0FF00FFF80
0FF00FFF80
0FF007FF80
0FF007FF80
0FF003FF80
0FF000FF00
ENDCHAR
STARTCHAR s_t.dlig
ENCODING -1
SWIDTH 862 0
DWIDTH 43 0
BBX 42 39 1 0
BITMAP
000007F80000
00003FFF0000
00007FFF8000
0000FFFFC000
0001FFFFE000
0001FFFFF000
0003FC1FF000
0003FC0FF000
0003F80FF800
0003F80FF800
0003F807F800
0001F807F800
0001F807F800
01FFFC7FFF80
07FFFC7FFF80
1FFFFC7FFF80
3FFFFC7FFF80
3FFFFE7FFF80
7FEFFE7FFF80
7F83FE07F800
7F01FE07F800
7F81FE07F800
7FC00007F800
7FF80007F800
3FFF8007F800
1FFFE007F800
0FFFF807F800
03FFFC07F800
007FFE07F800
0007FE07F800
FF01FE07F800
FF01FE07F800
FF81FE07FE40
7FE7FE07FFC0
7FFFFC07FFC0
3FFFF803FFC0
1FFFF003FFC0
07FFE001FFC0
01FF00007F80
ENDCHAR
STARTCHAR two.dnom
ENCODING -1
SWIDTH 375 0
DWIDTH 19 0
BBX 16 20 1 0
BITMAP
07E0
1FF8
3FFC
7FFE
7E7E
FC3F
FC3F
003E
007E
00FE
01FC
03F8
07F0
0FE0
1F80
3F00
7FFF
7FFF
7FFF
7FFF
ENDCHAR
STARTCHAR one.dnom
ENCODING -1
SWIDTH 375 0
DWIDTH 19 0
BBX 10 19 3 0
BITMAP
00C0
07C0
3FC0
FFC0
FFC0
FFC0
E7C0
07C0
07C0
07C0
07C0
07C0
07C0
07C0
07C0
07C0
07C0
07C0
07C0
ENDCHAR
STARTCHAR zero.dnom
ENCODING -1
SWIDTH 375 0
DWIDTH 19 0
BBX 15 20 2 0
BITMAP
0FE0
3FF0
7FF8
7FFC
FCFE
F87E
F83E
F83E
F83E
F83E
F83E
F83E
F83E
F83E
F87E
FCFE
7FFC
7FFC
3FF0
0FE0
ENDCHAR
STARTCHAR nine.c2sc
ENCODING -1
SWIDTH 525 0
DWIDTH 26 0
BBX 22 28 2 0
BITMAP
01FE00
07FFC0
1FFFE0
3FFFF0
7FFFF8
7FFFF8
FFCFFC
FF83FC
FF03FC
FF03FC
FF03FC
FF03FC
FF83FC
FFFFFC
FFFFFC
7FFFFC
3FFFFC
1FFFFC
07F3FC
0007F8
000FF8
003FF8
07FFF0
07FFE0
07FFC0
07FF80
07FE00
07E000
ENDCHAR
STARTCHAR eight.c2sc
ENCODING -1
SWIDTH 525 0
DWIDTH 26 0
BBX 23 28 2 0
BITMAP
01FF00
0FFFC0
1FFFF0
3FFFF8
7FFFF8
7FFFFC
FFCFFC
FF83FC
FF83FC
7F87FC
7FFFF8
3FFFF0
1FFFE0
0FFFC0
3FFFF0
7FFFF8
7FFFFC
FF83FC
FF03FC
FF03FE
FF03FE
FFCFFC
FFFFFC
7FFFFC
7FFFF8
3FFFF0
0FFFC0
01FF00
ENDCHAR
STARTCHAR seven.c2sc
ENCODING -1
SWIDTH 525 0
DWIDTH 26 0
BBX 23 28 1 0
BITMAP
FFFFFE
FFFFFE
FFFFFE
FFFFFE
FFFFFE
FFFFFE
0001FC
0003FC
0003F8
0007F8
0007F0
000FF0
001FE0
001FE0
003FC0
003FC0
007F80
007F80
00FF00
00FF00
01FE00
01FE00
03FE00
03FC00
07FC00
0FF800
0FF800
1FF000
ENDCHAR
STARTCHAR six.c2sc
ENCODING -1
SWIDTH 525 0
DWIDTH 26 0
BBX 23 29 2 0
BITMAP
000FC0
007FC0
01FFC0
07FFC0
0FFFC0
1FFFC0
3FFF00
7FF000
7FC000
FF8000
FF9FC0
FF7FF0
FFFFF8
FFFFFC
FFFFFC
FFFFFE
FFC7FE
FF01FE
FF01FE
FF01FE
FF01FE
FF03FE
FFC7FE
7FFFFC
7FFFFC
3FFFF8
1FFFF0
07FFC0
01FF00
ENDCHAR
STARTCHAR five.c2sc
ENCODING -1
SWIDTH 525 0
DWIDTH 26 0
BBX 23 28 1 0
BITMAP
1FFFFC
1FFFFC
1FFFFC
3FFFFC
3FFFFC
3FFFFC
3FC000
3F8000
3F8000
3FBFC0
7FFFF0
7FFFF8
7FFFFC
7FFFFC
1F87FE
0103FE
0001FE
0001FE
0001FE
FF81FE
FF81FE
7FC7FE
7FFFFC
3FFFFC
3FFFF8
0FFFF0
07FFC0
00FF00
ENDCHAR
STARTCHAR four.c2sc
ENCODING -1
SWIDTH 525 0
DWIDTH 26 0
BBX 24 28 1 0
BITMAP
000FF8
000FF8
001FF8
003FF8
007FF8
007FF8
00FFF8
01FFF8
01FFF8
03FFF8
07F7F8
0FE7F8
0FC7F8
1FC7F8
3F87F8
7F07F8
7FFFFF
FFFFFF
7FFFFF
7FFFFF
7FFFFF
7FFFFF
0007F8
0007F8
0007F8
0007F8
0007F8
0007F8
ENDCHAR
STARTCHAR three.c2sc
ENCODING -1
SWIDTH 525 0
DWIDTH 26 0
BBX 24 28 1 0
BITMAP
01FF00
07FFE0
1FFFF8
3FFFFC
7FFFFC
7FFFFE
FFC7FE
FF81FE
0001FE
0001FE
0003FC
00FFFC
00FFF0
00FFE0
00FFF8
00FFFC
0003FE
0001FE
0001FF
FF01FF
FF81FF
FFE7FF
FFFFFE
7FFFFE
3FFFFC
1FFFF8
0FFFE0
01FF00
ENDCHAR
STARTCHAR two.c2sc
ENCODING -1
SWIDTH 525 0
DWIDTH 26 0
BBX 23 28 1 0
BITMAP
01FF00
07FFE0
0FFFF0
1FFFF8
3FFFFC
7FFFFC
7FE7FE
FF83FE
FF83FE
FF03FE
0003FE
0007FC
0007FC
000FF8
003FF0
007FE0
00FFC0
01FF80
03FF00
07FC00
1FF800
3FF000
7FFFFE
7FFFFE
7FFFFE
7FFFFE
7FFFFE
7FFFFE
ENDCHAR
STARTCHAR one.c2sc
ENCODING -1
SWIDTH 525 0
DWIDTH 26 0
BBX 15 28 4 0
BITMAP
0006
007E
03FE
1FFE
FFFE
FFFE
FFFE
FFFE
FFFE
F1FE
01FE
01FE
01FE
01FE
01FE
01FE
01FE
01FE
01FE
01FE
01FE
01FE
01FE
01FE
01FE
01FE
01FE
01FE
ENDCHAR
STARTCHAR zero.c2sc
ENCODING -1
SWIDTH 525 0
DWIDTH 26 0
BBX 23 28 2 0
BITMAP
01FE00
07FFC0
1FFFE0
3FFFF0
7FFFF8
7FFFF8
FFCFFC
FF83FC
FF03FC
FF03FC
FF03FE
FF03FE
FF03FE
FF03FE
FF03FE
FF03FE
FF03FE
FF03FE
FF03FC
FF03FC
FF83FC
FFCFFC
7FFFFC
7FFFF8
3FFFF0
1FFFE0
07FFC0
01FE00
ENDCHAR
STARTCHAR Z.c2sc
ENCODING -1
SWIDTH 527 0
DWIDTH 26 0
BBX 25 28 1 0
BITMAP
FFFFFF80
FFFFFF80
FFFFFF80
FFFFFF80
FFFFFF00
FFFFFE00
0003FE00
0007FC00
000FF800
001FF000
001FF000
003FE000
007FC000
00FF8000
00FF8000
01FF0000
03FE0000
07FC0000
07FC0000
0FF80000
1FF00000
3FE00000
7FFFFF80
7FFFFF80
FFFFFF80
FFFFFF80
FFFFFF80
FFFFFF80
ENDCHAR
STARTCHAR Y.c2sc
ENCODING -1
SWIDTH 546 0
DWIDTH 27 0
BBX 27 28 0 0
BITMAP
FF803FE0
7F803FE0
7FC03FC0
3FC07FC0
3FE07F80
1FE0FF80
1FF0FF00
0FF1FF00
0FF1FE00
07FBFC00
07FBFC00
03FFF800
01FFF800
01FFF000
00FFF000
00FFE000
007FE000
007FC000
007FC000
007FC000
007FC000
007FC000
007FC000
007FC000
007FC000
007FC000
007FC000
007FC000
ENDCHAR
STARTCHAR X.c2sc
ENCODING -1
SWIDTH 551 0
DWIDTH 28 0
BBX 27 28 0 0
BITMAP
FF807FE0
7FC07FC0
7FC0FF80
3FE0FF80
1FE1FF00
1FF1FF00
0FF3FE00
0FFBFC00
07FFFC00
03FFF800
03FFF800
01FFF000
01FFE000
00FFE000
00FFE000
01FFF000
01FFF000
03FFF800
07FFFC00
07FBFC00
0FFBFE00
0FF1FF00
1FF1FF00
3FE0FF80
3FE0FF80
7FC07FC0
7FC07FE0
FF803FE0
ENDCHAR
STARTCHAR W.c2sc
ENCODING -1
SWIDTH 743 0
DWIDTH 37 0
BBX 35 28 1 0
BITMAP
FF03F81FE0
FF07F81FE0
FF07FC1FE0
FF07FC1FE0
7F07FC1FC0
7F07FC1FC0
7F8FFC3FC0
7F8FFE3FC0
7F8FFE3F80
3F8FFE3F80
3F8FFE3F80
3F9FFF7F80
3FDFFF7F80
1FDFFF7F00
1FDFBF7F00
1FFFBF7F00
1FFFBFFF00
1FFFBFFE00
0FFF1FFE00
0FFF1FFE00
0FFF1FFE00
0FFF1FFE00
07FE1FFC00
07FE0FFC00
07FE0FFC00
07FE0FFC00
07FE0FF800
03FC07F800
ENDCHAR
STARTCHAR V.c2sc
ENCODING -1
SWIDTH 573 0
DWIDTH 29 0
BBX 29 28 0 0
BITMAP
FF000FF8
FF800FF0
7F800FF0
7F801FF0
7FC01FE0
3FC01FE0
3FC03FE0
3FC03FC0
1FE03FC0
1FE03FC0
1FE07F80
0FF07F80
0FF07F80
0FF0FF00
07F8FF00
07F8FE00
03F9FE00
03F9FE00
03FDFC00
01FDFC00
01FFFC00
01FFF800
00FFF800
00FFF800
00FFF000
007FF000
007FF000
007FE000
ENDCHAR
STARTCHAR U.c2sc
ENCODING -1
SWIDTH 575 0
DWIDTH 29 0
BBX 25 28 2 0
BITMAP
FF00FF80
FF00FF80
FF00FF80
FF00FF80
FF00FF80
FF00FF80
FF00FF80
FF00FF80
FF00FF80
FF00FF80
FF00FF80
FF00FF80
FF00FF80
FF00FF80
FF00FF80
FF00FF80
FF00FF80
FF00FF80
FF00FF80
FF80FF80
FF80FF00
7FE3FF00
7FFFFF00
3FFFFE00
3FFFFC00
0FFFF800
07FFF000
00FF8000
ENDCHAR
STARTCHAR T.c2sc
ENCODING -1
SWIDTH 550 0
DWIDTH 28 0
BBX 26 28 1 0
BITMAP
FFFFFFC0
FFFFFFC0
FFFFFFC0
FFFFFFC0
FFFFFFC0
FFFFFFC0
00FF8000
00FF8000
00FF8000
00FF8000
00FF8000
00FF8000
00FF8000
00FF8000
00FF8000
00FF8000
00FF8000
00FF8000
00FF8000
00FF8000
00FF8000
00FF8000
00FF8000
00FF8000
00FF8000
00FF8000
00FF8000
00FF8000
ENDCHAR
STARTCHAR S.c2sc
ENCODING -1
SWIDTH 546 0
DWIDTH 27 0
BBX 25 28 1 0
BITMAP
00FF8000
03FFF000
0FFFF800
1FFFFC00
3FFFFE00
3FFFFF00
3FC1FF00
7F80FF00
7F80FF80
7FC00000
3FF00000
3FFF0000
3FFFE000
1FFFF800
07FFFC00
01FFFE00
001FFF00
0003FF00
FF80FF00
FF807F00
7F807F00
7FC0FF00
7FFFFF00
3FFFFF00
1FFFFE00
0FFFFC00
03FFF000
007F8000
ENDCHAR
STARTCHAR R.c2sc
ENCODING -1
SWIDTH 571 0
DWIDTH 29 0
BBX 25 28 2 0
BITMAP
FFFF8000
FFFFF000
FFFFFC00
FFFFFE00
FFFFFE00
FFFFFF00
FF03FF00
FF01FF00
FF00FF00
FF00FF00
FF00FF00
FF00FF00
FF03FF00
FFFFFE00
FFFFFC00
FFFFF800
FFFFF000
FFFFF000
FFFFF000
FF0FF800
FF0FF800
FF07FC00
FF07FC00
FF03FE00
FF01FF00
FF01FF00
FF00FF80
FF00FF80
ENDCHAR
STARTCHAR Q.c2sc
ENCODING -1
SWIDTH 593 0
DWIDTH 30 0
BBX 28 33 1 -5
BITMAP
003FC000
01FFF800
07FFFC00
0FFFFF00
1FFFFF80
1FFFFF80
3FF0FFC0
7FC07FC0
7FC03FE0
7F801FE0
7F801FE0
FF801FE0
FF801FF0
FF801FF0
FF801FF0
FF801FF0
FF801FE0
7F801FE0
7F801FE0
7FC03FE0
7FE07FC0
3FF0FFC0
1FFFFF80
1FFFFF80
0FFFFF00
07FFFE00
01FFFF00
003FFF80
0000FFE0
00007FC0
00001F80
00000F00
00000600
ENDCHAR
STARTCHAR P.c2sc
ENCODING -1
SWIDTH 564 0
DWIDTH 28 0
BBX 25 28 2 0
BITMAP
FFFF8000
FFFFE000
FFFFF800
FFFFFC00
FFFFFE00
FFFFFE00
FF03FF00
FF01FF00
FF00FF00
FF00FF80
FF00FF80
FF00FF00
FF03FF00
FFFFFF00
FFFFFE00
FFFFFC00
FFFFF800
FFFFF000
FFFF8000
FF000000
FF000000
FF000000
FF000000
FF000000
FF000000
FF000000
FF000000
FF000000
ENDCHAR
STARTCHAR O.c2sc
ENCODING -1
SWIDTH 593 0
DWIDTH 30 0
BBX 27 28 1 0
BITMAP
003FC000
01FFF800
07FFFC00
0FFFFE00
1FFFFF00
3FFFFF80
3FF1FFC0
7FC07FC0
7FC03FE0
7F803FE0
FF801FE0
FF801FE0
FF001FE0
FF001FE0
FF001FE0
FF801FE0
FF801FE0
FF801FE0
7F803FE0
7FC03FE0
7FC07FC0
3FF1FFC0
3FFFFF80
1FFFFF00
0FFFFE00
07FFFC00
01FFF800
003FC000
ENDCHAR
STARTCHAR N.c2sc
ENCODING -1
SWIDTH 601 0
DWIDTH 30 0
BBX 26 28 2 0
BITMAP
FF803FC0
FF803FC0
FFC03FC0
FFC03FC0
FFE03FC0
FFE03FC0
FFF03FC0
FFF83FC0
FFF83FC0
FFFC3FC0
FFFC3FC0
FFFE3FC0
FF7F3FC0
FF7F3FC0
FF3FBFC0
FF3FBFC0
FF1FFFC0
FF0FFFC0
FF0FFFC0
FF07FFC0
FF07FFC0
FF03FFC0
FF01FFC0
FF01FFC0
FF00FFC0
FF00FFC0
FF007FC0
FF003FC0
ENDCHAR
STARTCHAR M.c2sc
ENCODING -1
SWIDTH 754 0
DWIDTH 38 0
BBX 34 28 2 0
BITMAP
FFE001FFC0
FFE003FFC0
FFF003FFC0
FFF003FFC0
FFF007FFC0
FFF807FFC0
FFF807FFC0
FFF80FFFC0
FFFC0FFFC0
FEFC0FFFC0
FFFC1FFFC0
FFFE1FBFC0
FF7E1FBFC0
FF7E3FBFC0
FF7F3F3FC0
FF3F3F3FC0
FF3F7F3FC0
FF3FFE3FC0
FF1FFE3FC0
FF1FFC3FC0
FF0FFC3FC0
FF0FFC3FC0
FF0FF87FC0
FF07F87FC0
FF07F87FC0
FF07F07FC0
FF03F07FC0
FF03F07FC0
ENDCHAR
STARTCHAR L.c2sc
ENCODING -1
SWIDTH 466 0
DWIDTH 23 0
BBX 21 28 2 0
BITMAP
FF0000
FF0000
FF0000
FF0000
FF0000
FF0000
FF0000
FF0000
FF0000
FF0000
FF0000
FF0000
FF0000
FF0000
FF0000
FF0000
FF0000
FF0000
FF0000
FF0000
FF0000
FF0000
FFFFF8
FFFFF8
FFFFF8
FFFFF8
FFFFF8
FFFFF8
ENDCHAR
STARTCHAR K.c2sc
ENCODING -1
SWIDTH 553 0
DWIDTH 28 0
BBX 26 28 2 0
BITMAP
FF01FFC0
FF01FF80
FF03FF00
FF07FF00
FF07FE00
FF0FFC00
FF1FF800
FF1FF000
FF3FF000
FF7FE000
FF7FC000
FFFF8000
FFFF8000
FFFF8000
FFFFC000
FFFFE000
FFFFE000
FFFFF000
FFFFF000
FFCFF800
FF8FFC00
FF07FC00
FF07FE00
FF03FE00
FF03FF00
FF01FF80
FF00FF80
FF00FFC0
ENDCHAR
STARTCHAR J.c2sc
ENCODING -1
SWIDTH 485 0
DWIDTH 24 0
BBX 21 28 1 0
BITMAP
0007F8
0007F8
0007F8
0007F8
0007F8
0007F8
0007F8
0007F8
0007F8
0007F8
0007F8
0007F8
0007F8
0007F8
0007F8
0007F8
0007F8
0007F8
FF07F8
FF07F8
FF07F8
FFCFF8
FFFFF0
7FFFF0
3FFFE0
1FFFC0
0FFF80
03FC00
ENDCHAR
STARTCHAR I.c2sc
ENCODING -1
SWIDTH 266 0
DWIDTH 13 0
BBX 8 28 3 0
BITMAP
FF
FF
FF
FF
FF
FF
FF
FF
FF
FF
FF
FF
FF
FF
FF
FF
FF
FF
FF
FF
FF
FF
FF
FF
FF
FF
FF
FF
ENDCHAR
STARTCHAR H.c2sc
ENCODING -1
SWIDTH 601 0
DWIDTH 30 0
BBX 26 28 2 0
BITMAP
FF003FC0
FF003FC0
FF003FC0
FF003FC0
FF003FC0
FF003FC0
FF003FC0
FF003FC0
FF003FC0
FF003FC0
FF003FC0
FFFFFFC0
FFFFFFC0
FFFFFFC0
FFFFFFC0
FFFFFFC0
FFFFFFC0
FF003FC0
FF003FC0
FF003FC0
FF003FC0
FF003FC0
FF003FC0
FF003FC0
FF003FC0
FF003FC0
FF003FC0
FF003FC0
ENDCHAR
STARTCHAR G.c2sc
ENCODING -1
SWIDTH 577 0
DWIDTH 29 0
BBX 26 28 2 0
BITMAP
007FC000
03FFF000
0FFFFC00
1FFFFE00
3FFFFF00
3FFFFF00
7FF1FF80
7FC07F80
FF807F80
FF003FC0
FF000000
FF000000
FF000000
FF0FFFC0
FF0FFFC0
FF0FFFC0
FF0FFFC0
FF0FFFC0
FF007FC0
FF807FC0
FFC07FC0
7FF0FFC0
7FFFFFC0
3FFFFFC0
1FFFFFC0
0FFFFF00
03FFFC00
007FE000
ENDCHAR
STARTCHAR F.c2sc
ENCODING -1
SWIDTH 469 0
DWIDTH 23 0
BBX 21 28 2 0
BITMAP
FFFFF8
FFFFF8
FFFFF8
FFFFF8
FFFFF8
FFFFF8
FF0000
FF0000
FF0000
FF0000
FF0000
FFFFF0
FFFFF0
FFFFF0
FFFFF0
FFFFF0
FFFFF0
FF0000
FF0000
FF0000
FF0000
FF0000
FF0000
FF0000
FF0000
FF0000
FF0000
FF0000
ENDCHAR
STARTCHAR dollar.c2sc
ENCODING -1
SWIDTH 546 0
DWIDTH 27 0
BBX 25 38 1 -5
BITMAP
001E0000
001E0000
001E0000
001E0000
001E0000
00FF8000
03FFF000
0FFFF800
1FFFFC00
3FFFFE00
3FFFFF00
3FC1FF00
7F80FF00
7F80FF80
7FC00000
3FF00000
3FFF0000
3FFFE000
1FFFF800
07FFFC00
01FFFE00
003FFF00
0003FF00
FF80FF00
FF807F00
7F807F00
7FC0FF00
7FFFFF00
3FFFFE00
1FFFFE00
0FFFFC00
03FFF000
00FF8000
001E0000
001E0000
001E0000
001E0000
001E0000
ENDCHAR
STARTCHAR sterling.c2sc
ENCODING -1
SWIDTH 594 0
DWIDTH 30 0
BBX 25 28 2 0
BITMAP
003FC000
00FFF800
01FFFC00
03FFFE00
07FFFF00
0FFFFF00
0FF9FF80
0FF0FF80
0FF07F80
0FF07F80
0FF00000
0FF00000
0FF00000
FFFFF000
FFFFF000
FFFFF000
FFFFF000
0FF00000
0FF00000
1FE00000
1FE00000
3FC00000
3FFFFF80
3FFFFF80
3FFFFF80
3FFFFF80
3FFFFF80
3FFFFF80
ENDCHAR
STARTCHAR yen.c2sc
ENCODING -1
SWIDTH 458 0
DWIDTH 23 0
BBX 23 28 0 0
BITMAP
FF83FE
7F83FC
7F87FC
7FC7F8
3FC7F8
3FC7F8
1FEFF0
1FEFF0
0FEFE0
0FFFE0
0FFFE0
7FFFFC
7FFFFC
7FFFFC
7FFFFC
7FFFFC
01FF00
01FF00
7FFFFC
7FFFFC
7FFFFC
7FFFFC
01FF00
01FF00
01FF00
01FF00
01FF00
01FF00
ENDCHAR
STARTCHAR Gamma.c2sc
ENCODING -1
SWIDTH 477 0
DWIDTH 24 0
BBX 21 28 2 0
BITMAP
FFFFF8
FFFFF8
FFFFF8
FFFFF8
FFFFF8
FFFFF8
FF0000
FF0000
FF0000
FF0000
FF0000
FF0000
FF0000
FF0000
FF0000
FF0000
FF0000
FF0000
FF0000
FF0000
FF0000
FF0000
FF0000
FF0000
FF0000
FF0000
FF0000
FF0000
ENDCHAR
STARTCHAR uni0394.c2sc
ENCODING -1
SWIDTH 572 0
DWIDTH 29 0
BBX 29 28 0 0
BITMAP
007FE000
007FF000
007FF000
00FFF000
00FFF800
00FFF800
01FFF800
01FFFC00
01FDFC00
03FDFC00
03F9FE00
03F9FE00
07F8FE00
07F8FF00
0FF0FF00
0FF07F80
0FF07F80
1FE07F80
1FE03FC0
1FE03FC0
3FC03FC0
3FC03FE0
3FFFFFE0
7FFFFFE0
7FFFFFF0
7FFFFFF0
FFFFFFF0
FFFFFFF8
ENDCHAR
STARTCHAR Theta.c2sc
ENCODING -1
SWIDTH 593 0
DWIDTH 30 0
BBX 27 28 1 0
BITMAP
003FC000
01FFF800
07FFFC00
0FFFFE00
1FFFFF00
3FFFFF80
3FF1FFC0
7FC07FC0
7FC03FE0
7F803FE0
FF801FE0
FFBFDFE0
FF3FDFE0
FF3FDFE0
FF3FDFE0
FFBFDFE0
FFBFDFE0
FF801FE0
7F803FE0
7FC03FE0
7FC07FC0
3FF1FFC0
3FFFFF80
1FFFFF00
0FFFFE00
07FFFC00
01FFF800
003FC000
ENDCHAR
STARTCHAR Lambda.c2sc
ENCODING -1
SWIDTH 572 0
DWIDTH 29 0
BBX 29 28 0 0
BITMAP
007FE000
007FF000
007FF000
00FFF000
00FFF800
00FFF800
01FFF800
01FFFC00
01FDFC00
03FDFC00
03F9FE00
03F9FE00
07F8FE00
07F8FF00
0FF0FF00
0FF07F80
0FF07F80
1FE07F80
1FE03FC0
1FE03FC0
3FC03FC0
3FC03FE0
3FC01FE0
7FC01FE0
7F801FF0
7F800FF0
FF800FF0
FF000FF8
ENDCHAR
STARTCHAR Xi.c2sc
ENCODING -1
SWIDTH 468 0
DWIDTH 23 0
BBX 19 28 2 0
BITMAP
FFFFE0
FFFFE0
FFFFE0
FFFFE0
FFFFE0
FFFFE0
000000
000000
000000
000000
000000
3FFF80
3FFF80
3FFF80
3FFF80
3FFF80
3FFF80
000000
000000
000000
000000
000000
FFFFE0
FFFFE0
FFFFE0
FFFFE0
FFFFE0
FFFFE0
ENDCHAR
STARTCHAR Pi.c2sc
ENCODING -1
SWIDTH 613 0
DWIDTH 31 0
BBX 27 28 2 0
BITMAP
FFFFFFE0
FFFFFFE0
FFFFFFE0
FFFFFFE0
FFFFFFE0
FFFFFFE0
FF003FE0
FF003FE0
FF003FE0
FF003FE0
FF003FE0
FF003FE0
FF003FE0
FF003FE0
FF003FE0
FF003FE0
FF003FE0
FF003FE0
FF003FE0
FF003FE0
FF003FE0
FF003FE0
FF003FE0
FF003FE0
FF003FE0
FF003FE0
FF003FE0
FF003FE0
ENDCHAR
STARTCHAR Sigma.c2sc
ENCODING -1
SWIDTH 553 0
DWIDTH 28 0
BBX 24 28 2 0
BITMAP
FFFFFF
FFFFFF
FFFFFF
FFFFFF
FFFFFF
7FFFFF
3FE000
1FE000
1FF000
0FF800
07F800
03FC00
03FE00
01FE00
03FE00
03FC00
07F800
0FF800
0FF000
1FF000
3FE000
3FC000
7FFFFF
FFFFFF
FFFFFF
FFFFFF
FFFFFF
FFFFFF
ENDCHAR
STARTCHAR Phi.c2sc
ENCODING -1
SWIDTH 759 0
DWIDTH 38 0
BBX 36 28 1 0
BITMAP
0003FC0000
0003FC0000
0003FC0000
003FFFC000
01FFFFF800
07FFFFFE00
1FFFFFFF80
3FFFFFFFC0
3FFFFFFFC0
7FF3FC7FE0
7FC3FC3FE0
FF83FC1FF0
FF83FC1FF0
FF03FC1FF0
FF03FC1FF0
FF83FC1FF0
FF83FC1FE0
7FC3FC3FE0
7FF3FCFFE0
3FFFFFFFC0
1FFFFFFF80
0FFFFFFF00
07FFFFFE00
01FFFFF800
003FFFC000
0003FC0000
0003FC0000
0003FC0000
ENDCHAR
STARTCHAR Psi.c2sc
ENCODING -1
SWIDTH 723 0
DWIDTH 36 0
BBX 34 28 1 0
BITMAP
FF07F83FC0
FF07F83FC0
FF07F83FC0
FF07F83FC0
FF07F83FC0
FF07F83FC0
FF07F83FC0
FF07F83FC0
FF87F83FC0
FF87F83FC0
FF87F87FC0
7F87F87F80
7F87F87F80
7FC7F8FF80
3FE7F9FF00
3FFFFFFF00
1FFFFFFE00
0FFFFFFC00
07FFFFF800
03FFFFF000
00FFFFC000
000FFC0000
0007F80000
0007F80000
0007F80000
0007F80000
0007F80000
0007F80000
ENDCHAR
STARTCHAR uni03A9.c2sc
ENCODING -1
SWIDTH 593 0
DWIDTH 30 0
BBX 27 28 1 0
BITMAP
003FC000
01FFF800
07FFFE00
0FFFFF00
1FFFFF80
3FFFFFC0
3FF0FFC0
7FC07FE0
7F803FE0
FF801FE0
FF801FE0
FF801FE0
FF801FE0
FF801FE0
7F801FE0
7F801FE0
7F801FC0
3F801FC0
3FC03F80
1FC03F00
0FE07E00
03F9FC00
7FF9FFE0
7FF9FFE0
7FF9FFE0
7FF9FFE0
7FF9FFE0
7FF9FFE0
ENDCHAR
STARTCHAR uni0402.c2sc
ENCODING -1
SWIDTH 722 0
DWIDTH 36 0
BBX 34 28 1 0
BITMAP
FFFFFF8000
FFFFFF8000
FFFFFF8000
FFFFFF8000
FFFFFF8000
FFFFFF8000
00FF000000
00FF000000
00FF000000
00FF7FC000
00FFFFF800
00FFFFFE00
00FFFFFF00
00FFFFFF00
00FFFFFF80
00FFC3FF80
00FF007FC0
00FF007FC0
00FF003FC0
00FF003FC0
00FF007FC0
00FF00FFC0
00FF03FF80
00FF03FF80
00FF03FF00
00FF03FE00
00FF03FC00
00FF03E000
ENDCHAR
STARTCHAR uni0404.c2sc
ENCODING -1
SWIDTH 565 0
DWIDTH 28 0
BBX 26 28 1 0
BITMAP
007FC000
01FFF000
07FFFC00
0FFFFE00
1FFFFF00
3FFFFF80
3FF1FF80
7FC07FC0
7F803FC0
7F803FC0
FF803FC0
FFFE0000
FFFE0000
FFFE0000
FFFE0000
FFFE0000
FFFE0000
FF800000
7F803FC0
7F803FC0
7FC07FC0
3FF1FF80
3FFFFF80
1FFFFF00
0FFFFE00
07FFFC00
03FFF800
007FC000
ENDCHAR
STARTCHAR uni0409.c2sc
ENCODING -1
SWIDTH 933 0
DWIDTH 47 0
BBX 45 28 1 0
BITMAP
07FFFFE00000
07FFFFE00000
07FFFFE00000
07FFFFE00000
07FFFFE00000
07FFFFE00000
07F81FE00000
07F81FE00000
07F81FFFF000
07F81FFFFE00
07F81FFFFF80
07F81FFFFFC0
07F81FFFFFE0
07F81FFFFFE0
07F81FE07FF0
07F81FE01FF0
0FF81FE00FF0
0FF81FE00FF8
0FF01FE00FF0
0FF01FE00FF0
1FF01FE01FF0
FFF01FE07FF0
FFE01FFFFFE0
FFE01FFFFFE0
FFC01FFFFFC0
FF801FFFFF80
FF001FFFFE00
F8001FFFF000
ENDCHAR
STARTCHAR uni040A.c2sc
ENCODING -1
SWIDTH 924 0
DWIDTH 46 0
BBX 43 28 2 0
BITMAP
FF003FC00000
FF003FC00000
FF003FC00000
FF003FC00000
FF003FC00000
FF003FC00000
FF003FC00000
FF003FC00000
FF003FFFF000
FF003FFFFC00
FF003FFFFF00
FFFFFFFFFF80
FFFFFFFFFFC0
FFFFFFFFFFC0
FFFFFFC07FE0
FFFFFFC03FE0
FFFFFFC01FE0
FF003FC01FE0
FF003FC01FE0
FF003FC03FE0
FF003FC03FE0
FF003FC0FFC0
FF003FFFFFC0
FF003FFFFF80
FF003FFFFF00
FF003FFFFE00
FF003FFFFC00
FF003FFFE000
ENDCHAR
STARTCHAR uni040B.c2sc
ENCODING -1
SWIDTH 731 0
DWIDTH 37 0
BBX 34 28 1 0
BITMAP
FFFFFF8000
FFFFFF8000
FFFFFF8000
FFFFFF8000
FFFFFF8000
FFFFFF8000
00FF000000
00FF000000
00FF000000
00FF7FC000
00FFFFF800
00FFFFFE00
00FFFFFF00
00FFFFFF00
00FFFFFF80
00FFC3FF80
00FF007FC0
00FF007FC0
00FF003FC0
00FF003FC0
00FF003FC0
00FF003FC0
00FF003FC0
00FF003FC0
00FF003FC0
00FF003FC0
00FF003FC0
00FF003FC0
ENDCHAR
STARTCHAR uni040F.c2sc
ENCODING -1
SWIDTH 613 0
DWIDTH 31 0
BBX 27 36 2 -8
BITMAP
FF003FE0
FF003FE0
FF003FE0
FF003FE0
FF003FE0
FF003FE0
FF003FE0
FF003FE0
FF003FE0
FF003FE0
FF003FE0
FF003FE0
FF003FE0
FF003FE0
FF003FE0
FF003FE0
FF003FE0
FF003FE0
FF003FE0
FF003FE0
FF003FE0
FF003FE0
FFFFFFE0
FFFFFFE0
FFFFFFE0
FFFFFFE0
FFFFFFE0
FFFFFFE0
003FC000
003FC000
003FC000
003FC000
003FC000
003FC000
003FC000
003FC000
ENDCHAR
STARTCHAR uni0411.c2sc
ENCODING -1
SWIDTH 575 0
DWIDTH 29 0
BBX 25 28 2 0
BITMAP
FFFFFC00
FFFFFC00
FFFFFC00
FFFFFC00
FFFFFC00
FFFFFC00
FF000000
FF000000
FF000000
FFFFC000
FFFFF000
FFFFFC00
FFFFFE00
FFFFFF00
FFFFFF80
FF01FF80
FF00FF80
FF007F80
FF007F80
FF007F80
FF00FF80
FF03FF80
FFFFFF00
FFFFFF00
FFFFFE00
FFFFFC00
FFFFF000
FFFF8000
ENDCHAR
STARTCHAR uni0414.c2sc
ENCODING -1
SWIDTH 718 0
DWIDTH 36 0
BBX 33 36 1 -8
BITMAP
03FFFFF800
03FFFFF800
03FFFFF800
03FFFFF800
03FFFFF800
03FFFFF800
03FC0FF800
03FC0FF800
03FC0FF800
03FC0FF800
03FC0FF800
03FC0FF800
03FC0FF800
03FC0FF800
03FC0FF800
03FC0FF800
07FC0FF800
07F80FF800
07F80FF800
0FF80FF800
1FF00FF800
3FF00FF800
FFFFFFFF80
FFFFFFFF80
FFFFFFFF80
FFFFFFFF80
FFFFFFFF80
FFFFFFFF80
FF0000FF80
FF0000FF80
FF0000FF80
FF0000FF80
FF0000FF80
FF0000FF80
FF0000FF80
FF0000FF80
ENDCHAR
STARTCHAR uni0416.c2sc
ENCODING -1
SWIDTH 832 0
DWIDTH 42 0
BBX 40 28 1 0
BITMAP
FFC0FF03FE
7FC0FF07FE
7FE0FF07FC
3FE0FF07FC
3FE0FF0FF8
1FF0FF0FF8
1FF0FF0FF0
0FF0FF1FF0
0FF8FF1FE0
07F8FF3FE0
07FFFFFFC0
03FFFFFFC0
03FFFFFF80
03FFFFFF80
03FFFFFFC0
07FFFFFFC0
07FFFFFFE0
0FFFFFFFE0
0FF8FF3FF0
1FF8FF1FF0
1FF0FF1FF8
1FF0FF0FF8
3FF0FF0FFC
3FE0FF0FFC
7FE0FF07FE
7FC0FF07FE
FFC0FF03FE
FFC0FF03FF
ENDCHAR
STARTCHAR uni0417.c2sc
ENCODING -1
SWIDTH 539 0
DWIDTH 27 0
BBX 24 28 1 0
BITMAP
00FF80
07FFF0
1FFFFC
3FFFFE
3FFFFE
7FFFFF
7FE3FF
7F81FF
0000FF
0001FE
0001FE
00FFFC
00FFF8
00FFF0
00FFFC
00FFFE
0001FE
0000FF
0000FF
FF80FF
FF80FF
7FE3FF
7FFFFF
3FFFFE
3FFFFE
1FFFFC
07FFF0
00FF80
ENDCHAR
STARTCHAR uni0418.c2sc
ENCODING -1
SWIDTH 602 0
DWIDTH 30 0
BBX 26 28 2 0
BITMAP
FF003FC0
FF007FC0
FF00FFC0
FF00FFC0
FF01FFC0
FF03FFC0
FF03FFC0
FF07FFC0
FF07FFC0
FF0FFFC0
FF1FFFC0
FF1FFFC0
FF3FFFC0
FF7FBFC0
FF7FBFC0
FFFF3FC0
FFFE3FC0
FFFE3FC0
FFFC3FC0
FFF83FC0
FFF83FC0
FFF03FC0
FFF03FC0
FFE03FC0
FFC03FC0
FFC03FC0
FF803FC0
FF803FC0
ENDCHAR
STARTCHAR uni041A.c2sc
ENCODING -1
SWIDTH 558 0
DWIDTH 28 0
BBX 25 28 2 0
BITMAP
FF01FF00
FF01FF00
FF03FE00
FF03FE00
FF07FC00
FF07FC00
FF07F800
FF0FF800
FF0FF000
FF1FF000
FFFFE000
FFFFE000
FFFFC000
FFFFC000
FFFFC000
FFFFE000
FFFFE000
FFFFF000
FF1FF000
FF0FF800
FF0FFC00
FF07FC00
FF07FE00
FF03FE00
FF03FF00
FF03FF00
FF01FF80
FF01FF80
ENDCHAR
STARTCHAR uni041B.c2sc
ENCODING -1
SWIDTH 607 0
DWIDTH 30 0
BBX 27 28 1 0
BITMAP
07FFFFE0
07FFFFE0
07FFFFE0
07FFFFE0
07FFFFE0
07FFFFE0
07F81FE0
07F81FE0
07F81FE0
07F81FE0
07F81FE0
07F81FE0
07F81FE0
07F81FE0
07F81FE0
07F81FE0
0FF81FE0
0FF81FE0
0FF01FE0
0FF01FE0
1FF01FE0
FFF01FE0
FFE01FE0
FFE01FE0
FFC01FE0
FF801FE0
FF001FE0
F8001FE0
ENDCHAR
STARTCHAR uni0423.c2sc
ENCODING -1
SWIDTH 574 0
DWIDTH 29 0
BBX 28 28 1 0
BITMAP
FF801FF0
FF801FE0
7FC03FE0
3FC03FC0
3FE07FC0
1FE07F80
1FF07F80
0FF0FF00
0FF8FF00
07F9FE00
03FDFE00
03FFFC00
01FFFC00
01FFF800
00FFF800
00FFF000
007FF000
003FE000
003FE000
001FC000
003FC000
007F8000
07FF8000
07FF0000
07FE0000
07FE0000
03F80000
03E00000
ENDCHAR
STARTCHAR uni0426.c2sc
ENCODING -1
SWIDTH 721 0
DWIDTH 36 0
BBX 32 36 2 -8
BITMAP
FF003FE0
FF003FE0
FF003FE0
FF003FE0
FF003FE0
FF003FE0
FF003FE0
FF003FE0
FF003FE0
FF003FE0
FF003FE0
FF003FE0
FF003FE0
FF003FE0
FF003FE0
FF003FE0
FF003FE0
FF003FE0
FF003FE0
FF003FE0
FF003FE0
FF003FE0
FFFFFFFF
FFFFFFFF
FFFFFFFF
FFFFFFFF
FFFFFFFF
FFFFFFFF
000000FF
000000FF
000000FF
000000FF
000000FF
000000FF
000000FF
000000FF
ENDCHAR
STARTCHAR uni0427.c2sc
ENCODING -1
SWIDTH 598 0
DWIDTH 30 0
BBX 26 28 2 0
BITMAP
FF003FC0
FF003FC0
FF003FC0
FF003FC0
FF003FC0
FF003FC0
FF003FC0
FF003FC0
FF003FC0
FF003FC0
FF803FC0
FF803FC0
FFE0FFC0
7FFFFFC0
7FFFFFC0
3FFFFFC0
1FFFFFC0
07FFFFC0
00FFBFC0
00003FC0
00003FC0
00003FC0
00003FC0
00003FC0
00003FC0
00003FC0
00003FC0
00003FC0
ENDCHAR
STARTCHAR uni0428.c2sc
ENCODING -1
SWIDTH 856 0
DWIDTH 43 0
BBX 39 28 2 0
BITMAP
FF01FF01FE
FF01FF01FE
FF01FF01FE
FF01FF01FE
FF01FF01FE
FF01FF01FE
FF01FF01FE
FF01FF01FE
FF01FF01FE
FF01FF01FE
FF01FF01FE
FF01FF01FE
FF01FF01FE
FF01FF01FE
FF01FF01FE
FF01FF01FE
FF01FF01FE
FF01FF01FE
FF01FF01FE
FF01FF01FE
FF01FF01FE
FF01FF01FE
FFFFFFFFFE
FFFFFFFFFE
FFFFFFFFFE
FFFFFFFFFE
FFFFFFFFFE
FFFFFFFFFE
ENDCHAR
STARTCHAR uni0429.c2sc
ENCODING -1
SWIDTH 964 0
DWIDTH 48 0
BBX 44 36 2 -8
BITMAP
FF01FF01FE00
FF01FF01FE00
FF01FF01FE00
FF01FF01FE00
FF01FF01FE00
FF01FF01FE00
FF01FF01FE00
FF01FF01FE00
FF01FF01FE00
FF01FF01FE00
FF01FF01FE00
FF01FF01FE00
FF01FF01FE00
FF01FF01FE00
FF01FF01FE00
FF01FF01FE00
FF01FF01FE00
FF01FF01FE00
FF01FF01FE00
FF01FF01FE00
FF01FF01FE00
FF01FF01FE00
FFFFFFFFFFF0
FFFFFFFFFFF0
FFFFFFFFFFF0
FFFFFFFFFFF0
FFFFFFFFFFF0
FFFFFFFFFFF0
000000000FF0
000000000FF0
000000000FF0
000000000FF0
000000000FF0
000000000FF0
000000000FF0
000000000FF0
ENDCHAR
STARTCHAR uni042A.c2sc
ENCODING -1
SWIDTH 729 0
DWIDTH 37 0
BBX 35 28 0 0
BITMAP
FFFFC00000
FFFFC00000
FFFFC00000
FFFFC00000
FFFFC00000
FFFFC00000
003FC00000
003FC00000
003FFFE000
003FFFFC00
003FFFFF00
003FFFFF80
003FFFFFC0
003FFFFFC0
003FC0FFE0
003FC03FE0
003FC01FE0
003FC01FE0
003FC01FE0
003FC01FE0
003FC03FE0
003FC0FFE0
003FFFFFC0
003FFFFFC0
003FFFFF80
003FFFFE00
003FFFFC00
003FFFE000
ENDCHAR
STARTCHAR uni042B.c2sc
ENCODING -1
SWIDTH 792 0
DWIDTH 40 0
BBX 36 28 2 0
BITMAP
FF00000FF0
FF00000FF0
FF00000FF0
FF00000FF0
FF00000FF0
FF00000FF0
FF00000FF0
FF00000FF0
FFFF800FF0
FFFFF00FF0
FFFFFC0FF0
FFFFFE0FF0
FFFFFF0FF0
FFFFFF0FF0
FF03FF8FF0
FF00FF8FF0
FF007F8FF0
FF007F8FF0
FF007F8FF0
FF007F8FF0
FF00FF8FF0
FF03FF8FF0
FFFFFF0FF0
FFFFFF0FF0
FFFFFE0FF0
FFFFF80FF0
FFFFF00FF0
FFFF800FF0
ENDCHAR
STARTCHAR uni042C.c2sc
ENCODING -1
SWIDTH 570 0
DWIDTH 29 0
BBX 25 28 2 0
BITMAP
FF000000
FF000000
FF000000
FF000000
FF000000
FF000000
FF000000
FF000000
FFFF8000
FFFFF000
FFFFFC00
FFFFFE00
FFFFFF00
FFFFFF00
FF03FF80
FF00FF80
FF007F80
FF007F80
FF007F80
FF007F80
FF00FF80
FF03FF80
FFFFFF00
FFFFFF00
FFFFFE00
FFFFF800
FFFFF000
FFFF8000
ENDCHAR
STARTCHAR uni042D.c2sc
ENCODING -1
SWIDTH 565 0
DWIDTH 28 0
BBX 26 28 1 0
BITMAP
007F8000
03FFF000
0FFFF800
1FFFFC00
3FFFFE00
3FFFFF00
7FF3FF80
7F80FF80
FF807F80
FF007FC0
FF003FC0
001FFFC0
001FFFC0
001FFFC0
001FFFC0
001FFFC0
001FFFC0
00003FC0
FF007FC0
FF807F80
FF80FF80
7FE1FF80
7FFFFF00
3FFFFE00
1FFFFE00
0FFFF800
03FFF000
00FF8000
ENDCHAR
STARTCHAR uni042E.c2sc
ENCODING -1
SWIDTH 839 0
DWIDTH 42 0
BBX 39 28 2 0
BITMAP
FF0007F800
FF003FFF00
FF007FFFC0
FF01FFFFE0
FF03FFFFF0
FF03FFFFF0
FF07FF1FF8
FF07FC0FFC
FF0FF807FC
FF0FF003FC
FF0FF003FE
FFFFF003FE
FFFFF003FE
FFFFF003FE
FFFFF001FE
FFFFF003FE
FFFFF003FE
FF0FF003FE
FF0FF003FC
FF0FF807FC
FF07FC0FFC
FF07FE1FF8
FF03FFFFF8
FF03FFFFF0
FF01FFFFE0
FF007FFFC0
FF003FFF00
FF0007F800
ENDCHAR
STARTCHAR uni042F.c2sc
ENCODING -1
SWIDTH 561 0
DWIDTH 28 0
BBX 25 28 1 0
BITMAP
007FFF80
01FFFF80
07FFFF80
0FFFFF80
1FFFFF80
1FFFFF80
3FF07F80
3FE07F80
3FC07F80
3FC07F80
3FC07F80
3FE07F80
1FF07F80
0FFFFF80
07FFFF80
03FFFF80
03FFFF80
07FFFF80
07FFFF80
0FF87F80
0FF87F80
1FF07F80
1FF07F80
3FE07F80
3FE07F80
7FC07F80
7FC07F80
FF807F80
ENDCHAR
STARTCHAR uni0492.c2sc
ENCODING -1
SWIDTH 538 0
DWIDTH 27 0
BBX 26 28 0 0
BITMAP
07FFFFC0
07FFFFC0
07FFFFC0
07FFFFC0
07FFFFC0
07FFFFC0
07F80000
07F80000
07F80000
07F80000
07F80000
07F80000
FFFFC000
FFFFC000
FFFFC000
FFFFC000
FFFFC000
07F80000
07F80000
07F80000
07F80000
07F80000
07F80000
07F80000
07F80000
07F80000
07F80000
07F80000
ENDCHAR
STARTCHAR uni0496.c2sc
ENCODING -1
SWIDTH 905 0
DWIDTH 45 0
BBX 43 36 1 -8
BITMAP
FFC0FF03FE00
7FC0FF07FE00
7FE0FF07FC00
3FE0FF07FC00
3FE0FF0FF800
1FF0FF0FF800
1FF0FF0FF000
0FF0FF1FF000
0FF8FF1FE000
07F8FF3FE000
07FFFFFFC000
03FFFFFFC000
03FFFFFF8000
03FFFFFF8000
03FFFFFFC000
07FFFFFFC000
07FFFFFFE000
0FFFFFFFE000
0FF8FF3FF000
1FF8FF1FF000
1FF0FF1FF800
1FF0FF0FF800
3FF0FF0FFFE0
3FE0FF0FFFE0
7FE0FF07FFE0
7FC0FF07FFE0
FFC0FF03FFE0
FFC0FF03FFE0
000000000FE0
000000000FE0
000000000FE0
000000000FE0
000000000FE0
000000000FE0
000000000FE0
000000000FE0
ENDCHAR
STARTCHAR uni049A.c2sc
ENCODING -1
SWIDTH 610 0
DWIDTH 31 0
BBX 28 36 2 -8
BITMAP
FF01FF00
FF01FF00
FF03FE00
FF03FE00
FF07FC00
FF07FC00
FF07F800
FF0FF800
FF0FF000
FF1FF000
FFFFE000
FFFFE000
FFFFC000
FFFFC000
FFFFC000
FFFFE000
FFFFE000
FFFFF000
FF1FF000
FF0FF800
FF0FFC00
FF07FC00
FF07FFF0
FF03FFF0
FF03FFF0
FF03FFF0
FF01FFF0
FF01FFF0
000003F0
000003F0
000003F0
000003F0
000003F0
000003F0
000003F0
000003F0
ENDCHAR
STARTCHAR uni049C.c2sc
ENCODING -1
SWIDTH 634 0
DWIDTH 32 0
BBX 29 28 2 0
BITMAP
FF001FF0
FF003FF0
FF003FE0
FF003FE0
FF007FC0
FF3C7FC0
FF3CFF80
FF3CFF80
FF3CFF00
FF3DFE00
FFFFFE00
FFFFFC00
FFFFFC00
FFFFFC00
FFFFFC00
FFFFFE00
FFFFFE00
FFFFFF00
FF3DFF00
FF3CFF80
FF3CFF80
FF3CFFC0
FF3C7FC0
FF007FE0
FF003FE0
FF003FF0
FF001FF0
FF001FF8
ENDCHAR
STARTCHAR uni04A0.c2sc
ENCODING -1
SWIDTH 732 0
DWIDTH 37 0
BBX 35 28 1 0
BITMAP
FFFFC0FFC0
FFFFC0FF80
FFFFC0FF80
FFFFC1FF00
FFFFC1FF00
FFFFC3FE00
007FC3FE00
007FC3FC00
007FC7FC00
007FC7F800
007FFFF800
007FFFF000
007FFFF000
007FFFE000
007FFFF000
007FFFF000
007FFFF800
007FFFF800
007FC7FC00
007FC7FC00
007FC3FE00
007FC3FF00
007FC1FF00
007FC1FF80
007FC1FF80
007FC0FFC0
007FC0FFC0
007FC07FE0
ENDCHAR
STARTCHAR uni04A8.c2sc
ENCODING -1
SWIDTH 790 0
DWIDTH 40 0
BBX 37 29 1 0
BITMAP
007C03F800
01FC1FFE00
07FC3FFF80
0FFC7FFFC0
1FFCFFFFE0
3FFDFFFFE0
3FFDFFFFF0
7FE1FE1FF0
7FC3FC0FF0
7F83FC0FF8
FF83FC0FF8
FF83FC07F8
FF03FC07F8
FF03FC07F8
FF03FC07F8
FF03FC0FF8
FF83FC0FF8
FF83FC0FF0
7F81FE1FF0
7FC1FF3FF0
7FE0FFFFE0
3FF8FFFFC0
3FFFFFFFC0
1FFFFFFFF8
0FFFFFFFF8
07FFFFFFF8
01FFFFFFF8
007FFFFFF8
0007FE03F8
ENDCHAR
STARTCHAR uni04B0.c2sc
ENCODING -1
SWIDTH 534 0
DWIDTH 27 0
BBX 27 28 0 0
BITMAP
FF803FE0
7F803FE0
7FC03FC0
3FC07FC0
3FE07F80
1FE0FF80
1FF0FF00
0FF1FF00
0FF1FE00
07FBFC00
07FBFC00
03FFF800
01FFF800
01FFF000
00FFF000
0FFFFC00
0FFFFC00
0FFFFC00
0FFFFC00
0FFFFC00
007FC000
007FC000
007FC000
007FC000
007FC000
007FC000
007FC000
007FC000
ENDCHAR
STARTCHAR uni04B2.c2sc
ENCODING -1
SWIDTH 619 0
DWIDTH 31 0
BBX 29 36 0 -8
BITMAP
FF807FE0
7FC07FC0
7FC0FF80
3FE0FF80
1FE1FF00
1FF1FF00
0FF3FE00
0FFBFC00
07FFFC00
03FFF800
03FFF800
01FFF000
01FFE000
00FFE000
00FFE000
01FFF000
01FFF000
03FFF800
07FFFC00
07FBFC00
0FFBFE00
0FF1FF00
1FF1FFF8
3FE0FFF8
3FE0FFF8
7FC07FF8
7FC07FF8
FF803FF8
000001F8
000001F8
000001F8
000001F8
000001F8
000001F8
000001F8
000001F8
ENDCHAR
STARTCHAR uni04B4.c2sc
ENCODING -1
SWIDTH 868 0
DWIDTH 43 0
BBX 40 36 1 -8
BITMAP
FFFFFF3FE0
FFFFFF3FE0
FFFFFF3FE0
FFFFFF3FE0
FFFFFF3FE0
FFFFFF3FE0
00FF003FE0
00FF003FE0
00FF003FE0
00FF003FE0
00FF003FE0
00FF003FE0
00FF003FE0
00FF003FE0
00FF003FE0
00FF003FE0
00FF003FE0
00FF003FE0
00FF003FE0
00FF003FE0
00FF003FE0
00FF003FE0
00FFFFFFFF
00FFFFFFFF
00FFFFFFFF
00FFFFFFFF
00FFFFFFFF
00FFFFFFFF
00000000FF
00000000FF
00000000FF
00000000FF
00000000FF
00000000FF
00000000FF
00000000FF
ENDCHAR
STARTCHAR uni04B8.c2sc
ENCODING -1
SWIDTH 598 0
DWIDTH 30 0
BBX 26 28 2 0
BITMAP
FF003FC0
FF003FC0
FF003FC0
FF003FC0
FF003FC0
FF003FC0
FF1E3FC0
FF1E3FC0
FF1E3FC0
FF1E3FC0
FF9E3FC0
FF9E3FC0
FFFEFFC0
7FFFFFC0
7FFFFFC0
3FFFFFC0
1FFFFFC0
07FFFFC0
00FFBFC0
001E3FC0
001E3FC0
001E3FC0
001E3FC0
001E3FC0
00003FC0
00003FC0
00003FC0
00003FC0
ENDCHAR
STARTCHAR uni04BA.c2sc
ENCODING -1
SWIDTH 598 0
DWIDTH 30 0
BBX 26 28 2 0
BITMAP
FF000000
FF000000
FF000000
FF000000
FF000000
FF000000
FF000000
FF000000
FF000000
FF7FC000
FFFFF800
FFFFFE00
FFFFFF00
FFFFFF00
FFFFFF80
FFC3FF80
FF007FC0
FF007FC0
FF003FC0
FF003FC0
FF003FC0
FF003FC0
FF003FC0
FF003FC0
FF003FC0
FF003FC0
FF003FC0
FF003FC0
ENDCHAR
STARTCHAR uni04BC.c2sc
ENCODING -1
SWIDTH 800 0
DWIDTH 40 0
BBX 37 29 1 0
BITMAP
00001FF000
00007FFE00
0001FFFF00
0003FFFFC0
0007FFFFC0
000FFFFFE0
FC1FFC7FF0
FC1FF01FF0
FC3FE00FF0
FE3FC007F8
FE3FC007F8
7FFFC007F8
7FFFFFFFF8
7FFFFFFFF8
3FFFFFFFF8
1FFFFFFFF8
0FFFFFFFF8
03FFFFFFF8
003FC00000
003FC00000
003FE00000
001FF00000
001FFE0FC0
000FFFFFC0
0007FFFFC0
0003FFFFE0
0001FFFFE0
00007FFFE0
00000FFE00
ENDCHAR
STARTCHAR uni04D8.c2sc
ENCODING -1
SWIDTH 603 0
DWIDTH 30 0
BBX 28 29 1 0
BITMAP
03FF8000
3FFFF000
3FFFFC00
1FFFFF00
1FFFFF80
1FFFFFC0
0F83FFC0
00007FE0
00003FE0
00001FE0
00001FF0
FFFFFFF0
FFFFFFF0
FFFFFFF0
FFFFFFF0
FFFFFFF0
FFFFFFF0
FF000FF0
FF001FF0
7F801FE0
7F801FE0
7FC03FE0
3FF1FFC0
3FFFFFC0
1FFFFF80
0FFFFF00
07FFFC00
01FFF800
007FC000
ENDCHAR
STARTCHAR uni04E0.c2sc
ENCODING -1
SWIDTH 540 0
DWIDTH 27 0
BBX 24 28 1 0
BITMAP
7FFFFE
7FFFFE
7FFFFE
7FFFFE
7FFFFE
7FFFFE
0003FC
000FF8
001FF0
003FE0
007FC0
00FFC0
00FFF0
00FFFC
00FFFE
00FFFE
0001FF
0000FF
0000FF
FF80FF
FF80FF
7FE3FF
7FFFFF
3FFFFE
3FFFFE
1FFFF8
07FFF0
00FF80
ENDCHAR
STARTCHAR uni04E8.c2sc
ENCODING -1
SWIDTH 593 0
DWIDTH 30 0
BBX 27 29 1 0
BITMAP
003FC000
01FFF000
07FFFC00
0FFFFE00
1FFFFF00
1FFFFF80
3FF0FFC0
7FC07FC0
7FC03FE0
7F803FE0
FF801FE0
FF801FE0
FFFFFFE0
FFFFFFE0
FFFFFFE0
FFFFFFE0
FFFFFFE0
FFFFFFE0
FF801FE0
7F801FE0
7FC03FE0
7FC07FC0
3FF0FFC0
1FFFFF80
1FFFFF00
0FFFFE00
07FFFC00
01FFF000
003FC000
ENDCHAR
STARTCHAR lira.c2sc
ENCODING -1
SWIDTH 594 0
DWIDTH 30 0
BBX 25 28 2 0
BITMAP
003FE000
00FFF800
01FFFC00
03FFFE00
07FFFF00
0FFFFF80
0FF8FF80
0FF07F80
0FF07F80
0FF07F80
0FF00000
FFFFF000
FFFFF000
FFFFF000
FFFFF000
0FF00000
FFFFF000
FFFFF000
FFFFF000
FFFFF000
1FE00000
3FC00000
3FFFFF80
3FFFFF80
3FFFFF80
3FFFFF80
3FFFFF80
3FFFFF80
ENDCHAR
STARTCHAR Euro.c2sc
ENCODING -1
SWIDTH 507 0
DWIDTH 25 0
BBX 22 28 2 0
BITMAP
000FF0
007FFC
00FFFC
03FFF8
03FFF8
07FFF8
0FFE38
0FF800
FFFFF0
FFFFF0
FFFFF0
FFFFF0
FFFFF0
1FF000
1FF000
FFFFF0
FFFFF0
FFFFF0
FFFFF0
0FF000
0FF800
0FFE38
07FFF8
07FFF8
03FFF8
01FFF8
007FFC
000FF8
ENDCHAR
STARTCHAR uni2116.c2sc
ENCODING -1
SWIDTH 1031 0
DWIDTH 52 0
BBX 47 29 2 0
BITMAP
000000000FC0
FF803FC03FF0
FF803FC0FFF8
FFC03FC0FFFC
FFC03FC1F03E
FFE03FC1E03E
FFE03FC1E01E
FFF03FC3E01E
FFF83FC3E01E
FFF83FC3E01E
FFFC3FC3E01E
FFFC3FC1E01E
FFFE3FC1F03E
FF7F3FC0FFFC
FF7F3FC0FFF8
FF3FBFC03FF0
FF3FBFC00FC0
FF1FFFC00000
FF0FFFC00000
FF0FFFC0FFFC
FF07FFC0FFFC
FF07FFC0FFFC
FF03FFC0FFFC
FF01FFC00000
FF01FFC00000
FF00FFC00000
FF00FFC00000
FF007FC00000
FF003FC00000
ENDCHAR
STARTCHAR uni20BD.c2sc
ENCODING -1
SWIDTH 680 0
DWIDTH 34 0
BBX 31 28 1 0
BITMAP
03FFFF00
03FFFFC0
03FFFFF0
03FFFFF8
03FFFFFC
03FFFFFE
03FC07FE
03FC03FE
03FC01FE
03FC01FE
03FC01FE
03FC03FE
03FC0FFE
FFFFFFFC
FFFFFFF8
FFFFFFF0
FFFFFFC0
FFFFFF00
03FC0000
FFFFFC00
FFFFFC00
FFFFFC00
FFFFFC00
FFFFFC00
FFFFFC00
03FC0000
03FC0000
03FC0000
ENDCHAR
STARTCHAR three.dnom
ENCODING -1
SWIDTH 375 0
DWIDTH 19 0
BBX 16 20 1 0
BITMAP
07F0
1FFC
7FFE
7FFE
7E7F
FC3F
003F
003F
00FE
03FC
03F8
03FE
003F
001F
FC1F
FE3F
7FFF
7FFE
3FFC
0FF0
ENDCHAR
STARTCHAR four.dnom
ENCODING -1
SWIDTH 375 0
DWIDTH 19 0
BBX 16 19 1 0
BITMAP
00FC
00FC
01FC
03FC
07FC
07FC
0FFC
1F7C
3E7C
3C7C
7C7C
FFFF
FFFF
7FFF
7FFF
007C
007C
007C
007C
ENDCHAR
STARTCHAR five.dnom
ENCODING -1
SWIDTH 375 0
DWIDTH 19 0
BBX 16 20 1 0
BITMAP
3FFE
3FFE
3FFE
3FFE
3E00
7C00
7C00
7DF8
7FFC
7FFE
7FFF
003F
003F
003F
FC3F
7E7E
7FFE
3FFC
1FF8
07F0
ENDCHAR
STARTCHAR six.dnom
ENCODING -1
SWIDTH 375 0
DWIDTH 19 0
BBX 16 20 2 0
BITMAP
01F0
07F0
1FF0
3FF0
7FC0
7E00
FC00
F9F0
FFFC
FFFE
FFFE
FC7E
F83F
F83F
F83E
FC7E
7FFE
7FFC
3FF8
0FE0
ENDCHAR
STARTCHAR seven.dnom
ENCODING -1
SWIDTH 375 0
DWIDTH 19 0
BBX 16 19 1 0
BITMAP
FFFF
FFFF
FFFF
FFFF
003E
003E
007C
00FC
00F8
01F8
01F0
03F0
03E0
07E0
07C0
0FC0
0F80
1F80
1F00
ENDCHAR
STARTCHAR eight.dnom
ENCODING -1
SWIDTH 375 0
DWIDTH 19 0
BBX 15 20 2 0
BITMAP
0FE0
3FF8
7FFC
FFFC
FCFE
FC7E
FC7E
FCFC
7FFC
3FF0
3FF8
7FFC
FC7E
F83E
F87E
FCFE
FFFE
7FFC
3FF8
0FE0
ENDCHAR
STARTCHAR nine.dnom
ENCODING -1
SWIDTH 375 0
DWIDTH 19 0
BBX 15 20 2 0
BITMAP
0FC0
3FF0
7FF8
7FFC
FCFE
F87E
F83E
F83E
FC7E
FFFE
FFFE
7FFE
1F7E
007E
00FC
01FC
1FF8
1FF0
1FE0
1F00
ENDCHAR
STARTCHAR glyph576
ENCODING -1
SWIDTH 490 0
DWIDTH 25 0
BBX 18 5 3 16
BITMAP
FFFFC0
FFFFC0
FFFFC0
FFFFC0
FFFFC0
ENDCHAR
STARTCHAR glyph577
ENCODING -1
SWIDTH 329 0
DWIDTH 16 0
BBX 15 15 3 28
BITMAP
00FE
01FC
03F0
07E0
0F80
0000
1F00
3FC0
7FC0
71E0
E0E0
F0E0
71E0
7FC0
1F80
ENDCHAR
STARTCHAR E.c2sc
ENCODING -1
SWIDTH 479 0
DWIDTH 24 0
BBX 22 28 2 0
BITMAP
FFFFFC
FFFFFC
FFFFFC
FFFFFC
FFFFFC
FFFFFC
FF0000
FF0000
FF0000
FF0000
FF0000
FFFFE0
FFFFE0
FFFFE0
FFFFE0
FFFFE0
FFFFE0
FF0000
FF0000
FF0000
FF0000
FF0000
FFFFF8
FFFFF8
FFFFF8
FFFFF8
FFFFF8
FFFFF8
ENDCHAR
STARTCHAR g.ss01
ENCODING -1
SWIDTH 528 0
DWIDTH 26 0
BBX 27 36 -1 -10
BITMAP
007FFFE0
03FFFFE0
07FFFFE0
0FFFFFE0
1FFFFF00
3FFFFF80
3FE0FF80
3FC07FC0
3FC07FC0
3FC07FC0
3FC07FC0
3FE0FF80
3FFFFF80
1FFFFF00
0FFFFF00
07FFFC00
01FFF800
03FFC000
07C00000
07C00000
0FFFFC00
0FFFFF00
07FFFF80
07FFFFC0
0FFFFFC0
1FFFFFE0
3F003FE0
7F001FE0
7F003FE0
FFC07FC0
7FFFFFC0
7FFFFF80
3FFFFF00
1FFFFE00
07FFF800
00FFC000
ENDCHAR
STARTCHAR alpha.ss02
ENCODING -1
SWIDTH 577 0
DWIDTH 29 0
BBX 26 26 1 0
BITMAP
00FE1FC0
03FF1FC0
0FFFDFC0
1FFFFF80
1FFFFF80
3FFFFF80
3FF3FF80
7FC0FF80
7FC0FF00
7F807F00
7F807F00
7F807F00
FF807F00
FF807F00
FF807F00
7F807F00
7F807F00
7F80FF00
7FC0FF80
7FF3FF80
3FFFFF80
3FFFFF80
1FFFDF80
0FFFDFC0
03FF1FC0
00FC1FC0
ENDCHAR
STARTCHAR R.ss03
ENCODING -1
SWIDTH 647 0
DWIDTH 32 0
BBX 28 36 3 0
BITMAP
FFFFE000
FFFFFC00
FFFFFE00
FFFFFF00
FFFFFF80
FFFFFFC0
FFFFFFC0
FF007FE0
FF003FE0
FF003FE0
FF003FE0
FF003FE0
FF003FE0
FF003FC0
FF007FC0
FFFFFF80
FFFFFF00
FFFFFC00
FFFFF800
FFFFFE00
FFFFFF00
FFFFFF80
FF00FFC0
FF007FC0
FF003FC0
FF003FC0
FF003FE0
FF003FE0
FF003FE0
FF003FE0
FF003FE0
FF003FE0
FF003FE0
FF003FE0
FF001FF0
FF001FF0
ENDCHAR
STARTCHAR K.ss04
ENCODING -1
SWIDTH 647 0
DWIDTH 32 0
BBX 30 36 3 0
BITMAP
FF003FF0
FF003FF0
FF007FE0
FF007FE0
FF00FFC0
FF00FFC0
FF01FF80
FF01FF00
FF03FF00
FF03FE00
FF07FE00
FF07FC00
FF0FF800
FF0FF800
FFFFF000
FFFFF000
FFFFE000
FFFFE000
FFFFF000
FFFFF000
FFFFF800
FFFFFC00
FF07FC00
FF07FE00
FF03FE00
FF03FF00
FF01FF00
FF01FF80
FF00FFC0
FF00FFC0
FF007FE0
FF007FE0
FF003FF0
FF003FF8
FF001FF8
FF000FFC
ENDCHAR
STARTCHAR k.ss04
ENCODING -1
SWIDTH 546 0
DWIDTH 27 0
BBX 25 38 2 0
BITMAP
FF800000
FF800000
FF800000
FF800000
FF800000
FF800000
FF800000
FF800000
FF800000
FF800000
FF800000
FF800000
FF81FF00
FF83FF00
FF83FE00
FF87FC00
FF87FC00
FF8FF800
FF8FF000
FF9FF000
FF9FE000
FFBFE000
FFFFC000
FFFF8000
FFFF8000
FFFFC000
FFFFC000
FFFFE000
FFBFF000
FF9FF000
FF8FF800
FF8FFC00
FF87FC00
FF87FE00
FF83FE00
FF81FF00
FF81FF80
FF80FF80
ENDCHAR
STARTCHAR K.ss05
ENCODING -1
SWIDTH 644 0
DWIDTH 32 0
BBX 29 36 3 0
BITMAP
FF003FF0
FF007FF0
FF00FFE0
FF00FFC0
FF01FF80
FF01FF80
FF03FF00
FF07FE00
FF07FE00
FF0FFC00
FF1FF800
FF1FF800
FF3FF000
FF3FE000
FF7FE000
FFFFC000
FFFF8000
FFFF0000
FFFF8000
FFFFC000
FFFFC000
FF7FE000
FF7FF000
FF3FF000
FF1FF800
FF1FFC00
FF0FFE00
FF07FE00
FF07FF00
FF03FF80
FF01FF80
FF01FFC0
FF00FFE0
FF007FE0
FF007FF0
FF003FF8
ENDCHAR
STARTCHAR k.ss05
ENCODING -1
SWIDTH 541 0
DWIDTH 27 0
BBX 25 39 2 0
BITMAP
FF800000
FF800000
FF800000
FF800000
FF800000
FF800000
FF800000
FF800000
FF800000
FF800000
FF800000
FF800000
FF800000
FF81FF00
FF83FF00
FF83FE00
FF87FC00
FF8FF800
FF8FF800
FF9FF000
FFBFE000
FFBFE000
FFFFC000
FFFF8000
FFFF8000
FFFF0000
FFFF0000
FFFF8000
FFFFC000
FFFFE000
FFBFE000
FF9FF000
FF9FF800
FF8FFC00
FF87FC00
FF87FE00
FF83FF00
FF81FF80
FF80FF80
ENDCHAR
STARTCHAR D.c2sc
ENCODING -1
SWIDTH 554 0
DWIDTH 28 0
BBX 25 28 2 0
BITMAP
FFFC0000
FFFF8000
FFFFE000
FFFFF000
FFFFF800
FFFFFC00
FF0FFE00
FF03FE00
FF01FF00
FF00FF00
FF00FF00
FF00FF00
FF00FF00
FF00FF80
FF00FF80
FF00FF00
FF00FF00
FF00FF00
FF00FF00
FF01FF00
FF03FE00
FF0FFE00
FFFFFC00
FFFFF800
FFFFF000
FFFFE000
FFFF8000
FFFC0000
ENDCHAR
STARTCHAR C.c2sc
ENCODING -1
SWIDTH 565 0
DWIDTH 28 0
BBX 26 28 1 0
BITMAP
007FC000
01FFF000
07FFFC00
0FFFFE00
1FFFFF00
3FFFFF80
3FF1FF80
7FC07FC0
7F803FC0
7F803FC0
FF803FC0
FF800000
FF000000
FF000000
FF000000
FF000000
FF800000
FF800000
7F803FC0
7F803FC0
7FC07FC0
3FF1FFC0
3FFFFF80
1FFFFF00
0FFFFE00
07FFFC00
03FFF800
007FC000
ENDCHAR
STARTCHAR B.c2sc
ENCODING -1
SWIDTH 559 0
DWIDTH 28 0
BBX 24 28 2 0
BITMAP
FFFF80
FFFFF0
FFFFF8
FFFFFC
FFFFFE
FFFFFF
FF03FF
FF01FF
FF00FF
FF00FF
FF01FE
FF03FE
FFFFFC
FFFFF8
FFFFF8
FFFFFC
FFFFFE
FF01FF
FF00FF
FF00FF
FF00FF
FF03FF
FFFFFF
FFFFFF
FFFFFE
FFFFFC
FFFFF8
FFFFC0
ENDCHAR
STARTCHAR A.c2sc
ENCODING -1
SWIDTH 591 0
DWIDTH 30 0
BBX 30 28 0 0
BITMAP
001FE000
003FE000
003FF000
007FF000
007FF000
007FF800
00FFF800
00FFFC00
01FFFC00
01FDFC00
01FDFE00
03FCFE00
03F8FF00
07F8FF00
07F87F00
07F07F80
0FF07F80
0FFFFFC0
1FFFFFC0
1FFFFFC0
1FFFFFE0
3FFFFFE0
3FFFFFF0
7FC00FF0
7F800FF0
7F8007F8
FF8007F8
FF0007FC
ENDCHAR
STARTCHAR glyph590
ENCODING -1
SWIDTH 248 0
DWIDTH 12 0
BBX 7 11 3 26
BITMAP
18
3E
7E
7E
FC
FC
FC
FC
FC
FC
FC
ENDCHAR
STARTCHAR glyph591
ENCODING -1
SWIDTH 449 0
DWIDTH 22 0
BBX 18 10 2 30
BITMAP
1F8000
0FC000
07C000
03E000
F9E7C0
FC07C0
7E1FC0
3FFF80
1FFF00
07F800
ENDCHAR
STARTCHAR glyph592
ENCODING -1
SWIDTH 0 0
DWIDTH 0 0
BBX 14 11 -21 30
BITMAP
00F8
01F0
03E0
03C0
0780
0000
3C1C
7F3C
FFFC
F7F8
E0F0
ENDCHAR
STARTCHAR glyph593
ENCODING -1
SWIDTH 501 0
DWIDTH 25 0
BBX 25 10 4 31
BITMAP
00001F80
00001F00
00003E00
00007E00
00007C00
03E0F800
0FF0F000
1FFC0000
7E3E0000
F81F0000
ENDCHAR
STARTCHAR glyph594
ENCODING -1
SWIDTH 501 0
DWIDTH 25 0
BBX 25 10 -4 31
BITMAP
F8000000
FC000000
7E000000
3E000000
1F000000
0F03E000
078FF800
001F7C00
003E3E00
00FC1F80
ENDCHAR
STARTCHAR glyph595
ENCODING -1
SWIDTH 501 0
DWIDTH 25 0
BBX 22 11 4 31
BITMAP
0001E0
0001F8
0001FC
00007C
00007C
0001FC
03E1F0
0FF1E0
1F7C00
3E3E00
FC1F80
ENDCHAR
STARTCHAR glyph596
ENCODING -1
SWIDTH 501 0
DWIDTH 25 0
BBX 17 10 4 31
BITMAP
0F8E00
1FFE00
1FFC00
0C3800
000000
03E000
0FF800
1F7C00
3E3E00
FC1F80
ENDCHAR
STARTCHAR uni0490.c2sc
ENCODING -1
SWIDTH 477 0
DWIDTH 24 0
BBX 21 36 2 0
BITMAP
0007F8
0007F8
0007F8
0007F8
0007F8
0007F8
0007F8
0007F8
FFFFF8
FFFFF8
FFFFF8
FFFFF8
FFFFF8
FFFFF8
FF0000
FF0000
FF0000
FF0000
FF0000
FF0000
FF0000
FF0000
FF0000
FF0000
FF0000
FF0000
FF0000
FF0000
FF0000
FF0000
FF0000
FF0000
FF0000
FF0000
FF0000
FF0000
ENDCHAR
STARTCHAR glyph598
ENCODING -1
SWIDTH 449 0
DWIDTH 22 0
BBX 18 11 2 30
BITMAP
003E00
007C00
007C00
00F800
01F000
F807C0
FC07C0
7E1FC0
3FFF80
1FFF00
07F800
ENDCHAR
STARTCHAR glyph599
ENCODING -1
SWIDTH 449 0
DWIDTH 22 0
BBX 19 15 2 30
BITMAP
03E000
03FC00
03FE00
007E00
007E00
01FE00
03F800
01F000
000000
FC03E0
FC07E0
7F1FC0
3FFF80
1FFF00
07FC00
ENDCHAR
STARTCHAR zero.frac
ENCODING -1
SWIDTH 375 0
DWIDTH 19 0
BBX 15 20 2 16
BITMAP
0FE0
3FF0
7FF8
7FFC
FCFE
F87E
F83E
F83E
F83E
F83E
F83E
F83E
F83E
F83E
F87E
FCFE
7FFC
7FFC
3FF0
0FE0
ENDCHAR
STARTCHAR four.frac
ENCODING -1
SWIDTH 375 0
DWIDTH 19 0
BBX 16 19 1 16
BITMAP
00FC
00FC
01FC
03FC
07FC
07FC
0FFC
1F7C
3E7C
3C7C
7C7C
FFFF
FFFF
7FFF
7FFF
007C
007C
007C
007C
ENDCHAR
STARTCHAR five.frac
ENCODING -1
SWIDTH 375 0
DWIDTH 19 0
BBX 16 20 1 16
BITMAP
3FFE
3FFE
3FFE
3FFE
3E00
7C00
7C00
7DF8
7FFC
7FFE
7FFF
003F
003F
003F
FC3F
7E7E
7FFE
3FFC
1FF8
07F0
ENDCHAR
STARTCHAR six.frac
ENCODING -1
SWIDTH 375 0
DWIDTH 19 0
BBX 16 20 2 16
BITMAP
01F0
07F0
1FF0
3FF0
7FC0
7E00
FC00
F9F0
FFFC
FFFE
FFFE
FC7E
F83F
F83F
F83E
FC7E
7FFE
7FFC
3FF8
0FE0
ENDCHAR
STARTCHAR seven.frac
ENCODING -1
SWIDTH 375 0
DWIDTH 19 0
BBX 16 19 1 16
BITMAP
FFFF
FFFF
FFFF
FFFF
003E
003E
007C
00FC
00F8
01F8
01F0
03F0
03E0
07E0
07C0
0FC0
0F80
1F80
1F00
ENDCHAR
STARTCHAR eight.frac
ENCODING -1
SWIDTH 375 0
DWIDTH 19 0
BBX 15 20 2 16
BITMAP
0FE0
3FF8
7FFC
FFFC
FCFE
FC7E
FC7E
FCFC
7FFC
3FF0
3FF8
7FFC
FC7E
F83E
F87E
FCFE
FFFE
7FFC
3FF8
0FE0
ENDCHAR
STARTCHAR nine.frac
ENCODING -1
SWIDTH 375 0
DWIDTH 19 0
BBX 15 20 2 16
BITMAP
0FC0
3FF0
7FF8
7FFC
FCFE
F87E
F83E
F83E
FC7E
FFFE
FFFE
7FFE
1F7E
007E
00FC
01FC
1FF8
1FF0
1FE0
1F00
ENDCHAR
STARTCHAR C.ss06
ENCODING -1
SWIDTH 668 0
DWIDTH 33 0
BBX 30 36 2 0
BITMAP
001FF000
00FFFE00
01FFFF80
07FFFFC0
0FFFFFE0
1FFFFFF0
1FFFFFF0
3FF01FF8
3FE00FF8
7FC007FC
7FC007FC
FF8007FC
FF8003FC
FF800000
FF000000
FF000000
FF000000
FF000000
FF000000
FF000000
FF000000
FF000000
FF800000
FF8003FC
FF8007FC
7F8007FC
7FC007F8
7FE00FF8
3FF01FF8
3FFFFFF0
1FFFFFF0
0FFFFFE0
07FFFFC0
03FFFF80
00FFFE00
001FF000
ENDCHAR
STARTCHAR G.ss06
ENCODING -1
SWIDTH 688 0
DWIDTH 34 0
BBX 30 36 2 0
BITMAP
001FF000
007FFE00
01FFFF80
07FFFFC0
0FFFFFE0
1FFFFFF0
1FFFFFF8
3FF01FF8
3FE00FF8
7FC007FC
7FC003FC
FF8003FC
FF800000
FF800000
FF000000
FF000000
FF000000
FF00FFFC
FF00FFFC
FF00FFFC
FF00FFFC
FF00FFFC
FF80FFFC
FF8003FC
FF8003FC
7FC003FC
7FE003FC
3FF003FC
3FF807FC
1FFFFFFC
0FFFFFFC
07FFFFFC
03FFFFF8
01FFFFE0
007FFF80
000FFC00
ENDCHAR
STARTCHAR D.ss06
ENCODING -1
SWIDTH 670 0
DWIDTH 34 0
BBX 29 36 3 0
BITMAP
FFFF0000
FFFFE000
FFFFF800
FFFFFC00
FFFFFE00
FFFFFF00
FFFFFF80
FF01FFC0
FF007FE0
FF003FE0
FF001FF0
FF001FF0
FF000FF0
FF000FF0
FF000FF8
FF000FF8
FF000FF8
FF000FF8
FF000FF8
FF000FF8
FF000FF8
FF000FF8
FF000FF0
FF000FF0
FF001FF0
FF001FF0
FF003FE0
FF007FE0
FF01FFC0
FFFFFF80
FFFFFF80
FFFFFE00
FFFFFC00
FFFFF800
FFFFE000
FFFF0000
ENDCHAR
STARTCHAR O.ss06
ENCODING -1
SWIDTH 724 0
DWIDTH 36 0
BBX 33 36 2 0
BITMAP
000FF00000
007FFE0000
01FFFF8000
03FFFFC000
07FFFFE000
0FFFFFF000
1FFFFFF800
3FF80FFC00
3FE007FC00
7FC003FE00
7FC003FE00
7F8001FF00
FF8001FF00
FF8000FF00
FF0000FF00
FF0000FF00
FF0000FF80
FF0000FF80
FF0000FF80
FF0000FF80
FF0000FF00
FF0000FF00
FF8000FF00
FF8001FF00
7F8001FF00
7FC003FE00
7FC003FE00
3FE007FC00
3FF80FFC00
1FFFFFF800
0FFFFFF000
07FFFFE000
03FFFFC000
01FFFF8000
007FFE0000
000FF00000
ENDCHAR
STARTCHAR Q.ss06
ENCODING -1
SWIDTH 724 0
DWIDTH 36 0
BBX 33 42 2 -6
BITMAP
000FF00000
007FFE0000
01FFFF8000
03FFFFC000
07FFFFF000
0FFFFFF000
1FFFFFF800
3FF00FFC00
3FE007FC00
7FC003FE00
7FC003FE00
7F8001FF00
FF8001FF00
FF8000FF00
FF0000FF00
FF0000FF00
FF0000FF80
FF0000FF80
FF0000FF80
FF0000FF00
FF0000FF00
FF0000FF00
FF8000FF00
FF8001FF00
7F8001FF00
7FC003FE00
7FC003FE00
3FE007FC00
3FF80FFC00
1FFFFFF800
0FFFFFF000
07FFFFF000
03FFFFE000
01FFFFF000
007FFFF800
000FFFFC00
000007FE00
000003FF80
000001FE00
0000007C00
0000003800
0000001000
ENDCHAR
STARTCHAR one.oldstyle.pnum
ENCODING -1
SWIDTH 589 0
DWIDTH 30 0
BBX 17 28 3 0
BITMAP
000380
001F80
00FF80
07FF80
3FFF80
FFFF80
FFFF80
FFFF80
FFFF80
FCFF80
E0FF80
00FF80
00FF80
00FF80
00FF80
00FF80
00FF80
00FF80
00FF80
00FF80
00FF80
00FF80
00FF80
00FF80
00FF80
00FF80
00FF80
00FF80
ENDCHAR
STARTCHAR two.oldstyle.pnum
ENCODING -1
SWIDTH 563 0
DWIDTH 28 0
BBX 25 28 2 0
BITMAP
01FF8000
07FFF000
1FFFF800
3FFFFC00
7FFFFE00
7FFFFE00
FFC3FE00
FF81FF00
FF01FF00
FF01FE00
0001FE00
0001FE00
0003FC00
0007FC00
001FF800
003FF000
007FC000
01FF8000
03FF0000
07FE0000
0FF80000
3FF00000
7FFFFF80
FFFFFF80
FFFFFF80
FFFFFF80
FFFFFF80
FFFFFF80
ENDCHAR
STARTCHAR three.oldstyle.pnum
ENCODING -1
SWIDTH 542 0
DWIDTH 27 0
BBX 26 37 0 -9
BITMAP
3FFFFF00
3FFFFF00
3FFFFF00
3FFFFF00
3FFFFF00
3FFFFE00
0007FC00
000FF800
000FF000
001FE000
003FE000
007FC000
00FF8000
01FFC000
01FFF000
01FFFC00
01FFFE00
01FFFF00
0007FF00
0001FF80
0000FF80
00007FC0
00007FC0
00007FC0
00007FC0
00007FC0
00007FC0
0000FF80
0001FF80
3003FF80
7F1FFF00
7FFFFF00
7FFFFE00
7FFFFC00
FFFFF000
3FFFC000
03FE0000
ENDCHAR
STARTCHAR four.oldstyle.pnum
ENCODING -1
SWIDTH 574 0
DWIDTH 29 0
BBX 26 35 1 -7
BITMAP
0003FE00
0003FE00
0007FE00
000FFE00
000FFE00
001FFE00
003FFE00
003FFE00
007FFE00
00FFFE00
00FFFE00
01FFFE00
03FBFE00
03FBFE00
07F3FE00
07E3FE00
0FE3FE00
1FC3FE00
1FC3FE00
3F83FE00
7F03FE00
7F03FE00
FFFFFFC0
FFFFFFC0
FFFFFFC0
FFFFFFC0
FFFFFFC0
FFFFFFC0
0003FE00
0003FE00
0003FE00
0003FE00
0003FE00
0003FE00
0003FE00
ENDCHAR
STARTCHAR five.oldstyle.pnum
ENCODING -1
SWIDTH 552 0
DWIDTH 28 0
BBX 24 37 3 -9
BITMAP
3FFFFE
3FFFFE
3FFFFE
3FFFFE
3FFFFE
3FFFFE
7F8000
7F8000
7F8000
7F0000
7F0000
7F0000
7F7F80
7FFFE0
7FFFF8
7FFFFC
7FFFFC
7FFFFE
7F03FE
0001FE
0001FF
0001FF
0000FF
0000FF
0000FF
0000FF
0001FF
0001FE
0003FE
3007FE
7F3FFC
7FFFFC
FFFFF8
FFFFF0
FFFFE0
3FFF80
03FC00
ENDCHAR
STARTCHAR seven.oldstyle.pnum
ENCODING -1
SWIDTH 522 0
DWIDTH 26 0
BBX 26 35 1 -7
BITMAP
FFFFFFC0
FFFFFFC0
FFFFFFC0
FFFFFFC0
FFFFFFC0
FFFFFFC0
00007F80
00007F80
0000FF00
0000FF00
0000FE00
0001FE00
0001FE00
0003FC00
0003FC00
0007F800
0007F800
000FF000
000FF000
001FF000
001FE000
001FE000
003FC000
003FC000
007F8000
007F8000
00FF8000
00FF0000
01FF0000
01FE0000
01FE0000
03FC0000
03FC0000
07F80000
07F80000
ENDCHAR
STARTCHAR glyph618
ENCODING -1
SWIDTH 449 0
DWIDTH 22 0
BBX 18 14 2 30
BITMAP
0F0700
1FCF00
3FFF00
3CFE00
383C00
000000
000000
000000
F807C0
FC07C0
7F1FC0
3FFF80
1FFF00
07F800
ENDCHAR
STARTCHAR glyph619
ENCODING -1
SWIDTH 250 0
DWIDTH 13 0
BBX 8 14 2 -9
BITMAP
FF
FF
FF
FF
FF
FF
FF
FF
FF
FF
FF
FF
FF
FF
ENDCHAR
STARTCHAR OE.c2sc
ENCODING -1
SWIDTH 814 0
DWIDTH 41 0
BBX 39 28 1 0
BITMAP
003FFFFFFE
01FFFFFFFE
07FFFFFFFE
0FFFFFFFFE
1FFFFFFFFE
3FFFFFFFFE
3FF03FC000
7FC03FC000
7FC03FC000
7F803FC000
FF803FC000
FF803FFFF8
FF003FFFF8
FF003FFFF8
FF003FFFF8
FF803FFFF8
FF803FFFF8
FF803FC000
7F803FC000
7FC03FC000
7FC03FC000
3FF03FC000
3FFFFFFFFE
1FFFFFFFFE
0FFFFFFFFE
07FFFFFFFE
01FFFFFFFE
003FFFFFFE
ENDCHAR
STARTCHAR nine.oldstyle.pnum
ENCODING -1
SWIDTH 575 0
DWIDTH 29 0
BBX 26 37 2 -8
BITMAP
00FF0000
03FFE000
07FFF000
1FFFFC00
1FFFFC00
3FFFFE00
7FF3FF00
7FC0FF00
FF80FF80
FF807F80
FF007F80
FF007F80
FF007FC0
FF007FC0
FF007FC0
FF007FC0
FF807FC0
FF807FC0
7FC0FFC0
7FFFFFC0
3FFFFFC0
3FFFFF80
1FFFFF80
07FF7F80
01FC7F80
00007F80
0000FF00
0000FF00
0001FF00
0003FE00
078FFE00
07FFFC00
0FFFF800
0FFFF000
0FFFE000
0FFFC000
01FE0000
ENDCHAR
STARTCHAR glyph622
ENCODING -1
SWIDTH 269 0
DWIDTH 13 0
BBX 14 18 -3 -11
BITMAP
03FC
03FC
03FC
03FC
03FC
03FC
03FC
03FC
03FC
03FC
07FC
8FFC
FFF8
FFF8
FFF0
FFE0
FFC0
FF00
ENDCHAR
STARTCHAR three.oldstyle
ENCODING -1
SWIDTH 579 0
DWIDTH 29 0
BBX 26 37 1 -9
BITMAP
3FFFFF00
3FFFFF00
3FFFFF00
3FFFFF00
3FFFFF00
3FFFFE00
0007FC00
000FF800
000FF000
001FE000
003FE000
007FC000
00FF8000
01FFC000
01FFF000
01FFFC00
01FFFE00
01FFFF00
0007FF00
0001FF80
0000FF80
00007FC0
00007FC0
00007FC0
00007FC0
00007FC0
00007FC0
0000FF80
0001FF80
3003FF80
7F1FFF00
7FFFFF00
7FFFFE00
7FFFFC00
FFFFF000
3FFFC000
03FE0000
ENDCHAR
STARTCHAR five.oldstyle
ENCODING -1
SWIDTH 579 0
DWIDTH 29 0
BBX 24 37 2 -9
BITMAP
3FFFFE
3FFFFE
3FFFFE
3FFFFE
3FFFFE
3FFFFE
7F8000
7F8000
7F8000
7F0000
7F0000
7F0000
7F7F80
7FFFE0
7FFFF8
7FFFFC
7FFFFC
7FFFFE
7F03FE
0001FE
0001FF
0001FF
0000FF
0000FF
0000FF
0000FF
0001FF
0001FE
0003FE
3007FE
7F3FFC
7FFFFC
FFFFF8
FFFFF0
FFFFE0
3FFF80
03FC00
ENDCHAR
STARTCHAR four.oldstyle
ENCODING -1
SWIDTH 579 0
DWIDTH 29 0
BBX 26 35 2 -7
BITMAP
0003FE00
0003FE00
0007FE00
000FFE00
000FFE00
001FFE00
003FFE00
003FFE00
007FFE00
00FFFE00
00FFFE00
01FFFE00
03FBFE00
03FBFE00
07F3FE00
07E3FE00
0FE3FE00
1FC3FE00
1FC3FE00
3F83FE00
7F03FE00
7F03FE00
FFFFFFC0
FFFFFFC0
FFFFFFC0
FFFFFFC0
FFFFFFC0
FFFFFFC0
0003FE00
0003FE00
0003FE00
0003FE00
0003FE00
0003FE00
0003FE00
ENDCHAR
STARTCHAR two.oldstyle
ENCODING -1
SWIDTH 579 0
DWIDTH 29 0
BBX 25 28 2 0
BITMAP
01FF8000
07FFF000
1FFFF800
3FFFFC00
7FFFFE00
7FFFFE00
FFC3FE00
FF81FF00
FF01FF00
FF01FE00
0001FE00
0001FE00
0003FC00
0007FC00
001FF800
003FF000
007FC000
01FF8000
03FF0000
07FE0000
0FF80000
3FF00000
7FFFFF80
FFFFFF80
FFFFFF80
FFFFFF80
FFFFFF80
FFFFFF80
ENDCHAR
STARTCHAR seven.oldstyle
ENCODING -1
SWIDTH 579 0
DWIDTH 29 0
BBX 26 35 1 -7
BITMAP
FFFFFFC0
FFFFFFC0
FFFFFFC0
FFFFFFC0
FFFFFFC0
FFFFFFC0
00007F80
00007F80
0000FF00
0000FF00
0000FE00
0001FE00
0001FE00
0003FC00
0003FC00
0007F800
0007F800
000FF000
000FF000
001FF000
001FE000
001FE000
003FC000
003FC000
007F8000
007F8000
00FF8000
00FF0000
01FF0000
01FE0000
01FE0000
03FC0000
03FC0000
07F80000
07F80000
ENDCHAR
STARTCHAR zero.oldstyle
ENCODING -1
SWIDTH 579 0
DWIDTH 29 0
BBX 27 28 1 0
BITMAP
003FC000
01FFF000
07FFFC00
0FFFFE00
1FFFFF00
3FFFFF80
3FF1FF80
7FE07FC0
7FC03FC0
7F803FC0
7F803FE0
FF801FE0
FF801FE0
FF801FE0
FF801FE0
FF801FE0
FF801FE0
7F803FE0
7F803FC0
7FC03FC0
7FE07FC0
3FF1FF80
3FFFFF80
1FFFFF00
0FFFFE00
07FFFC00
01FFF000
003FC000
ENDCHAR
STARTCHAR six.oldstyle
ENCODING -1
SWIDTH 579 0
DWIDTH 29 0
BBX 26 36 2 0
BITMAP
0003F000
001FF000
007FF000
01FFF000
03FFF000
07FFF000
0FFFC000
1FFC0000
1FF00000
3FE00000
3FC00000
7FC00000
7F8FE000
7FBFF800
FFFFFC00
FFFFFE00
FFFFFF00
FFFFFF00
FFE3FF80
FF80FF80
FF00FF80
FF007F80
FF007FC0
FF007FC0
FF007FC0
FF007F80
7F807F80
7F80FF80
7FC0FF80
3FF3FF00
3FFFFF00
1FFFFE00
0FFFFC00
07FFF800
01FFE000
007F8000
ENDCHAR
STARTCHAR nine.oldstyle
ENCODING -1
SWIDTH 579 0
DWIDTH 29 0
BBX 26 37 2 -8
BITMAP
00FF0000
03FFE000
07FFF000
1FFFFC00
1FFFFC00
3FFFFE00
7FF3FF00
7FC0FF00
FF80FF80
FF807F80
FF007F80
FF007F80
FF007FC0
FF007FC0
FF007FC0
FF007FC0
FF807FC0
FF807FC0
7FC0FFC0
7FFFFFC0
3FFFFFC0
3FFFFF80
1FFFFF80
07FF7F80
01FC7F80
00007F80
0000FF00
0000FF00
0001FF00
0003FE00
078FFE00
07FFFC00
0FFFF800
0FFFF000
0FFFE000
0FFFC000
01FE0000
ENDCHAR
STARTCHAR eight.oldstyle
ENCODING -1
SWIDTH 579 0
DWIDTH 29 0
BBX 25 36 2 0
BITMAP
00FF8000
03FFE000
0FFFF800
1FFFFC00
3FFFFE00
3FFFFE00
7FE3FF00
7FC1FF00
7F80FF00
7F80FF00
7F80FF00
7F80FF00
7F80FF00
3FC1FE00
3FE3FE00
1FFFFC00
0FFFF800
07FFF000
0FFFF800
1FFFFC00
3FFFFE00
7FC1FF00
7F80FF00
FF80FF80
FF007F80
FF007F80
FF00FF80
FF80FF80
FFC0FF80
7FE3FF00
7FFFFF00
3FFFFE00
3FFFFC00
0FFFF800
07FFF000
00FF8000
ENDCHAR
STARTCHAR one.oldstyle
ENCODING -1
SWIDTH 579 0
DWIDTH 29 0
BBX 17 28 5 0
BITMAP
000380
001F80
00FF80
07FF80
3FFF80
FFFF80
FFFF80
FFFF80
FFFF80
FCFF80
E0FF80
00FF80
00FF80
00FF80
00FF80
00FF80
00FF80
00FF80
00FF80
00FF80
00FF80
00FF80
00FF80
00FF80
00FF80
00FF80
00FF80
00FF80
ENDCHAR
STARTCHAR glyph633
ENCODING -1
SWIDTH 295 0
DWIDTH 15 0
BBX 14 36 -2 -10
BITMAP
07FC
07FC
07FC
07FC
07FC
07FC
07FC
07FC
07FC
07FC
07FC
07FC
07FC
07FC
07FC
07FC
07FC
07FC
07FC
07FC
07FC
07FC
07FC
07FC
07FC
07FC
07FC
07FC
07F8
8FF8
FFF8
FFF0
FFF0
FFE0
FFC0
FF00
ENDCHAR
STARTCHAR glyph634
ENCODING -1
SWIDTH 295 0
DWIDTH 15 0
BBX 14 36 -2 -10
BITMAP
07FC
07FC
07FC
07FC
07FC
07FC
07FC
07FC
07FC
07FC
07FC
07FC
07FC
07FC
07FC
07FC
07FC
07FC
07FC
07FC
07FC
07FC
07FC
07FC
07FC
07FC
07FC
07FC
07F8
8FF8
FFF8
FFF0
FFF0
FFE0
FFC0
FF00
ENDCHAR
STARTCHAR glyph635
ENCODING -1
SWIDTH 285 0
DWIDTH 14 0
BBX 8 26 3 0
BITMAP
FF
FF
FF
FF
FF
FF
FF
FF
FF
FF
FF
FF
FF
FF
FF
FF
FF
FF
FF
FF
FF
FF
FF
FF
FF
FF
ENDCHAR
STARTCHAR glyph636
ENCODING -1
SWIDTH 285 0
DWIDTH 14 0
BBX 11 37 0 -11
BITMAP
1FE0
1FE0
1FE0
1FE0
1FE0
1FE0
1FE0
1FE0
1FE0
1FE0
1FE0
1FE0
1FE0
1FE0
1FE0
1FE0
1FE0
1FE0
1FE0
1FE0
1FE0
1FE0
1FE0
1FE0
1FE0
1FE0
3F80
7E00
FC00
FC00
FC00
FC00
FF80
FF80
FF80
7FC0
1F00
ENDCHAR
STARTCHAR glyph637
ENCODING -1
SWIDTH 285 0
DWIDTH 14 0
BBX 8 26 3 0
BITMAP
FF
FF
FF
FF
FF
FF
FF
FF
FF
FF
FF
FF
FF
FF
FF
FF
FF
FF
FF
FF
FF
FF
FF
FF
FF
FF
ENDCHAR
STARTCHAR germandbls.sc
ENCODING -1
SWIDTH 559 0
DWIDTH 28 0
BBX 25 28 2 0
BITMAP
01FE0000
0FFF8000
1FFFE000
3FFFF000
7FFFF800
7FFFFC00
FFCFFC00
FF83F800
FF07F000
FF0FE000
FF1FC000
FF3FC000
FF3FF800
FF3FFC00
FF3FFE00
FF3FFF00
FF01FF80
FF007F80
FF007F80
FF007F80
FF007F80
FF18FF80
FF1FFF00
FF1FFF00
FF3FFE00
FF3FFC00
FF7FF800
FF0FE000
ENDCHAR
STARTCHAR zero.oldstyle.pnum
ENCODING -1
SWIDTH 590 0
DWIDTH 30 0
BBX 27 28 1 0
BITMAP
003FC000
01FFF000
07FFFC00
0FFFFE00
1FFFFF00
3FFFFF80
3FF1FF80
7FE07FC0
7FC03FC0
7F803FC0
7F803FE0
FF801FE0
FF801FE0
FF801FE0
FF801FE0
FF801FE0
FF801FE0
7F803FE0
7F803FC0
7FC03FC0
7FE07FC0
3FF1FF80
3FFFFF80
1FFFFF00
0FFFFE00
07FFFC00
01FFF000
003FC000
ENDCHAR
STARTCHAR seven.pnum
ENCODING -1
SWIDTH 536 0
DWIDTH 27 0
BBX 24 36 1 0
BITMAP
FFFFFF
FFFFFF
FFFFFF
FFFFFF
FFFFFF
FFFFFF
0000FF
0000FE
0001FE
0001FC
0003FC
0003FC
0003F8
0007F8
0007F0
000FF0
000FF0
001FE0
001FE0
001FC0
003FC0
003FC0
007F80
007F80
00FF00
00FF00
00FF00
01FE00
01FE00
03FC00
03FC00
07FC00
07F800
07F800
0FF000
0FF000
ENDCHAR
STARTCHAR b.ss06
ENCODING -1
SWIDTH 575 0
DWIDTH 29 0
BBX 25 38 2 0
BITMAP
FF800000
FF800000
FF800000
FF800000
FF800000
FF800000
FF800000
FF800000
FF800000
FF800000
FF800000
FF800000
FF9FC000
FFBFF000
FFFFFC00
FFFFFE00
FFFFFE00
FFFFFF00
FFE3FF00
FF80FF80
FF80FF80
FF807F80
FF807F80
FF807F80
FF807F80
FF807F80
FF807F80
FF807F80
FF807F80
FF80FF80
FF80FF80
FFE3FF00
FFFFFF00
FFFFFE00
FFFFFC00
FF7FFC00
FF3FF000
FF0FC000
ENDCHAR
STARTCHAR c.ss06
ENCODING -1
SWIDTH 539 0
DWIDTH 27 0
BBX 25 26 1 0
BITMAP
007F8000
01FFF000
07FFF800
0FFFFC00
1FFFFE00
3FFFFE00
3FF3FF00
7FC0FF00
7F80FF00
7F807F80
7F807F80
FF800000
FF800000
FF800000
FF800000
FF800000
7F807F80
7F807F80
7FC0FF00
3FF3FF00
3FFFFF00
1FFFFE00
0FFFFC00
07FFF800
01FFF000
007F8000
ENDCHAR
STARTCHAR d.ss06
ENCODING -1
SWIDTH 574 0
DWIDTH 29 0
BBX 25 38 1 0
BITMAP
00007F80
00007F80
00007F80
00007F80
00007F80
00007F80
00007F80
00007F80
00007F80
00007F80
00007F80
00007F80
00FC7F80
03FF7F80
0FFFFF80
1FFFFF80
3FFFFF80
3FFFFF80
7FF1FF80
7FC07F80
7FC07F80
7F807F80
FF807F80
FF807F80
FF807F80
FF807F80
FF807F80
FF807F80
7F807F80
7FC07F80
7FC0FF80
7FF1FF80
3FFFFF80
1FFFFF80
1FFFFF80
0FFFBF80
03FF3F80
00FC3F80
ENDCHAR
STARTCHAR g.ss06
ENCODING -1
SWIDTH 574 0
DWIDTH 29 0
BBX 25 36 1 -10
BITMAP
00FE3F80
03FF3F80
0FFFFF80
1FFFFF80
3FFFFF80
3FFFFF80
7FF1FF80
7FC07F80
7FC07F80
7F807F80
FF807F80
FF807F80
FF807F80
FF807F80
FF807F80
FF807F80
7F807F80
7FC07F80
7FC07F80
7FF1FF80
3FFFFF80
1FFFFF80
1FFFFF80
0FFFFF80
03FF7F80
00FC7F80
00007F80
0000FF80
0001FF80
0703FF00
07FFFF00
07FFFE00
07FFFC00
07FFF800
07FFE000
01FF0000
ENDCHAR
STARTCHAR o.ss06
ENCODING -1
SWIDTH 574 0
DWIDTH 29 0
BBX 27 26 1 0
BITMAP
007FC000
01FFF000
07FFFC00
0FFFFE00
1FFFFF00
3FFFFF80
3FF1FF80
7FC0FFC0
7F807FC0
FF803FC0
FF803FC0
FF003FE0
FF003FE0
FF003FE0
FF003FE0
FF803FC0
FF803FC0
7F807FC0
7FC07FC0
3FF1FF80
3FFFFF80
1FFFFF00
0FFFFE00
07FFFC00
01FFF000
007F8000
ENDCHAR
STARTCHAR p.ss06
ENCODING -1
SWIDTH 574 0
DWIDTH 29 0
BBX 25 36 2 -10
BITMAP
FF1FC000
FF3FF000
FF7FF800
FFFFFC00
FFFFFE00
FFFFFF00
FFE3FF00
FF81FF80
FF80FF80
FF807F80
FF807F80
FF807F80
FF807F80
FF807F80
FF807F80
FF807F80
FF807F80
FF80FF80
FF81FF00
FFE3FF00
FFFFFF00
FFFFFE00
FFFFFC00
FFFFF800
FFBFF000
FF8FC000
FF800000
FF800000
FF800000
FF800000
FF800000
FF800000
FF800000
FF800000
FF800000
FF800000
ENDCHAR
STARTCHAR q.ss06
ENCODING -1
SWIDTH 573 0
DWIDTH 29 0
BBX 25 36 1 -10
BITMAP
00FC3F80
03FF3F80
0FFFBF80
1FFFFF80
1FFFFF80
3FFFFF80
7FF1FF80
7FC07F80
7FC07F80
7F807F80
FF807F80
FF807F80
FF807F80
FF807F80
FF807F80
FF807F80
7F807F80
7FC07F80
7FC07F80
7FF1FF80
3FFFFF80
1FFFFF80
1FFFFF80
0FFFFF80
03FF7F80
00FC7F80
00007F80
00007F80
00007F80
00007F80
00007F80
00007F80
00007F80
00007F80
00007F80
00007F80
ENDCHAR
STARTCHAR e.ss07
ENCODING -1
SWIDTH 544 0
DWIDTH 27 0
BBX 25 26 1 0
BITMAP
007F8000
01FFF000
07FFF800
0FFFFC00
1FFFFE00
3FFFFF00
3FF1FF00
7FC07F80
7FC07F80
7F807F80
7FFFFF80
7FFFFF80
FFFFFF80
FFFFFF80
FFFFFF80
7F800000
7F800000
7FC00000
7FE00200
3FFC3E00
3FFFFE00
1FFFFF00
0FFFFF00
07FFFF00
01FFFC00
003FE000
ENDCHAR
STARTCHAR g.ss07
ENCODING -1
SWIDTH 575 0
DWIDTH 29 0
BBX 25 36 1 -10
BITMAP
01FC7F80
07FF7F80
0FFFFF80
1FFFFF80
3FFFFF80
3FFFFF80
7FE3FF80
7FC0FF80
7F80FF80
FF80FF80
FF80FF80
FF80FF80
FF80FF80
FF80FF80
FF80FF80
FF80FF80
FF80FF80
7F80FF80
7FC0FF80
7FE3FF80
3FFFFF80
3FFFFF80
1FFFFF80
0FFFFF80
07FEFF80
01FCFF80
0000FF80
0000FF00
0001FF00
0607FF00
07FFFE00
0FFFFC00
0FFFFC00
0FFFF000
0FFFE000
01FF0000
ENDCHAR
STARTCHAR glyph650
ENCODING -1
SWIDTH 523 0
DWIDTH 26 0
BBX 27 36 0 -10
BITMAP
FF003FE0
FF803FC0
FFC07FC0
FFE07F80
FFF0FF80
FFF0FF00
1FF9FF00
07F9FE00
03FFFE00
03FFFC00
01FFFC00
01FFF800
01FFF800
00FFF000
00FFF000
007FE000
007FE000
003FC000
007FC000
007FE000
00FFE000
00FFF000
00FFF000
01FFF800
01FFF800
03FFFC00
03FFFC00
07FBFE00
07F9FE00
0FF1FF80
0FF0FFC0
1FE0FFC0
1FE07FC0
3FC07FC0
3FC03FC0
7F800FC0
ENDCHAR
STARTCHAR one.pnum
ENCODING -1
SWIDTH 503 0
DWIDTH 25 0
BBX 16 36 3 0
BITMAP
0003
001F
007F
03FF
1FFF
FFFF
FFFF
FFFF
FFFF
FFFF
F0FF
80FF
00FF
00FF
00FF
00FF
00FF
00FF
00FF
00FF
00FF
00FF
00FF
00FF
00FF
00FF
00FF
00FF
00FF
00FF
00FF
00FF
00FF
00FF
00FF
00FF
ENDCHAR
STARTCHAR ampersand.c2sc
ENCODING -1
SWIDTH 676 0
DWIDTH 34 0
BBX 29 28 2 0
BITMAP
00FE0000
03FFC000
0FFFE000
1FFFF000
1FFFF000
1FFFF800
3FC7F800
3F83F800
3F83F800
1FC7F000
1FFFF000
0FFFE000
07FFC000
07FF0000
0FFE0000
1FFF07F0
3FFF87F0
7FBFCFE0
FF1FEFE0
FF0FFFE0
FF07FFC0
FFC3FFC0
FFFFFF80
7FFFFF80
7FFFFFC0
3FFFFFE0
0FFFFFF0
01FF0FF8
ENDCHAR
STARTCHAR Lslash.c2sc
ENCODING -1
SWIDTH 482 0
DWIDTH 24 0
BBX 23 28 0 0
BITMAP
1FE000
1FE000
1FE000
1FE000
1FE000
1FE000
1FE000
1FE380
1FFF80
1FFF80
1FFF80
7FFE00
FFF000
FFE000
FFE000
DFE000
1FE000
1FE000
1FE000
1FE000
1FE000
1FE000
1FFFFE
1FFFFE
1FFFFE
1FFFFE
1FFFFE
1FFFFE
ENDCHAR
STARTCHAR AE.c2sc
ENCODING -1
SWIDTH 793 0
DWIDTH 40 0
BBX 39 28 -1 0
BITMAP
000FFFFFFC
000FFFFFFC
001FFFFFFC
001FFFFFFC
001FFFFFFC
003FFFFFFC
003FFFC000
007FFFC000
007FFFC000
00FF3FC000
00FF3FC000
01FE3FFFF8
01FE3FFFF8
03FE3FFFF8
03FC3FFFF8
07FC3FFFF8
07F83FFFF8
0FFFFFC000
0FFFFFC000
1FFFFFC000
1FFFFFC000
3FFFFFC000
3FFFFFFFFE
7FC03FFFFE
7FC03FFFFE
FF803FFFFE
FF803FFFFE
FF803FFFFE
ENDCHAR
STARTCHAR Thorn.c2sc
ENCODING -1
SWIDTH 515 0
DWIDTH 26 0
BBX 23 28 2 0
BITMAP
FF0000
FF0000
FF0000
FF0000
FFFE00
FFFFC0
FFFFE0
FFFFF8
FFFFF8
FFFFFC
FF0FFC
FF03FE
FF01FE
FF01FE
FF01FE
FF03FE
FF0FFC
FFFFFC
FFFFF8
FFFFF8
FFFFE0
FFFFC0
FFFE00
FF0000
FF0000
FF0000
FF0000
FF0000
ENDCHAR
STARTCHAR Oslash.c2sc
ENCODING -1
SWIDTH 593 0
DWIDTH 30 0
BBX 27 30 1 -1
BITMAP
000001E0
003FC3C0
01FFFFC0
07FFFF80
0FFFFF00
1FFFFF00
3FFFFF80
3FF1FFC0
7FC07FC0
7FC0FFE0
7F81FFE0
FF83FFE0
FF83DFE0
FF079FE0
FF0F1FE0
FF1F1FE0
FF9E1FE0
FFBC1FE0
FFF81FE0
7FF03FE0
7FF03FE0
7FE07FC0
3FF1FFC0
3FFFFF80
1FFFFF00
0FFFFE00
1FFFFC00
3DFFF800
7C3FC000
F8000000
ENDCHAR
STARTCHAR Hbar.c2sc
ENCODING -1
SWIDTH 668 0
DWIDTH 33 0
BBX 31 28 1 0
BITMAP
1FE007F8
1FE007F8
1FE007F8
FFFFFFFE
FFFFFFFE
FFFFFFFE
FFFFFFFE
FFFFFFFE
1FE007F8
1FE007F8
1FE007F8
1FFFFFF8
1FFFFFF8
1FFFFFF8
1FFFFFF8
1FFFFFF8
1FFFFFF8
1FE007F8
1FE007F8
1FE007F8
1FE007F8
1FE007F8
1FE007F8
1FE007F8
1FE007F8
1FE007F8
1FE007F8
1FE007F8
ENDCHAR
STARTCHAR Eng.c2sc
ENCODING -1
SWIDTH 601 0
DWIDTH 30 0
BBX 26 38 2 -10
BITMAP
FF803FC0
FF803FC0
FFC03FC0
FFC03FC0
FFE03FC0
FFF03FC0
FFF03FC0
FFF83FC0
FFF83FC0
FFFC3FC0
FFFC3FC0
FFFE3FC0
FF7F3FC0
FF7F3FC0
FF3FBFC0
FF3FBFC0
FF1FFFC0
FF0FFFC0
FF0FFFC0
FF07FFC0
FF07FFC0
FF03FFC0
FF01FFC0
FF01FFC0
FF00FFC0
FF00FFC0
FF007FC0
FF003FC0
00003FC0
00003FC0
00007FC0
0008FFC0
000FFF80
000FFF80
000FFF00
000FFE00
000FFC00
000FF000
ENDCHAR
STARTCHAR Dcroat.c2sc
ENCODING -1
SWIDTH 554 0
DWIDTH 28 0
BBX 31 28 -4 0
BITMAP
03FFF000
03FFFE00
03FFFF80
03FFFFC0
03FFFFE0
03FFFFF0
03FC3FF8
03FC0FF8
03FC07FC
03FC03FC
03FC03FC
FFFFC3FC
FFFFC3FC
FFFFC3FE
FFFFC3FE
FFFFC3FC
03FC03FC
03FC03FC
03FC03FC
03FC07FC
03FC0FF8
03FC3FF8
03FFFFF0
03FFFFE0
03FFFFC0
03FFFF80
03FFFE00
03FFF000
ENDCHAR
STARTCHAR Eth.c2sc
ENCODING -1
SWIDTH 554 0
DWIDTH 28 0
BBX 31 28 -4 0
BITMAP
03FFF000
03FFFE00
03FFFF80
03FFFFC0
03FFFFE0
03FFFFF0
03FC3FF8
03FC0FF8
03FC07FC
03FC03FC
03FC03FC
FFFFC3FC
FFFFC3FC
FFFFC3FE
FFFFC3FE
FFFFC3FC
03FC03FC
03FC03FC
03FC03FC
03FC07FC
03FC0FF8
03FC3FF8
03FFFFF0
03FFFFE0
03FFFFC0
03FFFF80
03FFFE00
03FFF000
ENDCHAR
STARTCHAR Tbar.c2sc
ENCODING -1
SWIDTH 550 0
DWIDTH 28 0
BBX 26 28 1 0
BITMAP
FFFFFFC0
FFFFFFC0
FFFFFFC0
FFFFFFC0
FFFFFFC0
FFFFFFC0
00FF8000
00FF8000
00FF8000
00FF8000
3FFFF000
3FFFF000
3FFFF000
3FFFF000
3FFFF000
00FF8000
00FF8000
00FF8000
00FF8000
00FF8000
00FF8000
00FF8000
00FF8000
00FF8000
00FF8000
00FF8000
00FF8000
00FF8000
ENDCHAR
STARTCHAR Agrave.c2sc
ENCODING -1
SWIDTH 591 0
DWIDTH 30 0
BBX 30 39 0 0
BITMAP
03FC0000
01FE0000
01FF0000
00FF0000
007F8000
003F8000
001FC000
000FE000
00000000
00000000
00000000
001FE000
003FE000
003FF000
007FF000
007FF000
007FF800
00FFF800
00FFFC00
01FFFC00
01FDFC00
01FDFE00
03FCFE00
03F8FF00
07F8FF00
07F87F00
07F07F80
0FF07F80
0FFFFFC0
1FFFFFC0
1FFFFFC0
1FFFFFE0
3FFFFFE0
3FFFFFF0
7FC00FF0
7F800FF0
7F8007F8
FF8007F8
FF0007FC
ENDCHAR
STARTCHAR Aacute.c2sc
ENCODING -1
SWIDTH 591 0
DWIDTH 30 0
BBX 30 39 0 0
BITMAP
0000FF00
0001FE00
0001FE00
0003FC00
0007F800
0007F000
000FE000
001FC000
00000000
00000000
00000000
001FE000
003FE000
003FF000
007FF000
007FF000
007FF800
00FFF800
00FFFC00
01FFFC00
01FDFC00
01FDFE00
03FCFE00
03F8FF00
07F8FF00
07F87F00
07F07F80
0FF07F80
0FFFFFC0
1FFFFFC0
1FFFFFC0
1FFFFFE0
3FFFFFE0
3FFFFFF0
7FC00FF0
7F800FF0
7F8007F8
FF8007F8
FF0007FC
ENDCHAR
STARTCHAR Acircumflex.c2sc
ENCODING -1
SWIDTH 591 0
DWIDTH 30 0
BBX 30 38 0 0
BITMAP
000FC000
003FE000
007FF000
00FFF800
01FDFC00
03F87F00
0FE03F80
00000000
00000000
00000000
001FE000
003FE000
003FF000
007FF000
007FF000
007FF800
00FFF800
00FFFC00
01FFFC00
01FDFC00
01FDFE00
03FCFE00
03F8FF00
07F8FF00
07F87F00
07F07F80
0FF07F80
0FFFFFC0
1FFFFFC0
1FFFFFC0
1FFFFFE0
3FFFFFE0
3FFFFFF0
7FC00FF0
7F800FF0
7F8007F8
FF8007F8
FF0007FC
ENDCHAR
STARTCHAR Atilde.c2sc
ENCODING -1
SWIDTH 591 0
DWIDTH 30 0
BBX 30 38 0 0
BITMAP
007C0F80
00FF0F00
01FFFF00
03FFFF00
03FFFE00
03E1FC00
03C07800
00000000
00000000
00000000
001FE000
003FE000
003FF000
007FF000
007FF000
007FF800
00FFF800
00FFFC00
01FFFC00
01FDFC00
01FDFE00
03FCFE00
03F8FF00
07F8FF00
07F87F00
07F07F80
0FF07F80
0FFFFFC0
1FFFFFC0
1FFFFFC0
1FFFFFE0
3FFFFFE0
3FFFFFF0
7FC00FF0
7F800FF0
7F8007F8
FF8007F8
FF0007FC
ENDCHAR
STARTCHAR Adieresis.c2sc
ENCODING -1
SWIDTH 591 0
DWIDTH 30 0
BBX 30 38 0 0
BITMAP
00000800
07E03E00
07E07F00
0FF07F00
0FF07F00
07E03F00
03C01E00
00000000
00000000
00000000
001FE000
003FE000
003FF000
007FF000
007FF000
007FF800
00FFF800
00FFFC00
01FFFC00
01FDFC00
01FDFE00
03FCFE00
03F8FF00
07F8FF00
07F87F00
07F07F80
0FF07F80
0FFFFFC0
1FFFFFC0
1FFFFFC0
1FFFFFE0
3FFFFFE0
3FFFFFF0
7FC00FF0
7F800FF0
7F8007F8
FF8007F8
FF0007FC
ENDCHAR
STARTCHAR Aring.c2sc
ENCODING -1
SWIDTH 591 0
DWIDTH 30 0
BBX 30 40 0 0
BITMAP
0007C000
001FE000
001CF000
00387800
00383800
00383800
00383800
001CF000
001FE000
0007C000
00000000
00000000
001FE000
003FE000
003FF000
007FF000
007FF000
007FF800
00FFF800
00FFFC00
01FFFC00
01FDFC00
01FDFE00
03FCFE00
03F8FF00
07F8FF00
07F87F00
07F07F80
0FF07F80
0FFFFFC0
1FFFFFC0
1FFFFFC0
1FFFFFE0
3FFFFFE0
3FFFFFF0
7FC00FF0
7F800FF0
7F8007F8
FF8007F8
FF0007FC
ENDCHAR
STARTCHAR Aringacute.c2sc
ENCODING -1
SWIDTH 591 0
DWIDTH 30 0
BBX 30 42 0 0
BITMAP
00007F00
0000FE00
0001F800
0003F000
0007C000
00000000
000F8000
001FE000
003FE000
0038F000
00707000
00787000
0038F000
003FE000
001FE000
003FE000
003FF000
007FF000
007FF000
007FF800
00FFF800
00FFFC00
01FFFC00
01FDFC00
01FDFE00
03FCFE00
03F8FF00
07F8FF00
07F87F00
07F07F80
0FF07F80
0FFFFFC0
1FFFFFC0
1FFFFFC0
1FFFFFE0
3FFFFFE0
3FFFFFF0
7FC00FF0
7F800FF0
7F8007F8
FF8007F8
FF0007FC
ENDCHAR
STARTCHAR Ccedilla.c2sc
ENCODING -1
SWIDTH 565 0
DWIDTH 28 0
BBX 26 40 1 -12
BITMAP
007FC000
01FFF000
07FFFC00
0FFFFE00
1FFFFF00
3FFFFF80
3FF1FF80
7FC07FC0
7F803FC0
7F803FC0
FF803FC0
FF800000
FF000000
FF000000
FF000000
FF000000
FF800000
FF800000
7F803FC0
7F803FC0
7FC07FC0
3FF1FFC0
3FFFFF80
1FFFFF00
0FFFFE00
07FFFC00
03FFF800
007FC000
001F8000
001F8000
003FE000
003FF000
0007F000
0007F800
0007F800
001FF000
001FF000
001FE000
001FC000
001F0000
ENDCHAR
STARTCHAR Egrave.c2sc
ENCODING -1
SWIDTH 479 0
DWIDTH 24 0
BBX 22 39 2 0
BITMAP
1FE000
0FF000
0FF800
07F800
03FC00
01FC00
00FE00
007F00
000000
000000
000000
FFFFFC
FFFFFC
FFFFFC
FFFFFC
FFFFFC
FFFFFC
FF0000
FF0000
FF0000
FF0000
FF0000
FFFFE0
FFFFE0
FFFFE0
FFFFE0
FFFFE0
FFFFE0
FF0000
FF0000
FF0000
FF0000
FF0000
FFFFF8
FFFFF8
FFFFF8
FFFFF8
FFFFF8
FFFFF8
ENDCHAR
STARTCHAR Eacute.c2sc
ENCODING -1
SWIDTH 479 0
DWIDTH 24 0
BBX 22 39 2 0
BITMAP
0007F8
000FF0
000FF0
001FE0
003FC0
003F80
007F00
00FE00
000000
000000
000000
FFFFFC
FFFFFC
FFFFFC
FFFFFC
FFFFFC
FFFFFC
FF0000
FF0000
FF0000
FF0000
FF0000
FFFFE0
FFFFE0
FFFFE0
FFFFE0
FFFFE0
FFFFE0
FF0000
FF0000
FF0000
FF0000
FF0000
FFFFF8
FFFFF8
FFFFF8
FFFFF8
FFFFF8
FFFFF8
ENDCHAR
STARTCHAR Ecircumflex.c2sc
ENCODING -1
SWIDTH 479 0
DWIDTH 24 0
BBX 22 38 2 0
BITMAP
007E00
01FF00
03FF80
07FFC0
0FEFE0
1FC3F8
7F01FC
000000
000000
000000
FFFFFC
FFFFFC
FFFFFC
FFFFFC
FFFFFC
FFFFFC
FF0000
FF0000
FF0000
FF0000
FF0000
FFFFE0
FFFFE0
FFFFE0
FFFFE0
FFFFE0
FFFFE0
FF0000
FF0000
FF0000
FF0000
FF0000
FFFFF8
FFFFF8
FFFFF8
FFFFF8
FFFFF8
FFFFF8
ENDCHAR
STARTCHAR Edieresis.c2sc
ENCODING -1
SWIDTH 479 0
DWIDTH 24 0
BBX 22 38 2 0
BITMAP
000040
3F01F0
3F03F8
7F83F8
7F83F8
3F01F8
1E00F0
000000
000000
000000
FFFFFC
FFFFFC
FFFFFC
FFFFFC
FFFFFC
FFFFFC
FF0000
FF0000
FF0000
FF0000
FF0000
FFFFE0
FFFFE0
FFFFE0
FFFFE0
FFFFE0
FFFFE0
FF0000
FF0000
FF0000
FF0000
FF0000
FFFFF8
FFFFF8
FFFFF8
FFFFF8
FFFFF8
FFFFF8
ENDCHAR
STARTCHAR Igrave.c2sc
ENCODING -1
SWIDTH 266 0
DWIDTH 13 0
BBX 13 39 -2 0
BITMAP
FF00
7F80
7FC0
3FC0
1FE0
0FE0
07F0
03F8
0000
0000
0000
07F8
07F8
07F8
07F8
07F8
07F8
07F8
07F8
07F8
07F8
07F8
07F8
07F8
07F8
07F8
07F8
07F8
07F8
07F8
07F8
07F8
07F8
07F8
07F8
07F8
07F8
07F8
07F8
ENDCHAR
STARTCHAR Iacute.c2sc
ENCODING -1
SWIDTH 266 0
DWIDTH 13 0
BBX 13 39 3 0
BITMAP
07F8
0FF0
0FF0
1FE0
3FC0
3F80
7F00
FE00
0000
0000
0000
FF00
FF00
FF00
FF00
FF00
FF00
FF00
FF00
FF00
FF00
FF00
FF00
FF00
FF00
FF00
FF00
FF00
FF00
FF00
FF00
FF00
FF00
FF00
FF00
FF00
FF00
FF00
FF00
ENDCHAR
STARTCHAR Icircumflex.c2sc
ENCODING -1
SWIDTH 266 0
DWIDTH 13 0
BBX 21 38 -4 0
BITMAP
00FC00
03FE00
07FF00
0FFF80
1FDFC0
3F87F0
FE03F8
000000
000000
000000
01FE00
01FE00
01FE00
01FE00
01FE00
01FE00
01FE00
01FE00
01FE00
01FE00
01FE00
01FE00
01FE00
01FE00
01FE00
01FE00
01FE00
01FE00
01FE00
01FE00
01FE00
01FE00
01FE00
01FE00
01FE00
01FE00
01FE00
01FE00
ENDCHAR
STARTCHAR Idieresis.c2sc
ENCODING -1
SWIDTH 266 0
DWIDTH 13 0
BBX 20 38 -4 0
BITMAP
000080
7E03E0
7E07F0
FF07F0
FF07F0
7E03F0
3C01E0
000000
000000
000000
01FE00
01FE00
01FE00
01FE00
01FE00
01FE00
01FE00
01FE00
01FE00
01FE00
01FE00
01FE00
01FE00
01FE00
01FE00
01FE00
01FE00
01FE00
01FE00
01FE00
01FE00
01FE00
01FE00
01FE00
01FE00
01FE00
01FE00
01FE00
ENDCHAR
STARTCHAR Ntilde.c2sc
ENCODING -1
SWIDTH 601 0
DWIDTH 30 0
BBX 26 38 2 0
BITMAP
01F03E00
03FC3C00
07FFFC00
0FFFFC00
0FFFF800
0F87F000
0F01E000
00000000
00000000
00000000
FF803FC0
FF803FC0
FFC03FC0
FFC03FC0
FFE03FC0
FFE03FC0
FFF03FC0
FFF83FC0
FFF83FC0
FFFC3FC0
FFFC3FC0
FFFE3FC0
FF7F3FC0
FF7F3FC0
FF3FBFC0
FF3FBFC0
FF1FFFC0
FF0FFFC0
FF0FFFC0
FF07FFC0
FF07FFC0
FF03FFC0
FF01FFC0
FF01FFC0
FF00FFC0
FF00FFC0
FF007FC0
FF003FC0
ENDCHAR
STARTCHAR Ograve.c2sc
ENCODING -1
SWIDTH 593 0
DWIDTH 30 0
BBX 27 38 1 0
BITMAP
07F80000
03FC0000
03FE0000
01FE0000
00FF0000
007F0000
003F8000
001FC000
00000000
00000000
003FC000
01FFF800
07FFFC00
0FFFFE00
1FFFFF00
3FFFFF80
3FF1FFC0
7FC07FC0
7FC03FE0
7F803FE0
FF801FE0
FF801FE0
FF001FE0
FF001FE0
FF001FE0
FF801FE0
FF801FE0
FF801FE0
7F803FE0
7FC03FE0
7FC07FC0
3FF1FFC0
3FFFFF80
1FFFFF00
0FFFFE00
07FFFC00
01FFF800
003FC000
ENDCHAR
STARTCHAR Oacute.c2sc
ENCODING -1
SWIDTH 593 0
DWIDTH 30 0
BBX 27 38 1 0
BITMAP
0001FE00
0003FC00
0003FC00
0007F800
000FF000
000FE000
001FC000
003F8000
00000000
00000000
003FC000
01FFF800
07FFFC00
0FFFFE00
1FFFFF00
3FFFFF80
3FF1FFC0
7FC07FC0
7FC03FE0
7F803FE0
FF801FE0
FF801FE0
FF001FE0
FF001FE0
FF001FE0
FF801FE0
FF801FE0
FF801FE0
7F803FE0
7FC03FE0
7FC07FC0
3FF1FFC0
3FFFFF80
1FFFFF00
0FFFFE00
07FFFC00
01FFF800
003FC000
ENDCHAR
STARTCHAR Ocircumflex.c2sc
ENCODING -1
SWIDTH 593 0
DWIDTH 30 0
BBX 27 37 1 0
BITMAP
001F8000
007FC000
00FFE000
01FFF000
03FBF800
07F0FE00
1FC07F00
00000000
00000000
003FC000
01FFF800
07FFFC00
0FFFFE00
1FFFFF00
3FFFFF80
3FF1FFC0
7FC07FC0
7FC03FE0
7F803FE0
FF801FE0
FF801FE0
FF001FE0
FF001FE0
FF001FE0
FF801FE0
FF801FE0
FF801FE0
7F803FE0
7FC03FE0
7FC07FC0
3FF1FFC0
3FFFFF80
1FFFFF00
0FFFFE00
07FFFC00
01FFF800
003FC000
ENDCHAR
STARTCHAR Otilde.c2sc
ENCODING -1
SWIDTH 593 0
DWIDTH 30 0
BBX 27 38 1 0
BITMAP
00F81F00
01FE1E00
03FFFE00
07FFFE00
07FFFC00
07C3F800
0780F000
00000000
00000000
00000000
003FC000
01FFF800
07FFFC00
0FFFFE00
1FFFFF00
3FFFFF80
3FF1FFC0
7FC07FC0
7FC03FE0
7F803FE0
FF801FE0
FF801FE0
FF001FE0
FF001FE0
FF001FE0
FF801FE0
FF801FE0
FF801FE0
7F803FE0
7FC03FE0
7FC07FC0
3FF1FFC0
3FFFFF80
1FFFFF00
0FFFFE00
07FFFC00
01FFF800
003FC000
ENDCHAR
STARTCHAR Odieresis.c2sc
ENCODING -1
SWIDTH 593 0
DWIDTH 30 0
BBX 27 38 1 0
BITMAP
00001000
0FC07C00
0FC0FE00
1FE0FE00
1FE0FE00
0FC07E00
07803C00
00000000
00000000
00000000
003FC000
01FFF800
07FFFC00
0FFFFE00
1FFFFF00
3FFFFF80
3FF1FFC0
7FC07FC0
7FC03FE0
7F803FE0
FF801FE0
FF801FE0
FF001FE0
FF001FE0
FF001FE0
FF801FE0
FF801FE0
FF801FE0
7F803FE0
7FC03FE0
7FC07FC0
3FF1FFC0
3FFFFF80
1FFFFF00
0FFFFE00
07FFFC00
01FFF800
003FC000
ENDCHAR
STARTCHAR Ugrave.c2sc
ENCODING -1
SWIDTH 575 0
DWIDTH 29 0
BBX 25 39 2 0
BITMAP
1FE00000
0FF00000
0FF80000
07F80000
03FC0000
01FC0000
00FE0000
007F0000
00000000
00000000
00000000
FF00FF80
FF00FF80
FF00FF80
FF00FF80
FF00FF80
FF00FF80
FF00FF80
FF00FF80
FF00FF80
FF00FF80
FF00FF80
FF00FF80
FF00FF80
FF00FF80
FF00FF80
FF00FF80
FF00FF80
FF00FF80
FF00FF80
FF80FF80
FF80FF00
7FE3FF00
7FFFFF00
3FFFFE00
3FFFFC00
0FFFF800
07FFF000
00FF8000
ENDCHAR
STARTCHAR Uacute.c2sc
ENCODING -1
SWIDTH 575 0
DWIDTH 29 0
BBX 25 39 2 0
BITMAP
0007F800
000FF000
000FF000
001FE000
003FC000
003F8000
007F0000
00FE0000
00000000
00000000
00000000
FF00FF80
FF00FF80
FF00FF80
FF00FF80
FF00FF80
FF00FF80
FF00FF80
FF00FF80
FF00FF80
FF00FF80
FF00FF80
FF00FF80
FF00FF80
FF00FF80
FF00FF80
FF00FF80
FF00FF80
FF00FF80
FF00FF80
FF80FF80
FF80FF00
7FE3FF00
7FFFFF00
3FFFFE00
3FFFFC00
0FFFF800
07FFF000
00FF8000
ENDCHAR
STARTCHAR Ucircumflex.c2sc
ENCODING -1
SWIDTH 575 0
DWIDTH 29 0
BBX 25 38 2 0
BITMAP
003F0000
00FF8000
01FFC000
03FFE000
07F7F000
0FE1FC00
3F80FE00
00000000
00000000
00000000
FF00FF80
FF00FF80
FF00FF80
FF00FF80
FF00FF80
FF00FF80
FF00FF80
FF00FF80
FF00FF80
FF00FF80
FF00FF80
FF00FF80
FF00FF80
FF00FF80
FF00FF80
FF00FF80
FF00FF80
FF00FF80
FF00FF80
FF80FF80
FF80FF00
7FE3FF00
7FFFFF00
3FFFFE00
3FFFFC00
0FFFF800
07FFF000
00FF8000
ENDCHAR
STARTCHAR Udieresis.c2sc
ENCODING -1
SWIDTH 575 0
DWIDTH 29 0
BBX 25 38 2 0
BITMAP
00002000
1F80F800
1F81FC00
3FC1FC00
3FC1FC00
1F80FC00
0F007800
00000000
00000000
00000000
FF00FF80
FF00FF80
FF00FF80
FF00FF80
FF00FF80
FF00FF80
FF00FF80
FF00FF80
FF00FF80
FF00FF80
FF00FF80
FF00FF80
FF00FF80
FF00FF80
FF00FF80
FF00FF80
FF00FF80
FF00FF80
FF00FF80
FF80FF80
FF80FF00
7FE3FF00
7FFFFF00
3FFFFE00
3FFFFC00
0FFFF800
07FFF000
00FF8000
ENDCHAR
STARTCHAR Yacute.c2sc
ENCODING -1
SWIDTH 546 0
DWIDTH 27 0
BBX 27 39 0 0
BITMAP
0003FC00
0007F800
0007F800
000FF000
001FE000
001FC000
003F8000
007F0000
00000000
00000000
00000000
FF803FE0
7F803FE0
7FC03FC0
3FC07FC0
3FE07F80
1FE0FF80
1FF0FF00
0FF1FF00
0FF1FE00
07FBFC00
07FBFC00
03FFF800
01FFF800
01FFF000
00FFF000
00FFE000
007FE000
007FC000
007FC000
007FC000
007FC000
007FC000
007FC000
007FC000
007FC000
007FC000
007FC000
007FC000
ENDCHAR
STARTCHAR Amacron.c2sc
ENCODING -1
SWIDTH 591 0
DWIDTH 30 0
BBX 30 36 0 0
BITMAP
03FFFE00
03FFFE00
03FFFE00
03FFFE00
00000000
00000000
00000000
00000000
001FE000
003FE000
003FF000
007FF000
007FF000
007FF800
00FFF800
00FFFC00
01FFFC00
01FDFC00
01FDFE00
03FCFE00
03F8FF00
07F8FF00
07F87F00
07F07F80
0FF07F80
0FFFFFC0
1FFFFFC0
1FFFFFC0
1FFFFFE0
3FFFFFE0
3FFFFFF0
7FC00FF0
7F800FF0
7F8007F8
FF8007F8
FF0007FC
ENDCHAR
STARTCHAR Abreve.c2sc
ENCODING -1
SWIDTH 591 0
DWIDTH 30 0
BBX 30 38 0 0
BITMAP
07E03E00
07E07E00
03F07E00
03F9FE00
01FFFC00
01FFF800
007FF000
001FC000
00000000
00000000
001FE000
003FE000
003FF000
007FF000
007FF000
007FF800
00FFF800
00FFFC00
01FFFC00
01FDFC00
01FDFE00
03FCFE00
03F8FF00
07F8FF00
07F87F00
07F07F80
0FF07F80
0FFFFFC0
1FFFFFC0
1FFFFFC0
1FFFFFE0
3FFFFFE0
3FFFFFF0
7FC00FF0
7F800FF0
7F8007F8
FF8007F8
FF0007FC
ENDCHAR
STARTCHAR Aogonek.c2sc
ENCODING -1
SWIDTH 591 0
DWIDTH 30 0
BBX 30 38 0 -10
BITMAP
001FE000
003FE000
003FF000
007FF000
007FF000
007FF800
00FFF800
00FFFC00
01FFFC00
01FDFC00
01FDFE00
03FCFE00
03F8FF00
07F8FF00
07F87F00
07F07F80
0FF07F80
0FFFFFC0
1FFFFFC0
1FFFFFC0
1FFFFFE0
3FFFFFE0
3FFFFFF0
7FC00FF0
7F800FF0
7F8007F8
FF8007F8
FF0007FC
00000FE0
00000FC0
00001F80
00001F00
00001F80
00001FF0
00001FF0
00001FF0
00000FF0
000003E0
ENDCHAR
STARTCHAR Cacute.c2sc
ENCODING -1
SWIDTH 565 0
DWIDTH 28 0
BBX 26 38 1 0
BITMAP
0001FE00
0003FC00
0003FC00
0007F800
000FF000
000FE000
001FC000
003F8000
00000000
00000000
007FC000
01FFF000
07FFFC00
0FFFFE00
1FFFFF00
3FFFFF80
3FF1FF80
7FC07FC0
7F803FC0
7F803FC0
FF803FC0
FF800000
FF000000
FF000000
FF000000
FF000000
FF800000
FF800000
7F803FC0
7F803FC0
7FC07FC0
3FF1FFC0
3FFFFF80
1FFFFF00
0FFFFE00
07FFFC00
03FFF800
007FC000
ENDCHAR
STARTCHAR Ccircumflex.c2sc
ENCODING -1
SWIDTH 565 0
DWIDTH 28 0
BBX 26 37 1 0
BITMAP
001F8000
007FC000
00FFE000
01FFF000
03FBF800
07F0FE00
1FC07F00
00000000
00000000
007FC000
01FFF000
07FFFC00
0FFFFE00
1FFFFF00
3FFFFF80
3FF1FF80
7FC07FC0
7F803FC0
7F803FC0
FF803FC0
FF800000
FF000000
FF000000
FF000000
FF000000
FF800000
FF800000
7F803FC0
7F803FC0
7FC07FC0
3FF1FFC0
3FFFFF80
1FFFFF00
0FFFFE00
07FFFC00
03FFF800
007FC000
ENDCHAR
STARTCHAR Cdotaccent.c2sc
ENCODING -1
SWIDTH 565 0
DWIDTH 28 0
BBX 26 38 1 0
BITMAP
001F0000
003F8000
003FC000
003FC000
003FC000
003F8000
001F0000
00000000
00000000
00000000
007FC000
01FFF000
07FFFC00
0FFFFE00
1FFFFF00
3FFFFF80
3FF1FF80
7FC07FC0
7F803FC0
7F803FC0
FF803FC0
FF800000
FF000000
FF000000
FF000000
FF000000
FF800000
FF800000
7F803FC0
7F803FC0
7FC07FC0
3FF1FFC0
3FFFFF80
1FFFFF00
0FFFFE00
07FFFC00
03FFF800
007FC000
ENDCHAR
STARTCHAR Ccaron.c2sc
ENCODING -1
SWIDTH 565 0
DWIDTH 28 0
BBX 26 37 1 0
BITMAP
0FE07F00
07F0FE00
03F9FC00
01FFF800
00FFF000
003FC000
001F8000
00000000
00000000
007FC000
01FFF000
07FFFC00
0FFFFE00
1FFFFF00
3FFFFF80
3FF1FF80
7FC07FC0
7F803FC0
7F803FC0
FF803FC0
FF800000
FF000000
FF000000
FF000000
FF000000
FF800000
FF800000
7F803FC0
7F803FC0
7FC07FC0
3FF1FFC0
3FFFFF80
1FFFFF00
0FFFFE00
07FFFC00
03FFF800
007FC000
ENDCHAR
STARTCHAR Dcaron.c2sc
ENCODING -1
SWIDTH 554 0
DWIDTH 28 0
BBX 28 38 -1 0
BITMAP
FE07F000
7F0FE000
3F9FC000
1FFF8000
0FFF0000
03FC0000
01F80000
00000000
00000000
00000000
1FFF8000
1FFFF000
1FFFFC00
1FFFFE00
1FFFFF00
1FFFFF80
1FE1FFC0
1FE07FC0
1FE03FE0
1FE01FE0
1FE01FE0
1FE01FE0
1FE01FE0
1FE01FF0
1FE01FF0
1FE01FE0
1FE01FE0
1FE01FE0
1FE01FE0
1FE03FE0
1FE07FC0
1FE1FFC0
1FFFFF80
1FFFFF00
1FFFFE00
1FFFFC00
1FFFF000
1FFF8000
ENDCHAR
STARTCHAR Emacron.c2sc
ENCODING -1
SWIDTH 479 0
DWIDTH 24 0
BBX 22 36 2 0
BITMAP
1FFFF0
1FFFF0
1FFFF0
1FFFF0
000000
000000
000000
000000
FFFFFC
FFFFFC
FFFFFC
FFFFFC
FFFFFC
FFFFFC
FF0000
FF0000
FF0000
FF0000
FF0000
FFFFE0
FFFFE0
FFFFE0
FFFFE0
FFFFE0
FFFFE0
FF0000
FF0000
FF0000
FF0000
FF0000
FFFFF8
FFFFF8
FFFFF8
FFFFF8
FFFFF8
FFFFF8
ENDCHAR
STARTCHAR Ebreve.c2sc
ENCODING -1
SWIDTH 479 0
DWIDTH 24 0
BBX 22 38 2 0
BITMAP
3F01F0
3F03F0
1F83F0
1FCFF0
0FFFE0
0FFFC0
03FF80
00FE00
000000
000000
FFFFFC
FFFFFC
FFFFFC
FFFFFC
FFFFFC
FFFFFC
FF0000
FF0000
FF0000
FF0000
FF0000
FFFFE0
FFFFE0
FFFFE0
FFFFE0
FFFFE0
FFFFE0
FF0000
FF0000
FF0000
FF0000
FF0000
FFFFF8
FFFFF8
FFFFF8
FFFFF8
FFFFF8
FFFFF8
ENDCHAR
STARTCHAR Edotaccent.c2sc
ENCODING -1
SWIDTH 479 0
DWIDTH 24 0
BBX 22 38 2 0
BITMAP
007C00
00FE00
00FF00
00FF00
00FF00
00FE00
007C00
000000
000000
000000
FFFFFC
FFFFFC
FFFFFC
FFFFFC
FFFFFC
FFFFFC
FF0000
FF0000
FF0000
FF0000
FF0000
FFFFE0
FFFFE0
FFFFE0
FFFFE0
FFFFE0
FFFFE0
FF0000
FF0000
FF0000
FF0000
FF0000
FFFFF8
FFFFF8
FFFFF8
FFFFF8
FFFFF8
FFFFF8
ENDCHAR
STARTCHAR Eogonek.c2sc
ENCODING -1
SWIDTH 479 0
DWIDTH 24 0
BBX 22 38 2 -10
BITMAP
FFFFFC
FFFFFC
FFFFFC
FFFFFC
FFFFFC
FFFFFC
FF0000
FF0000
FF0000
FF0000
FF0000
FFFFE0
FFFFE0
FFFFE0
FFFFE0
FFFFE0
FFFFE0
FF0000
FF0000
FF0000
FF0000
FF0000
FFFFF8
FFFFF8
FFFFF8
FFFFF8
FFFFF8
FFFFF8
003F00
007E00
00FC00
00FC00
00FC00
00FF80
00FF80
007FC0
003FC0
001F80
ENDCHAR
STARTCHAR Ecaron.c2sc
ENCODING -1
SWIDTH 479 0
DWIDTH 24 0
BBX 22 38 2 0
BITMAP
3F81FC
1FC3F8
0FE7F0
07FFE0
03FFC0
00FF00
007E00
000000
000000
000000
FFFFFC
FFFFFC
FFFFFC
FFFFFC
FFFFFC
FFFFFC
FF0000
FF0000
FF0000
FF0000
FF0000
FFFFE0
FFFFE0
FFFFE0
FFFFE0
FFFFE0
FFFFE0
FF0000
FF0000
FF0000
FF0000
FF0000
FFFFF8
FFFFF8
FFFFF8
FFFFF8
FFFFF8
FFFFF8
ENDCHAR
STARTCHAR Gcircumflex.c2sc
ENCODING -1
SWIDTH 577 0
DWIDTH 29 0
BBX 26 37 2 0
BITMAP
001F8000
007FC000
00FFE000
01FFF000
03FBF800
07F0FE00
1FC07F00
00000000
00000000
007FC000
03FFF000
0FFFFC00
1FFFFE00
3FFFFF00
3FFFFF00
7FF1FF80
7FC07F80
FF807F80
FF003FC0
FF000000
FF000000
FF000000
FF0FFFC0
FF0FFFC0
FF0FFFC0
FF0FFFC0
FF0FFFC0
FF007FC0
FF807FC0
FFC07FC0
7FF0FFC0
7FFFFFC0
3FFFFFC0
1FFFFFC0
0FFFFF00
03FFFC00
007FE000
ENDCHAR
STARTCHAR Gbreve.c2sc
ENCODING -1
SWIDTH 577 0
DWIDTH 29 0
BBX 26 38 2 0
BITMAP
0FC07C00
0FC0FC00
07E0FC00
07F3FC00
03FFF800
03FFF000
00FFE000
003F8000
00000000
00000000
007FC000
03FFF000
0FFFFC00
1FFFFE00
3FFFFF00
3FFFFF00
7FF1FF80
7FC07F80
FF807F80
FF003FC0
FF000000
FF000000
FF000000
FF0FFFC0
FF0FFFC0
FF0FFFC0
FF0FFFC0
FF0FFFC0
FF007FC0
FF807FC0
FFC07FC0
7FF0FFC0
7FFFFFC0
3FFFFFC0
1FFFFFC0
0FFFFF00
03FFFC00
007FE000
ENDCHAR
STARTCHAR Gdotaccent.c2sc
ENCODING -1
SWIDTH 577 0
DWIDTH 29 0
BBX 26 38 2 0
BITMAP
001F0000
003F8000
003FC000
003FC000
003FC000
003F8000
001F0000
00000000
00000000
00000000
007FC000
03FFF000
0FFFFC00
1FFFFE00
3FFFFF00
3FFFFF00
7FF1FF80
7FC07F80
FF807F80
FF003FC0
FF000000
FF000000
FF000000
FF0FFFC0
FF0FFFC0
FF0FFFC0
FF0FFFC0
FF0FFFC0
FF007FC0
FF807FC0
FFC07FC0
7FF0FFC0
7FFFFFC0
3FFFFFC0
1FFFFFC0
0FFFFF00
03FFFC00
007FE000
ENDCHAR
STARTCHAR uni0122.c2sc
ENCODING -1
SWIDTH 577 0
DWIDTH 29 0
BBX 26 42 2 -14
BITMAP
007FC000
03FFF000
0FFFFC00
1FFFFE00
3FFFFF00
3FFFFF00
7FF1FF80
7FC07F80
FF807F80
FF003FC0
FF000000
FF000000
FF000000
FF0FFFC0
FF0FFFC0
FF0FFFC0
FF0FFFC0
FF0FFFC0
FF007FC0
FF807FC0
FFC07FC0
7FF0FFC0
7FFFFFC0
3FFFFFC0
1FFFFFC0
0FFFFF00
03FFFC00
007FE000
00000000
00000000
00000000
000F8000
000F8000
000F8000
000F8000
000F8000
001F8000
001F0000
001F0000
003E0000
001E0000
00040000
ENDCHAR
STARTCHAR Hcircumflex.c2sc
ENCODING -1
SWIDTH 601 0
DWIDTH 30 0
BBX 26 38 2 0
BITMAP
003F0000
00FF8000
01FFC000
03FFE000
07F7F000
0FE1FC00
3F80FE00
00000000
00000000
00000000
FF003FC0
FF003FC0
FF003FC0
FF003FC0
FF003FC0
FF003FC0
FF003FC0
FF003FC0
FF003FC0
FF003FC0
FF003FC0
FFFFFFC0
FFFFFFC0
FFFFFFC0
FFFFFFC0
FFFFFFC0
FFFFFFC0
FF003FC0
FF003FC0
FF003FC0
FF003FC0
FF003FC0
FF003FC0
FF003FC0
FF003FC0
FF003FC0
FF003FC0
FF003FC0
ENDCHAR
STARTCHAR Itilde.c2sc
ENCODING -1
SWIDTH 266 0
DWIDTH 13 0
BBX 19 38 -3 0
BITMAP
1F03E0
3FC3C0
7FFFC0
FFFFC0
FFFF80
F87F00
F01E00
000000
000000
000000
03FC00
03FC00
03FC00
03FC00
03FC00
03FC00
03FC00
03FC00
03FC00
03FC00
03FC00
03FC00
03FC00
03FC00
03FC00
03FC00
03FC00
03FC00
03FC00
03FC00
03FC00
03FC00
03FC00
03FC00
03FC00
03FC00
03FC00
03FC00
ENDCHAR
STARTCHAR Imacron.c2sc
ENCODING -1
SWIDTH 266 0
DWIDTH 13 0
BBX 17 36 -2 0
BITMAP
FFFF80
FFFF80
FFFF80
FFFF80
000000
000000
000000
000000
07F800
07F800
07F800
07F800
07F800
07F800
07F800
07F800
07F800
07F800
07F800
07F800
07F800
07F800
07F800
07F800
07F800
07F800
07F800
07F800
07F800
07F800
07F800
07F800
07F800
07F800
07F800
07F800
ENDCHAR
STARTCHAR Ibreve.c2sc
ENCODING -1
SWIDTH 266 0
DWIDTH 13 0
BBX 18 38 -3 0
BITMAP
FC07C0
FC0FC0
7E0FC0
7F3FC0
3FFF80
3FFF00
0FFE00
03F800
000000
000000
03FC00
03FC00
03FC00
03FC00
03FC00
03FC00
03FC00
03FC00
03FC00
03FC00
03FC00
03FC00
03FC00
03FC00
03FC00
03FC00
03FC00
03FC00
03FC00
03FC00
03FC00
03FC00
03FC00
03FC00
03FC00
03FC00
03FC00
03FC00
ENDCHAR
STARTCHAR Iogonek.c2sc
ENCODING -1
SWIDTH 266 0
DWIDTH 13 0
BBX 10 39 2 -11
BITMAP
7F80
7F80
7F80
7F80
7F80
7F80
7F80
7F80
7F80
7F80
7F80
7F80
7F80
7F80
7F80
7F80
7F80
7F80
7F80
7F80
7F80
7F80
7F80
7F80
7F80
7F80
7F80
7F80
3F80
7E00
FC00
FC00
FC00
FC00
FF80
FF80
FF80
7FC0
1F00
ENDCHAR
STARTCHAR Idotaccent.c2sc
ENCODING -1
SWIDTH 266 0
DWIDTH 13 0
BBX 8 38 3 0
BITMAP
7C
FE
FF
FF
FF
FE
7C
00
00
00
FF
FF
FF
FF
FF
FF
FF
FF
FF
FF
FF
FF
FF
FF
FF
FF
FF
FF
FF
FF
FF
FF
FF
FF
FF
FF
FF
FF
ENDCHAR
STARTCHAR Jcircumflex.c2sc
ENCODING -1
SWIDTH 485 0
DWIDTH 24 0
BBX 28 38 1 0
BITMAP
0001F800
0007FC00
000FFE00
001FFF00
003FBF80
007F0FE0
01FC07F0
00000000
00000000
00000000
0007F800
0007F800
0007F800
0007F800
0007F800
0007F800
0007F800
0007F800
0007F800
0007F800
0007F800
0007F800
0007F800
0007F800
0007F800
0007F800
0007F800
0007F800
FF07F800
FF07F800
FF07F800
FFCFF800
FFFFF000
7FFFF000
3FFFE000
1FFFC000
0FFF8000
03FC0000
ENDCHAR
STARTCHAR uni0136.c2sc
ENCODING -1
SWIDTH 553 0
DWIDTH 28 0
BBX 26 41 2 -13
BITMAP
FF01FFC0
FF01FF80
FF03FF00
FF07FF00
FF07FE00
FF0FFC00
FF1FF800
FF1FF000
FF3FF000
FF7FE000
FF7FC000
FFFF8000
FFFF8000
FFFF8000
FFFFC000
FFFFE000
FFFFE000
FFFFF000
FFFFF000
FFCFF800
FF8FFC00
FF07FC00
FF07FE00
FF03FE00
FF03FF00
FF01FF80
FF00FF80
FF00FFC0
00000000
00000000
00F80000
00F80000
00F80000
00F80000
00F80000
01F80000
01F00000
01F00000
03E00000
01E00000
00400000
ENDCHAR
STARTCHAR Lacute.c2sc
ENCODING -1
SWIDTH 466 0
DWIDTH 23 0
BBX 21 39 2 0
BITMAP
03FC00
07F800
07F800
0FF000
1FE000
1FC000
3F8000
7F0000
000000
000000
000000
FF0000
FF0000
FF0000
FF0000
FF0000
FF0000
FF0000
FF0000
FF0000
FF0000
FF0000
FF0000
FF0000
FF0000
FF0000
FF0000
FF0000
FF0000
FF0000
FF0000
FF0000
FF0000
FFFFF8
FFFFF8
FFFFF8
FFFFF8
FFFFF8
FFFFF8
ENDCHAR
STARTCHAR uni013B.c2sc
ENCODING -1
SWIDTH 466 0
DWIDTH 23 0
BBX 21 42 2 -14
BITMAP
FF0000
FF0000
FF0000
FF0000
FF0000
FF0000
FF0000
FF0000
FF0000
FF0000
FF0000
FF0000
FF0000
FF0000
FF0000
FF0000
FF0000
FF0000
FF0000
FF0000
FF0000
FF0000
FFFFF8
FFFFF8
FFFFF8
FFFFF8
FFFFF8
FFFFF8
000000
000000
000000
00F800
00F800
00F800
00F800
00F800
01F800
01F000
01F000
03E000
01E000
004000
ENDCHAR
STARTCHAR Lcaron.c2sc
ENCODING -1
SWIDTH 466 0
DWIDTH 23 0
BBX 21 29 2 0
BITMAP
000F80
FF0F80
FF0F80
FF0F80
FF0F80
FF1F80
FF1F00
FF1F00
FF3E00
FF1E00
FF0400
FF0000
FF0000
FF0000
FF0000
FF0000
FF0000
FF0000
FF0000
FF0000
FF0000
FF0000
FF0000
FFFFF8
FFFFF8
FFFFF8
FFFFF8
FFFFF8
FFFFF8
ENDCHAR
STARTCHAR Ldot.c2sc
ENCODING -1
SWIDTH 466 0
DWIDTH 23 0
BBX 21 28 2 0
BITMAP
FF0000
FF0000
FF0000
FF0000
FF0000
FF0000
FF0000
FF0000
FF0F80
FF1FC0
FF1FE0
FF1FE0
FF1FE0
FF1FC0
FF0F80
FF0000
FF0000
FF0000
FF0000
FF0000
FF0000
FF0000
FFFFF8
FFFFF8
FFFFF8
FFFFF8
FFFFF8
FFFFF8
ENDCHAR
STARTCHAR Nacute.c2sc
ENCODING -1
SWIDTH 601 0
DWIDTH 30 0
BBX 26 39 2 0
BITMAP
0003FC00
0007F800
0007F800
000FF000
001FE000
001FC000
003F8000
007F0000
00000000
00000000
00000000
FF803FC0
FF803FC0
FFC03FC0
FFC03FC0
FFE03FC0
FFE03FC0
FFF03FC0
FFF83FC0
FFF83FC0
FFFC3FC0
FFFC3FC0
FFFE3FC0
FF7F3FC0
FF7F3FC0
FF3FBFC0
FF3FBFC0
FF1FFFC0
FF0FFFC0
FF0FFFC0
FF07FFC0
FF07FFC0
FF03FFC0
FF01FFC0
FF01FFC0
FF00FFC0
FF00FFC0
FF007FC0
FF003FC0
ENDCHAR
STARTCHAR uni0145.c2sc
ENCODING -1
SWIDTH 601 0
DWIDTH 30 0
BBX 26 41 2 -13
BITMAP
FF803FC0
FF803FC0
FFC03FC0
FFC03FC0
FFE03FC0
FFE03FC0
FFF03FC0
FFF83FC0
FFF83FC0
FFFC3FC0
FFFC3FC0
FFFE3FC0
FF7F3FC0
FF7F3FC0
FF3FBFC0
FF3FBFC0
FF1FFFC0
FF0FFFC0
FF0FFFC0
FF07FFC0
FF07FFC0
FF03FFC0
FF01FFC0
FF01FFC0
FF00FFC0
FF00FFC0
FF007FC0
FF003FC0
00000000
00000000
001F0000
001F0000
001F0000
001F0000
001F0000
003F0000
003E0000
003E0000
007C0000
003C0000
00080000
ENDCHAR
STARTCHAR Ncaron.c2sc
ENCODING -1
SWIDTH 601 0
DWIDTH 30 0
BBX 26 38 2 0
BITMAP
1FC0FE00
0FE1FC00
07F3F800
03FFF000
01FFE000
007F8000
003F0000
00000000
00000000
00000000
FF803FC0
FF803FC0
FFC03FC0
FFC03FC0
FFE03FC0
FFE03FC0
FFF03FC0
FFF83FC0
FFF83FC0
FFFC3FC0
FFFC3FC0
FFFE3FC0
FF7F3FC0
FF7F3FC0
FF3FBFC0
FF3FBFC0
FF1FFFC0
FF0FFFC0
FF0FFFC0
FF07FFC0
FF07FFC0
FF03FFC0
FF01FFC0
FF01FFC0
FF00FFC0
FF00FFC0
FF007FC0
FF003FC0
ENDCHAR
STARTCHAR Omacron.c2sc
ENCODING -1
SWIDTH 593 0
DWIDTH 30 0
BBX 27 36 1 0
BITMAP
07FFFC00
07FFFC00
07FFFC00
07FFFC00
00000000
00000000
00000000
00000000
003FC000
01FFF800
07FFFC00
0FFFFE00
1FFFFF00
3FFFFF80
3FF1FFC0
7FC07FC0
7FC03FE0
7F803FE0
FF801FE0
FF801FE0
FF001FE0
FF001FE0
FF001FE0
FF801FE0
FF801FE0
FF801FE0
7F803FE0
7FC03FE0
7FC07FC0
3FF1FFC0
3FFFFF80
1FFFFF00
0FFFFE00
07FFFC00
01FFF800
003FC000
ENDCHAR
STARTCHAR Obreve.c2sc
ENCODING -1
SWIDTH 593 0
DWIDTH 30 0
BBX 27 38 1 0
BITMAP
0FC07C00
0FC0FC00
07E0FC00
07F3FC00
03FFF800
03FFF000
00FFE000
003F8000
00000000
00000000
003FC000
01FFF800
07FFFC00
0FFFFE00
1FFFFF00
3FFFFF80
3FF1FFC0
7FC07FC0
7FC03FE0
7F803FE0
FF801FE0
FF801FE0
FF001FE0
FF001FE0
FF001FE0
FF801FE0
FF801FE0
FF801FE0
7F803FE0
7FC03FE0
7FC07FC0
3FF1FFC0
3FFFFF80
1FFFFF00
0FFFFE00
07FFFC00
01FFF800
003FC000
ENDCHAR
STARTCHAR Ohungarumlaut.c2sc
ENCODING -1
SWIDTH 593 0
DWIDTH 30 0
BBX 27 37 1 0
BITMAP
003F87E0
003F0FC0
007F1F80
00FE3F80
00FC7F00
01F87E00
03F0FC00
00000000
00000000
003FC000
01FFF800
07FFFC00
0FFFFE00
1FFFFF00
3FFFFF80
3FF1FFC0
7FC07FC0
7FC03FE0
7F803FE0
FF801FE0
FF801FE0
FF001FE0
FF001FE0
FF001FE0
FF801FE0
FF801FE0
FF801FE0
7F803FE0
7FC03FE0
7FC07FC0
3FF1FFC0
3FFFFF80
1FFFFF00
0FFFFE00
07FFFC00
01FFF800
003FC000
ENDCHAR
STARTCHAR Racute.c2sc
ENCODING -1
SWIDTH 571 0
DWIDTH 29 0
BBX 25 39 2 0
BITMAP
001FE000
003FC000
003FC000
007F8000
00FF0000
00FE0000
01FC0000
03F80000
00000000
00000000
00000000
FFFF8000
FFFFF000
FFFFFC00
FFFFFE00
FFFFFE00
FFFFFF00
FF03FF00
FF01FF00
FF00FF00
FF00FF00
FF00FF00
FF00FF00
FF03FF00
FFFFFE00
FFFFFC00
FFFFF800
FFFFF000
FFFFF000
FFFFF000
FF0FF800
FF0FF800
FF07FC00
FF07FC00
FF03FE00
FF01FF00
FF01FF00
FF00FF80
FF00FF80
ENDCHAR
STARTCHAR uni0156.c2sc
ENCODING -1
SWIDTH 571 0
DWIDTH 29 0
BBX 25 41 2 -13
BITMAP
FFFF8000
FFFFF000
FFFFFC00
FFFFFE00
FFFFFE00
FFFFFF00
FF03FF00
FF01FF00
FF00FF00
FF00FF00
FF00FF00
FF00FF00
FF03FF00
FFFFFE00
FFFFFC00
FFFFF800
FFFFF000
FFFFF000
FFFFF000
FF0FF800
FF0FF800
FF07FC00
FF07FC00
FF03FE00
FF01FF00
FF01FF00
FF00FF80
FF00FF80
00000000
00000000
007C0000
007C0000
007C0000
007C0000
007C0000
00FC0000
00F80000
00F80000
01F00000
00F00000
00200000
ENDCHAR
STARTCHAR Rcaron.c2sc
ENCODING -1
SWIDTH 571 0
DWIDTH 29 0
BBX 25 38 2 0
BITMAP
FE07F000
7F0FE000
3F9FC000
1FFF8000
0FFF0000
03FC0000
01F80000
00000000
00000000
00000000
FFFF8000
FFFFF000
FFFFFC00
FFFFFE00
FFFFFE00
FFFFFF00
FF03FF00
FF01FF00
FF00FF00
FF00FF00
FF00FF00
FF00FF00
FF03FF00
FFFFFE00
FFFFFC00
FFFFF800
FFFFF000
FFFFF000
FFFFF000
FF0FF800
FF0FF800
FF07FC00
FF07FC00
FF03FE00
FF01FF00
FF01FF00
FF00FF80
FF00FF80
ENDCHAR
STARTCHAR Sacute.c2sc
ENCODING -1
SWIDTH 546 0
DWIDTH 27 0
BBX 25 38 1 0
BITMAP
0003FC00
0007F800
0007F800
000FF000
001FE000
001FC000
003F8000
007F0000
00000000
00000000
00FF8000
03FFF000
0FFFF800
1FFFFC00
3FFFFE00
3FFFFF00
3FC1FF00
7F80FF00
7F80FF80
7FC00000
3FF00000
3FFF0000
3FFFE000
1FFFF800
07FFFC00
01FFFE00
001FFF00
0003FF00
FF80FF00
FF807F00
7F807F00
7FC0FF00
7FFFFF00
3FFFFF00
1FFFFE00
0FFFFC00
03FFF000
007F8000
ENDCHAR
STARTCHAR Scircumflex.c2sc
ENCODING -1
SWIDTH 546 0
DWIDTH 27 0
BBX 25 37 1 0
BITMAP
001F8000
007FC000
00FFE000
01FFF000
03FBF800
07F0FE00
1FC07F00
00000000
00000000
00FF8000
03FFF000
0FFFF800
1FFFFC00
3FFFFE00
3FFFFF00
3FC1FF00
7F80FF00
7F80FF80
7FC00000
3FF00000
3FFF0000
3FFFE000
1FFFF800
07FFFC00
01FFFE00
001FFF00
0003FF00
FF80FF00
FF807F00
7F807F00
7FC0FF00
7FFFFF00
3FFFFF00
1FFFFE00
0FFFFC00
03FFF000
007F8000
ENDCHAR
STARTCHAR Scedilla.c2sc
ENCODING -1
SWIDTH 546 0
DWIDTH 27 0
BBX 25 40 1 -12
BITMAP
00FF8000
03FFF000
0FFFF800
1FFFFC00
3FFFFE00
3FFFFF00
3FC1FF00
7F80FF00
7F80FF80
7FC00000
3FF00000
3FFF0000
3FFFE000
1FFFF800
07FFFC00
01FFFE00
001FFF00
0003FF00
FF80FF00
FF807F00
7F807F00
7FC0FF00
7FFFFF00
3FFFFF00
1FFFFE00
0FFFFC00
03FFF000
007F8000
003F0000
003F0000
007FC000
007FE000
000FE000
000FF000
000FF000
003FE000
003FE000
003FC000
003F8000
003E0000
ENDCHAR
STARTCHAR Scaron.c2sc
ENCODING -1
SWIDTH 546 0
DWIDTH 27 0
BBX 25 37 1 0
BITMAP
1FC0FE00
0FE1FC00
07F3F800
03FFF000
01FFE000
007F8000
003F0000
00000000
00000000
00FF8000
03FFF000
0FFFF800
1FFFFC00
3FFFFE00
3FFFFF00
3FC1FF00
7F80FF00
7F80FF80
7FC00000
3FF00000
3FFF0000
3FFFE000
1FFFF800
07FFFC00
01FFFE00
001FFF00
0003FF00
FF80FF00
FF807F00
7F807F00
7FC0FF00
7FFFFF00
3FFFFF00
1FFFFE00
0FFFFC00
03FFF000
007F8000
ENDCHAR
STARTCHAR uni021A.c2sc
ENCODING -1
SWIDTH 550 0
DWIDTH 28 0
BBX 26 42 1 -14
BITMAP
FFFFFFC0
FFFFFFC0
FFFFFFC0
FFFFFFC0
FFFFFFC0
FFFFFFC0
00FF8000
00FF8000
00FF8000
00FF8000
00FF8000
00FF8000
00FF8000
00FF8000
00FF8000
00FF8000
00FF8000
00FF8000
00FF8000
00FF8000
00FF8000
00FF8000
00FF8000
00FF8000
00FF8000
00FF8000
00FF8000
00FF8000
00000000
00000000
00000000
003E0000
003E0000
003E0000
003E0000
003E0000
007E0000
007C0000
007C0000
00F80000
00780000
00100000
ENDCHAR
STARTCHAR Tcaron.c2sc
ENCODING -1
SWIDTH 550 0
DWIDTH 28 0
BBX 26 38 1 0
BITMAP
1FC0FE00
0FE1FC00
07F3F800
03FFF000
01FFE000
007F8000
003F0000
00000000
00000000
00000000
FFFFFFC0
FFFFFFC0
FFFFFFC0
FFFFFFC0
FFFFFFC0
FFFFFFC0
00FF8000
00FF8000
00FF8000
00FF8000
00FF8000
00FF8000
00FF8000
00FF8000
00FF8000
00FF8000
00FF8000
00FF8000
00FF8000
00FF8000
00FF8000
00FF8000
00FF8000
00FF8000
00FF8000
00FF8000
00FF8000
00FF8000
ENDCHAR
STARTCHAR uni0162.c2sc
ENCODING -1
SWIDTH 550 0
DWIDTH 28 0
BBX 26 40 1 -12
BITMAP
FFFFFFC0
FFFFFFC0
FFFFFFC0
FFFFFFC0
FFFFFFC0
FFFFFFC0
00FF8000
00FF8000
00FF8000
00FF8000
00FF8000
00FF8000
00FF8000
00FF8000
00FF8000
00FF8000
00FF8000
00FF8000
00FF8000
00FF8000
00FF8000
00FF8000
00FF8000
00FF8000
00FF8000
00FF8000
00FF8000
00FF8000
003F0000
003F0000
007FC000
007FE000
000FE000
000FF000
000FF000
003FE000
003FE000
003FC000
003F8000
003E0000
ENDCHAR
STARTCHAR Utilde.c2sc
ENCODING -1
SWIDTH 575 0
DWIDTH 29 0
BBX 25 38 2 0
BITMAP
03E07C00
07F87800
0FFFF800
1FFFF800
1FFFF000
1F0FE000
1E03C000
00000000
00000000
00000000
FF00FF80
FF00FF80
FF00FF80
FF00FF80
FF00FF80
FF00FF80
FF00FF80
FF00FF80
FF00FF80
FF00FF80
FF00FF80
FF00FF80
FF00FF80
FF00FF80
FF00FF80
FF00FF80
FF00FF80
FF00FF80
FF00FF80
FF80FF80
FF80FF00
7FE3FF00
7FFFFF00
3FFFFE00
3FFFFC00
0FFFF800
07FFF000
00FF8000
ENDCHAR
STARTCHAR Umacron.c2sc
ENCODING -1
SWIDTH 575 0
DWIDTH 29 0
BBX 25 36 2 0
BITMAP
1FFFF000
1FFFF000
1FFFF000
1FFFF000
00000000
00000000
00000000
00000000
FF00FF80
FF00FF80
FF00FF80
FF00FF80
FF00FF80
FF00FF80
FF00FF80
FF00FF80
FF00FF80
FF00FF80
FF00FF80
FF00FF80
FF00FF80
FF00FF80
FF00FF80
FF00FF80
FF00FF80
FF00FF80
FF00FF80
FF80FF80
FF80FF00
7FE3FF00
7FFFFF00
3FFFFE00
3FFFFC00
0FFFF800
07FFF000
00FF8000
ENDCHAR
STARTCHAR Ubreve.c2sc
ENCODING -1
SWIDTH 575 0
DWIDTH 29 0
BBX 25 38 2 0
BITMAP
1F80F800
1F81F800
0FC1F800
0FE7F800
07FFF000
07FFE000
01FFC000
007F0000
00000000
00000000
FF00FF80
FF00FF80
FF00FF80
FF00FF80
FF00FF80
FF00FF80
FF00FF80
FF00FF80
FF00FF80
FF00FF80
FF00FF80
FF00FF80
FF00FF80
FF00FF80
FF00FF80
FF00FF80
FF00FF80
FF00FF80
FF00FF80
FF80FF80
FF80FF00
7FE3FF00
7FFFFF00
3FFFFE00
3FFFFC00
0FFFF800
07FFF000
00FF8000
ENDCHAR
STARTCHAR Uring.c2sc
ENCODING -1
SWIDTH 575 0
DWIDTH 29 0
BBX 25 40 2 0
BITMAP
003E0000
00FF0000
00E78000
01C3C000
01C1C000
01C1C000
01C1C000
00E78000
00FF0000
003E0000
00000000
00000000
FF00FF80
FF00FF80
FF00FF80
FF00FF80
FF00FF80
FF00FF80
FF00FF80
FF00FF80
FF00FF80
FF00FF80
FF00FF80
FF00FF80
FF00FF80
FF00FF80
FF00FF80
FF00FF80
FF00FF80
FF00FF80
FF00FF80
FF80FF80
FF80FF00
7FE3FF00
7FFFFF00
3FFFFE00
3FFFFC00
0FFFF800
07FFF000
00FF8000
ENDCHAR
STARTCHAR Uhungarumlaut.c2sc
ENCODING -1
SWIDTH 575 0
DWIDTH 29 0
BBX 25 37 2 0
BITMAP
00FE1F80
00FC3F00
01FC7E00
03F8FE00
03F1FC00
07E1F800
0FC3F000
00000000
00000000
FF00FF80
FF00FF80
FF00FF80
FF00FF80
FF00FF80
FF00FF80
FF00FF80
FF00FF80
FF00FF80
FF00FF80
FF00FF80
FF00FF80
FF00FF80
FF00FF80
FF00FF80
FF00FF80
FF00FF80
FF00FF80
FF00FF80
FF80FF80
FF80FF00
7FE3FF00
7FFFFF00
3FFFFE00
3FFFFC00
0FFFF800
07FFF000
00FF8000
ENDCHAR
STARTCHAR Uogonek.c2sc
ENCODING -1
SWIDTH 575 0
DWIDTH 29 0
BBX 25 37 2 -9
BITMAP
FF00FF80
FF00FF80
FF00FF80
FF00FF80
FF00FF80
FF00FF80
FF00FF80
FF00FF80
FF00FF80
FF00FF80
FF00FF80
FF00FF80
FF00FF80
FF00FF80
FF00FF80
FF00FF80
FF00FF80
FF00FF80
FF00FF80
FF80FF80
FF80FF00
7FE3FF00
7FFFFF00
3FFFFE00
3FFFFC00
0FFFF800
07FFF000
00FFC000
001F8000
001F0000
003F0000
003F8000
003FF000
001FF000
001FF000
000FF000
0003E000
ENDCHAR
STARTCHAR Wcircumflex.c2sc
ENCODING -1
SWIDTH 743 0
DWIDTH 37 0
BBX 35 38 1 0
BITMAP
0001F80000
0007FC0000
000FFE0000
001FFF0000
003FBF8000
007F0FE000
01FC07F000
0000000000
0000000000
0000000000
FF03F81FE0
FF07F81FE0
FF07FC1FE0
FF07FC1FE0
7F07FC1FC0
7F07FC1FC0
7F8FFC3FC0
7F8FFE3FC0
7F8FFE3F80
3F8FFE3F80
3F8FFE3F80
3F9FFF7F80
3FDFFF7F80
1FDFFF7F00
1FDFBF7F00
1FFFBF7F00
1FFFBFFF00
1FFFBFFE00
0FFF1FFE00
0FFF1FFE00
0FFF1FFE00
0FFF1FFE00
07FE1FFC00
07FE0FFC00
07FE0FFC00
07FE0FFC00
07FE0FF800
03FC07F800
ENDCHAR
STARTCHAR Ycircumflex.c2sc
ENCODING -1
SWIDTH 546 0
DWIDTH 27 0
BBX 27 38 0 0
BITMAP
001F8000
007FC000
00FFE000
01FFF000
03FBF800
07F0FE00
1FC07F00
00000000
00000000
00000000
FF803FE0
7F803FE0
7FC03FC0
3FC07FC0
3FE07F80
1FE0FF80
1FF0FF00
0FF1FF00
0FF1FE00
07FBFC00
07FBFC00
03FFF800
01FFF800
01FFF000
00FFF000
00FFE000
007FE000
007FC000
007FC000
007FC000
007FC000
007FC000
007FC000
007FC000
007FC000
007FC000
007FC000
007FC000
ENDCHAR
STARTCHAR Ydieresis.c2sc
ENCODING -1
SWIDTH 546 0
DWIDTH 27 0
BBX 27 38 0 0
BITMAP
00001000
0FC07C00
0FC0FE00
1FE0FE00
1FE0FE00
0FC07E00
07803C00
00000000
00000000
00000000
FF803FE0
7F803FE0
7FC03FC0
3FC07FC0
3FE07F80
1FE0FF80
1FF0FF00
0FF1FF00
0FF1FE00
07FBFC00
07FBFC00
03FFF800
01FFF800
01FFF000
00FFF000
00FFE000
007FE000
007FC000
007FC000
007FC000
007FC000
007FC000
007FC000
007FC000
007FC000
007FC000
007FC000
007FC000
ENDCHAR
STARTCHAR Zacute.c2sc
ENCODING -1
SWIDTH 527 0
DWIDTH 26 0
BBX 25 39 1 0
BITMAP
0003FC00
0007F800
0007F800
000FF000
001FE000
001FC000
003F8000
007F0000
00000000
00000000
00000000
FFFFFF80
FFFFFF80
FFFFFF80
FFFFFF80
FFFFFF00
FFFFFE00
0003FE00
0007FC00
000FF800
001FF000
001FF000
003FE000
007FC000
00FF8000
00FF8000
01FF0000
03FE0000
07FC0000
07FC0000
0FF80000
1FF00000
3FE00000
7FFFFF80
7FFFFF80
FFFFFF80
FFFFFF80
FFFFFF80
FFFFFF80
ENDCHAR
STARTCHAR Zdotaccent.c2sc
ENCODING -1
SWIDTH 527 0
DWIDTH 26 0
BBX 25 38 1 0
BITMAP
003E0000
007F0000
007F8000
007F8000
007F8000
007F0000
003E0000
00000000
00000000
00000000
FFFFFF80
FFFFFF80
FFFFFF80
FFFFFF80
FFFFFF00
FFFFFE00
0003FE00
0007FC00
000FF800
001FF000
001FF000
003FE000
007FC000
00FF8000
00FF8000
01FF0000
03FE0000
07FC0000
07FC0000
0FF80000
1FF00000
3FE00000
7FFFFF80
7FFFFF80
FFFFFF80
FFFFFF80
FFFFFF80
FFFFFF80
ENDCHAR
STARTCHAR Zcaron.c2sc
ENCODING -1
SWIDTH 527 0
DWIDTH 26 0
BBX 25 38 1 0
BITMAP
3F81FC00
1FC3F800
0FE7F000
07FFE000
03FFC000
00FF0000
007E0000
00000000
00000000
00000000
FFFFFF80
FFFFFF80
FFFFFF80
FFFFFF80
FFFFFF00
FFFFFE00
0003FE00
0007FC00
000FF800
001FF000
001FF000
003FE000
007FC000
00FF8000
00FF8000
01FF0000
03FE0000
07FC0000
07FC0000
0FF80000
1FF00000
3FE00000
7FFFFF80
7FFFFF80
FFFFFF80
FFFFFF80
FFFFFF80
FFFFFF80
ENDCHAR
STARTCHAR two.pnum
ENCODING -1
SWIDTH 579 0
DWIDTH 29 0
BBX 26 36 1 0
BITMAP
007FC000
01FFF000
07FFFC00
0FFFFE00
1FFFFF00
3FFFFF00
3FF3FF80
7FC0FF80
7FC0FF80
7F807F80
7F807F80
FF807F80
00007F80
0000FF80
0000FF00
0001FF00
0003FE00
0003FE00
0007FC00
000FF800
001FF000
003FE000
007FC000
00FF8000
01FF0000
03FF0000
07FE0000
0FFC0000
1FF80000
3FF00000
7FFFFFC0
7FFFFFC0
7FFFFFC0
7FFFFFC0
7FFFFFC0
7FFFFFC0
ENDCHAR
STARTCHAR three.pnum
ENCODING -1
SWIDTH 579 0
DWIDTH 29 0
BBX 26 36 1 0
BITMAP
007F8000
03FFF000
07FFFC00
1FFFFE00
3FFFFF00
3FFFFF00
7FF3FF80
7FC0FF80
7F807F80
7F807F80
00007F80
00007F80
00007F80
0000FF80
0001FF00
007FFE00
007FFC00
007FF800
007FFC00
007FFE00
007FFF00
0001FF80
00007F80
00007FC0
00003FC0
00003FC0
FF003FC0
FF807FC0
FFC0FFC0
7FF3FF80
7FFFFF80
3FFFFF00
1FFFFE00
0FFFFC00
03FFF000
007F8000
ENDCHAR
STARTCHAR four.pnum
ENCODING -1
SWIDTH 579 0
DWIDTH 29 0
BBX 27 36 1 0
BITMAP
0003FE00
0003FE00
0007FE00
0007FE00
000FFE00
001FFE00
001FFE00
003FFE00
007FFE00
007FFE00
00FFFE00
00FDFE00
01FDFE00
03F9FE00
03F1FE00
07F1FE00
0FE1FE00
0FE1FE00
1FC1FE00
1FC1FE00
3F81FE00
7F01FE00
7FFFFFE0
FFFFFFE0
7FFFFFE0
7FFFFFE0
7FFFFFE0
7FFFFFE0
0001FE00
0001FE00
0001FE00
0001FE00
0001FE00
0001FE00
0001FE00
0001FE00
ENDCHAR
STARTCHAR five.pnum
ENCODING -1
SWIDTH 579 0
DWIDTH 29 0
BBX 25 36 2 0
BITMAP
1FFFFF00
1FFFFF00
1FFFFF00
3FFFFF00
3FFFFF00
3FFFFF00
3FC00000
3F800000
3F800000
3F800000
3F800000
7F800000
7F9FC000
7FFFF000
7FFFF800
7FFFFC00
7FFFFE00
7FFFFF00
1F01FF00
0000FF00
0000FF80
0000FF80
00007F80
00007F80
00007F80
FF00FF80
FF80FF80
FF80FF00
7FC1FF00
7FE3FF00
7FFFFE00
3FFFFC00
1FFFFC00
0FFFF800
03FFE000
007F0000
ENDCHAR
STARTCHAR six.pnum
ENCODING -1
SWIDTH 589 0
DWIDTH 29 0
BBX 26 36 2 0
BITMAP
0003F000
001FF000
007FF000
01FFF000
03FFF000
07FFF000
0FFFC000
1FFC0000
1FF00000
3FE00000
3FC00000
7FC00000
7F8FE000
7FBFF800
FFFFFC00
FFFFFE00
FFFFFF00
FFFFFF00
FFE3FF80
FF80FF80
FF00FF80
FF007F80
FF007FC0
FF007FC0
FF007FC0
FF007F80
7F807F80
7F80FF80
7FC0FF80
3FF3FF00
3FFFFF00
1FFFFE00
0FFFFC00
07FFF800
01FFE000
007F8000
ENDCHAR
STARTCHAR eight.pnum
ENCODING -1
SWIDTH 599 0
DWIDTH 30 0
BBX 25 36 2 0
BITMAP
00FF8000
03FFE000
0FFFF800
1FFFFC00
3FFFFE00
3FFFFE00
7FE3FF00
7FC1FF00
7F80FF00
7F80FF00
7F80FF00
7F80FF00
7F80FF00
3FC1FE00
3FE3FE00
1FFFFC00
0FFFF800
07FFF000
0FFFF800
1FFFFC00
3FFFFE00
7FC1FF00
7F80FF00
FF80FF80
FF007F80
FF007F80
FF00FF80
FF80FF80
FFC0FF80
7FE3FF00
7FFFFF00
3FFFFE00
3FFFFC00
0FFFF800
07FFF000
00FF8000
ENDCHAR
STARTCHAR nine.pnum
ENCODING -1
SWIDTH 589 0
DWIDTH 29 0
BBX 25 36 2 0
BITMAP
007F0000
03FFC000
07FFF000
0FFFF800
1FFFFC00
3FFFFC00
7FE7FE00
7FC1FF00
7F80FF00
FF80FF00
FF00FF00
FF00FF80
FF00FF80
FF00FF80
FF00FF80
FF80FF80
FF80FF80
7FC1FF80
7FFFFF80
3FFFFF80
3FFFFF80
1FFFFF00
07FEFF00
01F8FF00
0000FF00
0001FE00
0003FE00
0007FC00
001FFC00
07FFF800
07FFF000
07FFE000
07FFC000
07FF0000
07FC0000
07E00000
ENDCHAR
STARTCHAR zero.pnum
ENCODING -1
SWIDTH 599 0
DWIDTH 30 0
BBX 25 36 2 0
BITMAP
007F0000
03FFE000
07FFF000
0FFFF800
1FFFFC00
3FFFFE00
3FE3FE00
7FC1FF00
7F80FF00
7F80FF00
FF80FF80
FF007F80
FF007F80
FF007F80
FF007F80
FF007F80
FF007F80
FF007F80
FF007F80
FF007F80
FF007F80
FF007F80
FF007F80
FF007F80
FF007F80
FF80FF80
7F80FF00
7F80FF00
7FC1FF00
3FE3FE00
3FFFFE00
1FFFFC00
0FFFF800
07FFF000
03FFE000
007F0000
ENDCHAR
STARTCHAR G_acutecomb.ccmp
ENCODING -1
SWIDTH 681 0
DWIDTH 34 0
BBX 30 47 2 0
BITMAP
0000FF00
0001FE00
0001FE00
0003FC00
0007F800
0007F000
000FE000
001FC000
00000000
00000000
00000000
001FF000
00FFFE00
01FFFF80
07FFFFC0
0FFFFFE0
1FFFFFF0
1FFFFFF0
3FF01FF8
3FE00FF8
7FC007F8
7FC007FC
7F8007FC
FF800000
FF800000
FF800000
FF800000
FF800000
FF81FFFC
FF81FFFC
FF81FFFC
FF81FFFC
FF81FFFC
FF81FFFC
FF8007FC
7F8007FC
7FC007FC
7FC007FC
3FE007FC
3FF00FFC
1FFFFFFC
1FFFFFFC
0FFFFFFC
07FFFFF0
01FFFFE0
00FFFF80
001FF800
ENDCHAR
STARTCHAR g_acutecomb.ccmp
ENCODING -1
SWIDTH 575 0
DWIDTH 29 0
BBX 25 47 1 -10
BITMAP
0003FC00
0007F800
0007F800
000FF000
001FE000
001FC000
003F8000
007F0000
00000000
00000000
00000000
00FE3F80
03FF3F80
0FFFFF80
1FFFFF80
1FFFFF80
3FFFFF80
3FF1FF80
7FC07F80
7FC07F80
7F807F80
FF807F80
FF807F80
FF807F80
FF807F80
FF807F80
FF807F80
7F807F80
7FC07F80
7FC07F80
3FF1FF80
3FFFFF80
1FFFFF80
1FFFFF80
0FFFFF80
03FF7F80
00FC7F80
00007F80
04007F80
0600FF80
0F83FF80
1FFFFF00
1FFFFE00
1FFFFC00
0FFFF800
07FFF000
00FF8000
ENDCHAR
STARTCHAR N_gravecomb.ccmp
ENCODING -1
SWIDTH 702 0
DWIDTH 35 0
BBX 29 46 3 0
BITMAP
03FC0000
01FE0000
01FF0000
00FF0000
007F8000
003F8000
001FC000
000FE000
00000000
00000000
FF8007F8
FF8007F8
FFC007F8
FFC007F8
FFE007F8
FFE007F8
FFF007F8
FFF807F8
FFF807F8
FFFC07F8
FFFC07F8
FFFE07F8
FFFE07F8
FFFF07F8
FF7F07F8
FF7F87F8
FF3FC7F8
FF3FC7F8
FF1FE7F8
FF0FE7F8
FF0FF7F8
FF07F7F8
FF07FFF8
FF03FFF8
FF03FFF8
FF01FFF8
FF00FFF8
FF00FFF8
FF007FF8
FF007FF8
FF003FF8
FF003FF8
FF001FF8
FF001FF8
FF000FF8
FF0007F8
ENDCHAR
STARTCHAR n_gravecomb.ccmp
ENCODING -1
SWIDTH 564 0
DWIDTH 28 0
BBX 24 38 2 0
BITMAP
1FE000
0FF000
0FF800
07F800
03FC00
01FC00
00FE00
007F00
000000
000000
000000
000000
FF0FE0
FF3FF8
FF7FFC
FFFFFE
FFFFFE
FFFFFE
FFE7FF
FF81FF
FF00FF
FF00FF
FF00FF
FF00FF
FF00FF
FF00FF
FF00FF
FF00FF
FF00FF
FF00FF
FF00FF
FF00FF
FF00FF
FF00FF
FF00FF
FF00FF
FF00FF
FF00FF
ENDCHAR
STARTCHAR A_uni030F.ccmp
ENCODING -1
SWIDTH 681 0
DWIDTH 34 0
BBX 34 45 0 0
BITMAP
1FE7F80000
0FF3FC0000
07F9FC0000
03F8FE0000
01FC7F0000
00FE3F8000
007F1F8000
0000000000
0000000000
0007F80000
000FFC0000
000FFC0000
000FFC0000
001FFE0000
001FFE0000
001FFE0000
003FFF0000
003FFF0000
003FFF8000
007FFF8000
007FFF8000
00FF3FC000
00FF3FC000
00FF3FC000
01FE1FE000
01FE1FE000
01FE1FE000
03FC0FF000
03FC0FF000
03FC0FF800
07FC07F800
07FFFFF800
0FFFFFFC00
0FFFFFFC00
0FFFFFFC00
1FFFFFFE00
1FFFFFFE00
1FFFFFFE00
3FE001FF00
3FE001FF00
3FC000FF80
7FC000FF80
7FC000FF80
FFC000FFC0
FF80007FC0
ENDCHAR
STARTCHAR a_uni030F.ccmp
ENCODING -1
SWIDTH 531 0
DWIDTH 27 0
BBX 26 37 -1 0
BITMAP
FF3FC000
7F9FE000
3FCFE000
1FC7F000
0FE3F800
07F1FC00
03F8FC00
00000000
00000000
00000000
00000000
003FC000
01FFF800
03FFFC00
07FFFE00
0FFFFF00
1FFFFF80
1FF0FF80
1FE07F80
1FE07F80
00007F80
007FFF80
03FFFF80
07FFFF80
0FFFFF80
1FF87F80
1FE07F80
3FE07F80
3FC07F80
3FC07F80
3FE0FF80
3FFFFF80
1FFFFF80
1FFFFF80
0FFFFFC0
03FF3FC0
00FC3FC0
ENDCHAR
STARTCHAR E_uni030F.ccmp
ENCODING -1
SWIDTH 559 0
DWIDTH 28 0
BBX 26 46 1 0
BITMAP
FF3FC000
7F9FE000
3FCFE000
1FC7F000
0FE3F800
07F1FC00
03F8FC00
00000000
00000000
00000000
3FFFFFC0
3FFFFFC0
3FFFFFC0
3FFFFFC0
3FFFFFC0
3FFFFFC0
3FFFFFC0
3FC00000
3FC00000
3FC00000
3FC00000
3FC00000
3FC00000
3FC00000
3FC00000
3FFFFF00
3FFFFF00
3FFFFF00
3FFFFF00
3FFFFF00
3FFFFF00
3FC00000
3FC00000
3FC00000
3FC00000
3FC00000
3FC00000
3FC00000
3FC00000
3FFFFFC0
3FFFFFC0
3FFFFFC0
3FFFFFC0
3FFFFFC0
3FFFFFC0
3FFFFFC0
ENDCHAR
STARTCHAR e_uni030F.ccmp
ENCODING -1
SWIDTH 544 0
DWIDTH 27 0
BBX 27 37 -1 0
BITMAP
FF3FC000
7F9FE000
3FCFE000
1FC7F000
0FE3F800
07F1FC00
03F8FC00
00000000
00000000
00000000
00000000
001FE000
007FFC00
01FFFE00
03FFFF00
07FFFF80
0FFFFFC0
0FFC7FC0
1FF01FE0
1FF01FE0
1FE01FE0
1FFFFFE0
1FFFFFE0
3FFFFFE0
3FFFFFE0
3FFFFFE0
1FE00000
1FE00000
1FF00200
1FF80700
0FFE3F80
0FFFFFC0
07FFFFC0
03FFFFC0
01FFFF00
007FFE00
000FF000
ENDCHAR
STARTCHAR I_uni030F.ccmp
ENCODING -1
SWIDTH 302 0
DWIDTH 15 0
BBX 22 46 -7 0
BITMAP
FF3FC0
7F9FE0
3FCFE0
1FC7F0
0FE3F8
07F1FC
03F8FC
000000
000000
000000
003FE0
003FE0
003FE0
003FE0
003FE0
003FE0
003FE0
003FE0
003FE0
003FE0
003FE0
003FE0
003FE0
003FE0
003FE0
003FE0
003FE0
003FE0
003FE0
003FE0
003FE0
003FE0
003FE0
003FE0
003FE0
003FE0
003FE0
003FE0
003FE0
003FE0
003FE0
003FE0
003FE0
003FE0
003FE0
003FE0
ENDCHAR
STARTCHAR dotlessi_uni030F.ccmp
ENCODING -1
SWIDTH 285 0
DWIDTH 14 0
BBX 22 37 -7 0
BITMAP
FF3FC0
7F9FE0
3FCFE0
1FC7F0
0FE3F8
07F1FC
03F8FC
000000
000000
000000
000000
003FC0
003FC0
003FC0
003FC0
003FC0
003FC0
003FC0
003FC0
003FC0
003FC0
003FC0
003FC0
003FC0
003FC0
003FC0
003FC0
003FC0
003FC0
003FC0
003FC0
003FC0
003FC0
003FC0
003FC0
003FC0
003FC0
ENDCHAR
STARTCHAR O_uni030F.ccmp
ENCODING -1
SWIDTH 690 0
DWIDTH 35 0
BBX 31 45 2 0
BITMAP
7F9FE000
3FCFF000
1FE7F000
0FE3F800
07F1FC00
03F8FE00
01FC7E00
00000000
00000000
001FE000
00FFFC00
03FFFF00
07FFFF80
0FFFFFC0
1FFFFFE0
1FFFFFF0
3FF03FF8
7FE00FF8
7FC00FF8
7FC007FC
FF8007FC
FF8003FC
FF8003FE
FF8003FE
FF0003FE
FF0003FE
FF0003FE
FF0003FE
FF0003FE
FF0003FE
FF8003FE
FF8003FC
FF8003FC
FF8007FC
7FC007FC
7FC00FF8
7FE00FF8
3FF03FF0
1FFFFFF0
1FFFFFE0
0FFFFFC0
07FFFF80
01FFFF00
00FFFC00
001FE000
ENDCHAR
STARTCHAR o_uni030F.ccmp
ENCODING -1
SWIDTH 562 0
DWIDTH 28 0
BBX 27 37 0 0
BITMAP
FF3FC000
7F9FE000
3FCFE000
1FC7F000
0FE3F800
07F1FC00
03F8FC00
00000000
00000000
00000000
00000000
003FC000
01FFF800
03FFFC00
07FFFE00
0FFFFF00
1FFFFF80
1FF9FF80
3FE07FC0
3FC03FC0
3FC03FC0
7FC03FE0
7FC03FE0
7FC01FE0
7FC01FE0
7FC01FE0
7FC03FE0
3FC03FC0
3FC03FC0
3FE07FC0
1FF9FF80
1FFFFF80
0FFFFF00
07FFFE00
03FFFC00
01FFF800
003FC000
ENDCHAR
STARTCHAR R_uni030F.ccmp
ENCODING -1
SWIDTH 652 0
DWIDTH 33 0
BBX 31 45 0 0
BITMAP
FF3FC000
7F9FE000
3FCFE000
1FC7F000
0FE3F800
07F1FC00
03F8FC00
00000000
00000000
1FFFFC00
1FFFFF00
1FFFFFC0
1FFFFFE0
1FFFFFF0
1FFFFFF8
1FFFFFF8
1FE00FFC
1FE007FC
1FE007FC
1FE007FC
1FE003FC
1FE007FC
1FE007FC
1FE007FC
1FE00FF8
1FFFFFF8
1FFFFFF0
1FFFFFE0
1FFFFFC0
1FFFFF80
1FFFFF00
1FFFFF80
1FE0FF80
1FE07FC0
1FE07FC0
1FE03FE0
1FE03FE0
1FE01FF0
1FE01FF0
1FE01FF8
1FE00FF8
1FE00FFC
1FE007FC
1FE007FE
1FE003FE
ENDCHAR
STARTCHAR r_uni030F.ccmp
ENCODING -1
SWIDTH 378 0
DWIDTH 19 0
BBX 22 37 -4 0
BITMAP
FF3FC0
7F9FE0
3FCFE0
1FC7F0
0FE3F8
07F1FC
03F8FC
000000
000000
000000
000000
03FC3C
03FCFC
03FDFC
03FDFC
03FFFC
03FFFC
03FFFC
03FFFC
03FF00
03FE00
03FE00
03FE00
03FE00
03FE00
03FE00
03FE00
03FE00
03FE00
03FE00
03FE00
03FE00
03FE00
03FE00
03FE00
03FE00
03FE00
ENDCHAR
STARTCHAR U_uni030F.ccmp
ENCODING -1
SWIDTH 664 0
DWIDTH 33 0
BBX 29 45 2 0
BITMAP
FF3FC000
7F9FE000
3FCFE000
1FC7F000
0FE3F800
07F1FC00
03F8FC00
00000000
00000000
7F800FF8
7F800FF8
7F800FF8
7F800FF8
7F800FF8
7F800FF8
7F800FF8
7F800FF8
7F800FF8
7F800FF8
7F800FF8
7F800FF8
7F800FF8
7F800FF8
7F800FF8
7F800FF8
7F800FF8
7F800FF8
7F800FF8
7F800FF8
7F800FF8
7F800FF8
7F800FF8
7F800FF8
7F800FF8
7F800FF0
7FC01FF0
7FC01FF0
7FE03FF0
3FFFFFE0
1FFFFFE0
1FFFFFC0
0FFFFF80
07FFFF00
01FFFC00
003FE000
ENDCHAR
STARTCHAR u_uni030F.ccmp
ENCODING -1
SWIDTH 564 0
DWIDTH 28 0
BBX 26 37 0 0
BITMAP
FF3FC000
7F9FE000
3FCFE000
1FC7F000
0FE3F800
07F1FC00
03F8FC00
00000000
00000000
00000000
00000000
3FC03FC0
3FC03FC0
3FC03FC0
3FC03FC0
3FC03FC0
3FC03FC0
3FC03FC0
3FC03FC0
3FC03FC0
3FC03FC0
3FC03FC0
3FC03FC0
3FC03FC0
3FC03FC0
3FC03FC0
3FC03FC0
3FC03FC0
3FE03FC0
3FE07FC0
3FF1FFC0
1FFFFFC0
1FFFFFC0
0FFFFFC0
0FFFBFC0
07FF3FC0
00FC3FC0
ENDCHAR
STARTCHAR Upsilon1_acutecomb.ccmp
ENCODING -1
SWIDTH 671 0
DWIDTH 34 0
BBX 42 39 -8 0
BITMAP
3F8000000000
3F8000000000
7F0000000000
7E3F80001F80
7E3FE0007FC0
FC3FF000FF80
FC3FF001FF80
F83FF803FF80
003FF803FF80
003FFC07FF80
0003FC07F800
0003FE07F800
0001FE0FF000
0001FE0FF000
0000FF0FE000
0000FF1FE000
0000FF1FE000
00007F9FC000
00007FBFC000
00003FBF8000
00003FFF8000
00001FFF8000
00001FFF0000
00001FFF0000
00000FFE0000
00000FFE0000
000007FC0000
000007FC0000
000007FC0000
000007FC0000
000007FC0000
000007FC0000
000007FC0000
000007FC0000
000007FC0000
000007FC0000
000007FC0000
000007FC0000
000007FC0000
ENDCHAR
STARTCHAR B_dotbelowcomb.ccmp
ENCODING -1
SWIDTH 645 0
DWIDTH 32 0
BBX 27 46 3 -10
BITMAP
FFFFC000
FFFFF800
FFFFFE00
FFFFFF00
FFFFFF80
FFFFFF80
FFFFFFC0
FF00FFC0
FF007FC0
FF003FC0
FF003FC0
FF003FC0
FF003FC0
FF007FC0
FF00FF80
FFFFFF80
FFFFFF00
FFFFFE00
FFFFFE00
FFFFFF80
FFFFFFC0
FF007FC0
FF003FE0
FF003FE0
FF001FE0
FF001FE0
FF001FE0
FF003FE0
FF007FE0
FFFFFFE0
FFFFFFC0
FFFFFFC0
FFFFFF80
FFFFFF00
FFFFFC00
FFFFE000
00000000
00000000
00000000
007C0000
00FE0000
01FF0000
01FF0000
01FF0000
01FE0000
00FC0000
ENDCHAR
STARTCHAR b_dotbelowcomb.ccmp
ENCODING -1
SWIDTH 562 0
DWIDTH 28 0
BBX 25 49 2 -11
BITMAP
FF800000
FF800000
FF800000
FF800000
FF800000
FF800000
FF800000
FF800000
FF800000
FF800000
FF800000
FF800000
FF9FC000
FFBFF000
FFFFF800
FFFFFC00
FFFFFE00
FFFFFE00
FFE3FF00
FF81FF00
FF80FF00
FF80FF80
FF80FF80
FF807F80
FF807F80
FF807F80
FF807F80
FF80FF80
FF80FF80
FF80FF00
FF80FF00
FFE3FF00
FFFFFE00
FFFFFE00
FFFFFC00
FF7FF800
FF3FF000
FF1FC000
00000000
00000000
00000000
00000000
0007C000
000FE000
001FF000
001FF000
001FF000
001FE000
000FC000
ENDCHAR
STARTCHAR D_dotbelowcomb.ccmp
ENCODING -1
SWIDTH 646 0
DWIDTH 32 0
BBX 28 46 3 -10
BITMAP
FFFE0000
FFFFC000
FFFFF000
FFFFFC00
FFFFFE00
FFFFFF00
FFFFFF00
FF01FF80
FF00FFC0
FF007FC0
FF003FC0
FF003FE0
FF003FE0
FF001FE0
FF001FE0
FF001FF0
FF001FF0
FF001FF0
FF001FF0
FF001FF0
FF001FF0
FF001FE0
FF001FE0
FF003FE0
FF003FE0
FF003FC0
FF007FC0
FF00FFC0
FF01FF80
FFFFFF00
FFFFFF00
FFFFFE00
FFFFFC00
FFFFF000
FFFFC000
FFFE0000
00000000
00000000
00000000
03E00000
07F00000
0FF80000
0FF80000
0FF80000
0FF00000
07E00000
ENDCHAR
STARTCHAR d_dotbelowcomb.ccmp
ENCODING -1
SWIDTH 562 0
DWIDTH 28 0
BBX 25 48 1 -10
BITMAP
0000FF80
0000FF80
0000FF80
0000FF80
0000FF80
0000FF80
0000FF80
0000FF80
0000FF80
0000FF80
0000FF80
0000FF80
01F8FF80
07FEFF80
0FFFFF80
1FFFFF80
3FFFFF80
3FFFFF80
7FE3FF80
7FC0FF80
7F80FF80
7F80FF80
FF80FF80
FF80FF80
FF80FF80
FF80FF80
FF80FF80
FF80FF80
7F80FF80
7F80FF80
7FC0FF80
7FE3FF80
3FFFFF80
3FFFFF80
1FFFFF80
0FFF7F80
07FE7F80
01FC7F80
00000000
00000000
00000000
001F0000
003F8000
007FC000
007FC000
007FC000
007F8000
003F0000
ENDCHAR
STARTCHAR D_uniF6C3.ccmp
ENCODING -1
SWIDTH 646 0
DWIDTH 32 0
BBX 28 50 3 -14
BITMAP
FFFE0000
FFFFC000
FFFFF000
FFFFFC00
FFFFFE00
FFFFFF00
FFFFFF00
FF01FF80
FF00FFC0
FF007FC0
FF003FC0
FF003FE0
FF003FE0
FF001FE0
FF001FE0
FF001FF0
FF001FF0
FF001FF0
FF001FF0
FF001FF0
FF001FF0
FF001FE0
FF001FE0
FF003FE0
FF003FE0
FF003FC0
FF007FC0
FF00FFC0
FF01FF80
FFFFFF00
FFFFFF00
FFFFFE00
FFFFFC00
FFFFF000
FFFFC000
FFFE0000
00000000
00000000
00000000
03E00000
03E00000
03E00000
03E00000
03E00000
07E00000
07C00000
07C00000
0F800000
07800000
01000000
ENDCHAR
STARTCHAR d_uniF6C3.ccmp
ENCODING -1
SWIDTH 562 0
DWIDTH 28 0
BBX 25 51 1 -13
BITMAP
0000FF80
0000FF80
0000FF80
0000FF80
0000FF80
0000FF80
0000FF80
0000FF80
0000FF80
0000FF80
0000FF80
0000FF80
01F8FF80
07FEFF80
0FFFFF80
1FFFFF80
3FFFFF80
3FFFFF80
7FE3FF80
7FC0FF80
7F80FF80
7F80FF80
FF80FF80
FF80FF80
FF80FF80
FF80FF80
FF80FF80
FF80FF80
7F80FF80
7F80FF80
7FC0FF80
7FE3FF80
3FFFFF80
3FFFFF80
1FFFFF80
0FFF7F80
07FE7F80
01FC7F80
00000000
00000000
001F0000
001F0000
001F0000
001F0000
001F0000
003F0000
003E0000
003E0000
007C0000
003C0000
00080000
ENDCHAR
STARTCHAR H_dotbelowcomb.ccmp
ENCODING -1
SWIDTH 702 0
DWIDTH 35 0
BBX 29 46 3 -10
BITMAP
FF0007F8
FF0007F8
FF0007F8
FF0007F8
FF0007F8
FF0007F8
FF0007F8
FF0007F8
FF0007F8
FF0007F8
FF0007F8
FF0007F8
FF0007F8
FF0007F8
FFFFFFF8
FFFFFFF8
FFFFFFF8
FFFFFFF8
FFFFFFF8
FFFFFFF8
FFFFFFF8
FF0007F8
FF0007F8
FF0007F8
FF0007F8
FF0007F8
FF0007F8
FF0007F8
FF0007F8
FF0007F8
FF0007F8
FF0007F8
FF0007F8
FF0007F8
FF0007F8
FF0007F8
00000000
00000000
00000000
000F8000
001FC000
003FE000
003FE000
003FE000
003FC000
001F8000
ENDCHAR
STARTCHAR h_dotbelowcomb.ccmp
ENCODING -1
SWIDTH 564 0
DWIDTH 28 0
BBX 24 48 2 -10
BITMAP
FF0000
FF0000
FF0000
FF0000
FF0000
FF0000
FF0000
FF0000
FF0000
FF0000
FF0000
FF0000
FF0FE0
FF3FF8
FF7FFC
FFFFFC
FFFFFE
FFFFFE
FFC7FF
FF81FF
FF01FF
FF00FF
FF00FF
FF00FF
FF00FF
FF00FF
FF00FF
FF00FF
FF00FF
FF00FF
FF00FF
FF00FF
FF00FF
FF00FF
FF00FF
FF00FF
FF00FF
FF00FF
000000
000000
000000
003E00
007F00
00FF80
00FF80
00FF80
00FF00
007E00
ENDCHAR
STARTCHAR K_acutecomb.ccmp
ENCODING -1
SWIDTH 639 0
DWIDTH 32 0
BBX 29 46 3 0
BITMAP
0007F800
000FF000
000FF000
001FE000
003FC000
003F8000
007F0000
00FE0000
00000000
00000000
FF001FF8
FF003FF0
FF007FF0
FF007FE0
FF00FFC0
FF01FF80
FF01FF80
FF03FF00
FF07FE00
FF0FFC00
FF0FFC00
FF1FF800
FF3FF000
FF3FE000
FF7FE000
FF7FC000
FFFFC000
FFFFC000
FFFFE000
FFFFF000
FFFFF000
FFFFF800
FFFFF800
FFEFFC00
FFC7FE00
FF87FE00
FF03FF00
FF01FF00
FF01FF80
FF00FFC0
FF00FFC0
FF007FE0
FF007FE0
FF003FF0
FF001FF8
FF001FF8
ENDCHAR
STARTCHAR k_acutecomb.ccmp
ENCODING -1
SWIDTH 546 0
DWIDTH 27 0
BBX 26 47 2 0
BITMAP
0000FF00
0001FE00
0001FE00
0003FC00
0007F800
0007F000
000FE000
001FC000
00000000
FF800000
FF800000
FF800000
FF800000
FF800000
FF800000
FF800000
FF800000
FF800000
FF800000
FF800000
FF800000
FF81FF80
FF83FF00
FF83FE00
FF87FC00
FF8FFC00
FF9FF800
FFBFF000
FFBFE000
FFFFC000
FFFF8000
FFFF0000
FFFF8000
FFFF8000
FFFFC000
FFFFE000
FFFFE000
FFFFF000
FFCFF800
FF8FF800
FF87FC00
FF87FE00
FF83FE00
FF81FF00
FF81FF80
FF80FF80
FF80FFC0
ENDCHAR
STARTCHAR K_dotbelowcomb.ccmp
ENCODING -1
SWIDTH 639 0
DWIDTH 32 0
BBX 29 44 3 -8
BITMAP
FF001FF8
FF003FF0
FF007FF0
FF007FE0
FF00FFC0
FF01FF80
FF01FF80
FF03FF00
FF07FE00
FF0FFC00
FF0FFC00
FF1FF800
FF3FF000
FF3FE000
FF7FE000
FF7FC000
FFFFC000
FFFFC000
FFFFE000
FFFFF000
FFFFF000
FFFFF800
FFFFF800
FFEFFC00
FFC7FE00
FF87FE00
FF03FF00
FF01FF00
FF01FF80
FF00FFC0
FF00FFC0
FF007FE0
FF007FE0
FF003FF0
FF001FF8
FF001FF8
00000000
003E0000
007F0000
00FF8000
00FF8000
00FF8000
00FF0000
007E0000
ENDCHAR
STARTCHAR k_dotbelowcomb.ccmp
ENCODING -1
SWIDTH 546 0
DWIDTH 27 0
BBX 26 47 2 -9
BITMAP
FF800000
FF800000
FF800000
FF800000
FF800000
FF800000
FF800000
FF800000
FF800000
FF800000
FF800000
FF800000
FF81FF80
FF83FF00
FF83FE00
FF87FC00
FF8FFC00
FF9FF800
FFBFF000
FFBFE000
FFFFC000
FFFF8000
FFFF0000
FFFF8000
FFFF8000
FFFFC000
FFFFE000
FFFFE000
FFFFF000
FFCFF800
FF8FF800
FF87FC00
FF87FE00
FF83FE00
FF81FF00
FF81FF80
FF80FF80
FF80FFC0
00000000
00000000
003E0000
007F0000
00FF8000
00FF8000
00FF8000
00FF0000
007E0000
ENDCHAR
STARTCHAR L_dotbelowcomb.ccmp
ENCODING -1
SWIDTH 541 0
DWIDTH 27 0
BBX 23 46 3 -10
BITMAP
FF0000
FF0000
FF0000
FF0000
FF0000
FF0000
FF0000
FF0000
FF0000
FF0000
FF0000
FF0000
FF0000
FF0000
FF0000
FF0000
FF0000
FF0000
FF0000
FF0000
FF0000
FF0000
FF0000
FF0000
FF0000
FF0000
FF0000
FF0000
FF0000
FFFFFE
FFFFFE
FFFFFE
FFFFFE
FFFFFE
FFFFFE
FFFFFE
000000
000000
000000
007C00
00FE00
01FF00
01FF00
01FF00
01FE00
00FC00
ENDCHAR
STARTCHAR l_dotbelowcomb.ccmp
ENCODING -1
SWIDTH 274 0
DWIDTH 14 0
BBX 9 48 2 -10
BITMAP
7F80
7F80
7F80
7F80
7F80
7F80
7F80
7F80
7F80
7F80
7F80
7F80
7F80
7F80
7F80
7F80
7F80
7F80
7F80
7F80
7F80
7F80
7F80
7F80
7F80
7F80
7F80
7F80
7F80
7F80
7F80
7F80
7F80
7F80
7F80
7F80
7F80
7F80
0000
0000
0000
3E00
7F00
FF80
FF80
FF80
FF00
7E00
ENDCHAR
STARTCHAR M_dotbelowcomb.ccmp
ENCODING -1
SWIDTH 876 0
DWIDTH 44 0
BBX 38 46 3 -10
BITMAP
FFE0001FFC
FFE0003FFC
FFF0003FFC
FFF0003FFC
FFF0007FFC
FFF8007FFC
FFF8007FFC
FFF800FFFC
FFFC00FFFC
FFFC00FFFC
FFFC01FFFC
FEFE01FFFC
FFFE01FFFC
FFFE01FBFC
FF7F03FBFC
FF7F03FBFC
FF7F03F3FC
FF3F07F3FC
FF3F87F3FC
FF3F87E3FC
FF1F8FE3FC
FF1FCFE3FC
FF0FCFC3FC
FF0FDFC3FC
FF0FFFC3FC
FF07FF83FC
FF07FF83FC
FF07FF87FC
FF03FF07FC
FF03FF07FC
FF03FF07FC
FF01FE07FC
FF01FE07FC
FF01FE07FC
FF00FC07FC
FF00FC07FC
0000000000
0000000000
0000000000
00007C0000
0000FE0000
0001FF0000
0001FF0000
0001FF0000
0001FE0000
0000FC0000
ENDCHAR
STARTCHAR m_dotbelowcomb.ccmp
ENCODING -1
SWIDTH 861 0
DWIDTH 43 0
BBX 39 36 2 -10
BITMAP
FF07E01FC0
FF1FF87FF0
FF7FFCFFF8
FFFFFFFFF8
FFFFFFFFFC
FFFFFFFFFC
FFE7FFCFFC
FF81FF03FE
FF81FF03FE
FF81FF03FE
FF81FF03FE
FF81FF03FE
FF81FF03FE
FF81FF03FE
FF81FF03FE
FF81FF03FE
FF81FF03FE
FF81FF03FE
FF81FF03FE
FF81FF03FE
FF81FF03FE
FF81FF03FE
FF81FF03FE
FF81FF03FE
FF81FF03FE
FF81FF03FE
0000000000
0000000000
0000000000
00003E0000
00007F0000
0000FF8000
0000FF8000
0000FF8000
0000FF0000
00007E0000
ENDCHAR
STARTCHAR N_dotbelowcomb.ccmp
ENCODING -1
SWIDTH 702 0
DWIDTH 35 0
BBX 29 46 3 -10
BITMAP
FF8007F8
FF8007F8
FFC007F8
FFC007F8
FFE007F8
FFE007F8
FFF007F8
FFF807F8
FFF807F8
FFFC07F8
FFFC07F8
FFFE07F8
FFFE07F8
FFFF07F8
FF7F07F8
FF7F87F8
FF3FC7F8
FF3FC7F8
FF1FE7F8
FF0FE7F8
FF0FF7F8
FF07F7F8
FF07FFF8
FF03FFF8
FF03FFF8
FF01FFF8
FF00FFF8
FF00FFF8
FF007FF8
FF007FF8
FF003FF8
FF003FF8
FF001FF8
FF001FF8
FF000FF8
FF0007F8
00000000
00000000
00000000
000F8000
001FC000
003FE000
003FE000
003FE000
003FC000
001F8000
ENDCHAR
STARTCHAR n_dotbelowcomb.ccmp
ENCODING -1
SWIDTH 564 0
DWIDTH 28 0
BBX 24 36 2 -10
BITMAP
FF0FE0
FF3FF8
FF7FFC
FFFFFE
FFFFFE
FFFFFE
FFE7FF
FF81FF
FF00FF
FF00FF
FF00FF
FF00FF
FF00FF
FF00FF
FF00FF
FF00FF
FF00FF
FF00FF
FF00FF
FF00FF
FF00FF
FF00FF
FF00FF
FF00FF
FF00FF
FF00FF
000000
000000
000000
003E00
007F00
00FF80
00FF80
00FF80
00FF00
007E00
ENDCHAR
STARTCHAR O_tildecomb_acutecomb.ccmp
ENCODING -1
SWIDTH 690 0
DWIDTH 35 0
BBX 31 49 2 0
BITMAP
0000F800
0001F000
0003E000
0003C000
00078000
00000000
003C1C00
007F3C00
00FFFC00
00F7F800
00E0F000
00000000
00000000
001FE000
00FFFC00
03FFFF00
07FFFF80
0FFFFFC0
1FFFFFE0
1FFFFFF0
3FF03FF8
7FE00FF8
7FC00FF8
7FC007FC
FF8007FC
FF8003FC
FF8003FE
FF8003FE
FF0003FE
FF0003FE
FF0003FE
FF0003FE
FF0003FE
FF0003FE
FF8003FE
FF8003FC
FF8003FC
FF8007FC
7FC007FC
7FC00FF8
7FE00FF8
3FF03FF0
1FFFFFF0
1FFFFFE0
0FFFFFC0
07FFFF80
01FFFF00
00FFFC00
001FE000
ENDCHAR
STARTCHAR P_acutecomb.ccmp
ENCODING -1
SWIDTH 651 0
DWIDTH 33 0
BBX 28 47 3 0
BITMAP
0007F800
000FF000
000FF000
001FE000
003FC000
003F8000
007F0000
00FE0000
00000000
00000000
00000000
FFFFC000
FFFFF800
FFFFFE00
FFFFFF00
FFFFFF80
FFFFFFC0
FFFFFFC0
FF007FE0
FF003FE0
FF003FE0
FF001FF0
FF001FF0
FF001FF0
FF001FF0
FF001FE0
FF003FE0
FF007FE0
FFFFFFE0
FFFFFFC0
FFFFFF80
FFFFFF00
FFFFFE00
FFFFF800
FFFFC000
FF000000
FF000000
FF000000
FF000000
FF000000
FF000000
FF000000
FF000000
FF000000
FF000000
FF000000
FF000000
ENDCHAR
STARTCHAR p_acutecomb.ccmp
ENCODING -1
SWIDTH 562 0
DWIDTH 28 0
BBX 25 48 2 -10
BITMAP
0000FF00
0001FE00
0001FE00
0003FC00
0007F800
0007F000
000FE000
001FC000
00000000
00000000
00000000
00000000
FF1FC000
FF3FF000
FF7FF800
FFFFFC00
FFFFFE00
FFFFFE00
FFE3FF00
FF81FF00
FF80FF00
FF80FF80
FF80FF80
FF807F80
FF807F80
FF807F80
FF807F80
FF80FF80
FF80FF80
FF80FF00
FF81FF00
FFE3FF00
FFFFFE00
FFFFFE00
FFFFFC00
FFFFF800
FFBFF000
FF8FC000
FF800000
FF800000
FF800000
FF800000
FF800000
FF800000
FF800000
FF800000
FF800000
FF800000
ENDCHAR
STARTCHAR R_dotbelowcomb.ccmp
ENCODING -1
SWIDTH 652 0
DWIDTH 33 0
BBX 28 46 3 -10
BITMAP
FFFFE000
FFFFF800
FFFFFE00
FFFFFF00
FFFFFF80
FFFFFFC0
FFFFFFC0
FF007FE0
FF003FE0
FF003FE0
FF003FE0
FF001FE0
FF003FE0
FF003FE0
FF003FE0
FF007FC0
FFFFFFC0
FFFFFF80
FFFFFF00
FFFFFE00
FFFFFC00
FFFFF800
FFFFFC00
FF07FC00
FF03FE00
FF03FE00
FF01FF00
FF01FF00
FF00FF80
FF00FF80
FF00FFC0
FF007FC0
FF007FE0
FF003FE0
FF003FF0
FF001FF0
00000000
00000000
00000000
003E0000
007F0000
00FF8000
00FF8000
00FF8000
00FF0000
007E0000
ENDCHAR
STARTCHAR r_dotbelowcomb.ccmp
ENCODING -1
SWIDTH 378 0
DWIDTH 19 0
BBX 16 36 2 -10
BITMAP
FF0F
FF3F
FF7F
FF7F
FFFF
FFFF
FFFF
FFFF
FFC0
FF80
FF80
FF80
FF80
FF80
FF80
FF80
FF80
FF80
FF80
FF80
FF80
FF80
FF80
FF80
FF80
FF80
0000
0000
0000
3E00
7F00
FF80
FF80
FF80
FF00
7E00
ENDCHAR
STARTCHAR S_dotbelowcomb.ccmp
ENCODING -1
SWIDTH 625 0
DWIDTH 31 0
BBX 28 46 2 -10
BITMAP
003FE000
01FFFC00
07FFFE00
1FFFFF00
1FFFFF80
3FFFFFC0
7FFDFFE0
7FE03FE0
7FC03FE0
7F801FF0
7F801FF0
7FC00000
7FE00000
7FF80000
3FFE0000
1FFFC000
0FFFF800
07FFFC00
01FFFF00
007FFF80
001FFFC0
0003FFC0
0000FFE0
00003FE0
FF001FE0
FF001FF0
FF801FF0
FF801FE0
FFC03FE0
7FF8FFE0
3FFFFFE0
3FFFFFC0
1FFFFF80
07FFFF00
01FFFC00
003FE000
00000000
00000000
00000000
000F8000
001FC000
003FE000
003FE000
003FE000
003FC000
001F8000
ENDCHAR
STARTCHAR s_dotbelowcomb.ccmp
ENCODING -1
SWIDTH 512 0
DWIDTH 26 0
BBX 23 36 1 -10
BITMAP
01FF00
07FFE0
1FFFF0
3FFFF8
3FFFFC
7FEFFE
7F83FE
7F01FE
7F81FE
7FC000
7FFC00
3FFFC0
1FFFF0
0FFFF8
03FFFC
007FFE
0007FE
FF01FE
FF01FE
FF81FE
7FE7FE
7FFFFC
3FFFF8
1FFFF0
07FFE0
01FF00
000000
000000
000000
007C00
00FE00
01FF00
01FF00
01FF00
01FE00
00FC00
ENDCHAR
STARTCHAR T_dotbelowcomb.ccmp
ENCODING -1
SWIDTH 630 0
DWIDTH 32 0
BBX 30 46 1 -10
BITMAP
FFFFFFFC
FFFFFFFC
FFFFFFFC
FFFFFFFC
FFFFFFFC
FFFFFFFC
FFFFFFFC
003FE000
003FE000
003FE000
003FE000
003FE000
003FE000
003FE000
003FE000
003FE000
003FE000
003FE000
003FE000
003FE000
003FE000
003FE000
003FE000
003FE000
003FE000
003FE000
003FE000
003FE000
003FE000
003FE000
003FE000
003FE000
003FE000
003FE000
003FE000
003FE000
00000000
00000000
00000000
000F8000
001FC000
003FE000
003FE000
003FE000
003FC000
001F8000
ENDCHAR
STARTCHAR t_dotbelowcomb.ccmp
ENCODING -1
SWIDTH 343 0
DWIDTH 17 0
BBX 17 43 0 -10
BITMAP
0FF000
0FF000
0FF000
0FF000
0FF000
0FF000
0FF000
FFFF00
FFFF00
FFFF00
FFFF00
FFFF00
FFFF00
0FF000
0FF000
0FF000
0FF000
0FF000
0FF000
0FF000
0FF000
0FF000
0FF000
0FF000
0FF000
0FF000
0FFC80
0FFF80
0FFF80
07FF80
07FF80
03FF80
00FF00
000000
000000
000000
00F800
01FC00
03FE00
03FE00
03FE00
03FC00
01F800
ENDCHAR
STARTCHAR U_tildecomb_acutecomb.ccmp
ENCODING -1
SWIDTH 664 0
DWIDTH 33 0
BBX 28 50 3 0
BITMAP
0003E000
0007C000
000F8000
000F0000
001E0000
00000000
00F07000
01FCF000
03FFF000
03DFE000
0383C000
00000000
00000000
00000000
FF001FF0
FF001FF0
FF001FF0
FF001FF0
FF001FF0
FF001FF0
FF001FF0
FF001FF0
FF001FF0
FF001FF0
FF001FF0
FF001FF0
FF001FF0
FF001FF0
FF001FF0
FF001FF0
FF001FF0
FF001FF0
FF001FF0
FF001FF0
FF001FF0
FF001FF0
FF001FF0
FF001FF0
FF001FF0
FF001FE0
FF803FE0
FF803FE0
FFC07FE0
7FFFFFC0
3FFFFFC0
3FFFFF80
1FFFFF00
0FFFFE00
03FFF800
007FC000
ENDCHAR
STARTCHAR V_tildecomb.ccmp
ENCODING -1
SWIDTH 661 0
DWIDTH 33 0
BBX 33 46 0 0
BITMAP
003E07C000
007F878000
00FFFF8000
01FFFF8000
01FFFF0000
01F0FE0000
01E03C0000
0000000000
0000000000
0000000000
FFC001FF80
FFC001FF80
7FC001FF00
7FC001FF00
7FE003FF00
3FE003FE00
3FE003FE00
3FE003FE00
1FF007FC00
1FF007FC00
1FF007FC00
0FF80FF800
0FF80FF800
0FF80FF800
07F80FF000
07FC1FF000
07FC1FF000
03FC1FE000
03FC1FE000
03FE3FE000
01FE3FC000
01FE3FC000
01FF7FC000
00FF7F8000
00FF7F8000
00FF7F8000
007FFF0000
007FFF0000
007FFF0000
003FFE0000
003FFE0000
003FFE0000
001FFC0000
001FFC0000
001FFC0000
000FF80000
ENDCHAR
STARTCHAR v_tildecomb.ccmp
ENCODING -1
SWIDTH 516 0
DWIDTH 26 0
BBX 26 37 0 0
BITMAP
01F03E00
03FC3C00
07FFFC00
0FFFFC00
0FFFF800
0F87F000
0F01E000
00000000
00000000
00000000
00000000
FF807FC0
7F807F80
7F80FF80
7FC0FF80
3FC0FF00
3FC0FF00
3FC1FF00
1FE1FE00
1FE1FE00
1FE1FE00
0FE3FC00
0FF3FC00
0FF3FC00
07F3F800
07F7F800
07FFF800
03FFF000
03FFF000
03FFF000
01FFE000
01FFE000
01FFE000
00FFC000
00FFC000
00FFC000
007F8000
ENDCHAR
STARTCHAR V_dotbelowcomb.ccmp
ENCODING -1
SWIDTH 661 0
DWIDTH 33 0
BBX 33 46 0 -10
BITMAP
FFC001FF80
FFC001FF80
7FC001FF00
7FC001FF00
7FE003FF00
3FE003FE00
3FE003FE00
3FE003FE00
1FF007FC00
1FF007FC00
1FF007FC00
0FF80FF800
0FF80FF800
0FF80FF800
07F80FF000
07FC1FF000
07FC1FF000
03FC1FE000
03FC1FE000
03FE3FE000
01FE3FC000
01FE3FC000
01FF7FC000
00FF7F8000
00FF7F8000
00FF7F8000
007FFF0000
007FFF0000
007FFF0000
003FFE0000
003FFE0000
003FFE0000
001FFC0000
001FFC0000
001FFC0000
000FF80000
0000000000
0000000000
0000000000
0003E00000
0007F00000
000FF80000
000FF80000
000FF80000
000FF00000
0007E00000
ENDCHAR
STARTCHAR v_dotbelowcomb.ccmp
ENCODING -1
SWIDTH 516 0
DWIDTH 26 0
BBX 26 36 0 -10
BITMAP
FF807FC0
7F807F80
7F80FF80
7FC0FF80
3FC0FF00
3FC0FF00
3FC1FF00
1FE1FE00
1FE1FE00
1FE1FE00
0FE3FC00
0FF3FC00
0FF3FC00
07F3F800
07F7F800
07FFF800
03FFF000
03FFF000
03FFF000
01FFE000
01FFE000
01FFE000
00FFC000
00FFC000
00FFC000
007F8000
00000000
00000000
00000000
003E0000
007F0000
00FF8000
00FF8000
00FF8000
00FF0000
007E0000
ENDCHAR
STARTCHAR W_dotbelowcomb.ccmp
ENCODING -1
SWIDTH 869 0
DWIDTH 43 0
BBX 42 46 1 -10
BITMAP
FF007F007FC0
FF007F807F80
FF00FF807F80
FF80FF807F80
FF80FF80FF80
7F80FF80FF80
7F80FFC0FF00
7F81FFC0FF00
7FC1FFC0FF00
3FC1FFC0FF00
3FC1FFE1FF00
3FC3FFE1FE00
3FC3FFE1FE00
3FC3FFE1FE00
1FE3FFE1FE00
1FE3FFF1FE00
1FE7F7F3FC00
1FE7F7F3FC00
1FE7F7F3FC00
0FF7F3FBFC00
0FF7F3FBFC00
0FFFE3FFF800
0FFFE3FFF800
0FFFE3FFF800
07FFE1FFF800
07FFC1FFF000
07FFC1FFF000
07FFC1FFF000
03FFC0FFF000
03FF80FFF000
03FF80FFE000
03FF80FFE000
03FF807FE000
01FF807FE000
01FF007FE000
01FF007FC000
000000000000
000000000000
000000000000
00003E000000
00007F000000
0000FF800000
0000FF800000
0000FF800000
0000FF000000
00007E000000
ENDCHAR
STARTCHAR w_dotbelowcomb.ccmp
ENCODING -1
SWIDTH 726 0
DWIDTH 36 0
BBX 35 36 1 -10
BITMAP
FF03F01FE0
FF03F01FC0
FF03F83FC0
FF07F83FC0
7F07F83FC0
7F07F83F80
7F8FFC3F80
7F8FFC7F80
3F8FFC7F80
3F8FFE7F00
3F9FFE7F00
3F9FFE7F00
1FDFBE7F00
1FDF3FFE00
1FFF3FFE00
1FFF1FFE00
1FFE1FFE00
0FFE1FFE00
0FFE1FFC00
0FFE0FFC00
0FFC0FFC00
07FC0FFC00
07FC0FF800
07F807F800
07F807F800
03F807F800
0000000000
0000000000
0000000000
0001F00000
0003F80000
0007FC0000
0007FC0000
0007FC0000
0007F80000
0003F00000
ENDCHAR
STARTCHAR Z_dotbelowcomb.ccmp
ENCODING -1
SWIDTH 610 0
DWIDTH 31 0
BBX 27 46 2 -10
BITMAP
FFFFFFE0
FFFFFFE0
FFFFFFE0
FFFFFFE0
FFFFFFE0
FFFFFFC0
FFFFFFC0
0000FF80
0001FF00
0001FF00
0003FE00
0007FC00
0007FC00
000FF800
001FF000
001FF000
003FE000
007FC000
007FC000
00FF8000
01FF0000
03FF0000
03FE0000
07FC0000
0FFC0000
0FF80000
1FF00000
3FF00000
3FE00000
7FFFFFE0
FFFFFFE0
FFFFFFE0
FFFFFFE0
FFFFFFE0
FFFFFFE0
FFFFFFE0
00000000
00000000
00000000
001F0000
003F8000
007FC000
007FC000
007FC000
007F8000
003F0000
ENDCHAR
STARTCHAR z_dotbelowcomb.ccmp
ENCODING -1
SWIDTH 515 0
DWIDTH 26 0
BBX 22 36 2 -10
BITMAP
FFFFFC
FFFFFC
FFFFFC
FFFFFC
FFFFFC
FFFFF8
001FF0
003FE0
003FE0
007FC0
00FF80
01FF00
03FF00
03FE00
07FC00
0FF800
1FF800
1FF000
3FE000
7FC000
FFFFFC
FFFFFC
FFFFFC
FFFFFC
FFFFFC
FFFFFC
000000
000000
000000
00F800
01FC00
03FE00
03FE00
03FE00
03FC00
01F800
ENDCHAR
STARTCHAR Alphatonos.c2sc
ENCODING -1
SWIDTH 591 0
DWIDTH 30 0
BBX 33 32 -3 0
BITMAP
3F80000000
3F80000000
7F00000000
7E00000000
7E03FC0000
FC07FC0000
FC07FE0000
F80FFE0000
000FFE0000
000FFF0000
001FFF0000
001FFF8000
003FFF8000
003FBF8000
003FBFC000
007F9FC000
007F1FE000
00FF1FE000
00FF0FE000
00FE0FF000
01FE0FF000
01FFFFF800
03FFFFF800
03FFFFF800
03FFFFFC00
07FFFFFC00
07FFFFFE00
0FF801FE00
0FF001FE00
0FF000FF00
1FF000FF00
1FE000FF80
ENDCHAR
STARTCHAR Epsilontonos.c2sc
ENCODING -1
SWIDTH 508 0
DWIDTH 25 0
BBX 31 32 -6 0
BITMAP
3F800000
3F800000
7F000000
7E000000
7E7FFFFE
FC7FFFFE
FC7FFFFE
F87FFFFE
007FFFFE
007FFFFE
007F8000
007F8000
007F8000
007F8000
007F8000
007FFFF0
007FFFF0
007FFFF0
007FFFF0
007FFFF0
007FFFF0
007F8000
007F8000
007F8000
007F8000
007F8000
007FFFFC
007FFFFC
007FFFFC
007FFFFC
007FFFFC
007FFFFC
ENDCHAR
STARTCHAR Etatonos.c2sc
ENCODING -1
SWIDTH 630 0
DWIDTH 32 0
BBX 36 32 -7 0
BITMAP
3F80000000
3F80000000
7F00000000
7E00000000
7E3FC00FF0
FC3FC00FF0
FC3FC00FF0
F83FC00FF0
003FC00FF0
003FC00FF0
003FC00FF0
003FC00FF0
003FC00FF0
003FC00FF0
003FC00FF0
003FFFFFF0
003FFFFFF0
003FFFFFF0
003FFFFFF0
003FFFFFF0
003FFFFFF0
003FC00FF0
003FC00FF0
003FC00FF0
003FC00FF0
003FC00FF0
003FC00FF0
003FC00FF0
003FC00FF0
003FC00FF0
003FC00FF0
003FC00FF0
ENDCHAR
STARTCHAR Iotatonos.c2sc
ENCODING -1
SWIDTH 295 0
DWIDTH 15 0
BBX 19 32 -7 0
BITMAP
3F8000
3F8000
7F0000
7E0000
7E1FE0
FC1FE0
FC1FE0
F81FE0
001FE0
001FE0
001FE0
001FE0
001FE0
001FE0
001FE0
001FE0
001FE0
001FE0
001FE0
001FE0
001FE0
001FE0
001FE0
001FE0
001FE0
001FE0
001FE0
001FE0
001FE0
001FE0
001FE0
001FE0
ENDCHAR
STARTCHAR Omicrontonos.c2sc
ENCODING -1
SWIDTH 598 0
DWIDTH 30 0
BBX 33 32 -5 0
BITMAP
3F80000000
3F80000000
7F00000000
7E00000000
7E00FF0000
FC07FFE000
FC1FFFF000
F83FFFF800
007FFFFC00
00FFFFFE00
00FFC7FF00
01FF01FF00
01FF00FF80
01FE00FF80
03FE007F80
03FE007F80
03FC007F80
03FC007F80
03FC007F80
03FE007F80
03FE007F80
03FE007F80
01FE00FF80
01FF00FF80
01FF01FF00
00FFC7FF00
00FFFFFE00
007FFFFC00
003FFFF800
001FFFF000
0007FFE000
0000FF0000
ENDCHAR
STARTCHAR Upsilontonos.c2sc
ENCODING -1
SWIDTH 576 0
DWIDTH 29 0
BBX 36 32 -8 0
BITMAP
3F80000000
3F80000000
7F00000000
7E00000000
7E7FC01FF0
FC3FC01FF0
FC3FE01FE0
F81FE03FE0
001FF03FC0
000FF07FC0
000FF87F80
0007F8FF80
0007F8FF00
0003FDFE00
0003FDFE00
0001FFFC00
0000FFFC00
0000FFF800
00007FF800
00007FF000
00003FF000
00003FE000
00003FE000
00003FE000
00003FE000
00003FE000
00003FE000
00003FE000
00003FE000
00003FE000
00003FE000
00003FE000
ENDCHAR
STARTCHAR Omegatonos.c2sc
ENCODING -1
SWIDTH 598 0
DWIDTH 30 0
BBX 33 32 -5 0
BITMAP
3F80000000
3F80000000
7F00000000
7E00000000
7E00FF0000
FC07FFE000
FC1FFFF800
F83FFFFC00
007FFFFE00
00FFFFFF00
00FFC3FF00
01FF01FF80
01FE00FF80
03FE007F80
03FE007F80
03FE007F80
03FE007F80
03FE007F80
01FE007F80
01FE007F80
01FE007F00
00FE007F00
00FF00FE00
007F00FC00
003F81F800
000FE7F000
01FFE7FF80
01FFE7FF80
01FFE7FF80
01FFE7FF80
01FFE7FF80
01FFE7FF80
ENDCHAR
STARTCHAR Alpha.c2sc
ENCODING -1
SWIDTH 591 0
DWIDTH 30 0
BBX 30 28 0 0
BITMAP
001FE000
003FE000
003FF000
007FF000
007FF000
007FF800
00FFF800
00FFFC00
01FFFC00
01FDFC00
01FDFE00
03FCFE00
03F8FF00
07F8FF00
07F87F00
07F07F80
0FF07F80
0FFFFFC0
1FFFFFC0
1FFFFFC0
1FFFFFE0
3FFFFFE0
3FFFFFF0
7FC00FF0
7F800FF0
7F8007F8
FF8007F8
FF0007FC
ENDCHAR
STARTCHAR Beta.c2sc
ENCODING -1
SWIDTH 559 0
DWIDTH 28 0
BBX 24 28 2 0
BITMAP
FFFF80
FFFFF0
FFFFF8
FFFFFC
FFFFFE
FFFFFF
FF03FF
FF01FF
FF00FF
FF00FF
FF01FE
FF03FE
FFFFFC
FFFFF8
FFFFF8
FFFFFC
FFFFFE
FF01FF
FF00FF
FF00FF
FF00FF
FF03FF
FFFFFF
FFFFFF
FFFFFE
FFFFFC
FFFFF8
FFFFC0
ENDCHAR
STARTCHAR Epsilon.c2sc
ENCODING -1
SWIDTH 479 0
DWIDTH 24 0
BBX 22 28 2 0
BITMAP
FFFFFC
FFFFFC
FFFFFC
FFFFFC
FFFFFC
FFFFFC
FF0000
FF0000
FF0000
FF0000
FF0000
FFFFE0
FFFFE0
FFFFE0
FFFFE0
FFFFE0
FFFFE0
FF0000
FF0000
FF0000
FF0000
FF0000
FFFFF8
FFFFF8
FFFFF8
FFFFF8
FFFFF8
FFFFF8
ENDCHAR
STARTCHAR Zeta.c2sc
ENCODING -1
SWIDTH 527 0
DWIDTH 26 0
BBX 25 28 1 0
BITMAP
FFFFFF80
FFFFFF80
FFFFFF80
FFFFFF80
FFFFFF00
FFFFFE00
0003FE00
0007FC00
000FF800
001FF000
001FF000
003FE000
007FC000
00FF8000
00FF8000
01FF0000
03FE0000
07FC0000
07FC0000
0FF80000
1FF00000
3FE00000
7FFFFF80
7FFFFF80
FFFFFF80
FFFFFF80
FFFFFF80
FFFFFF80
ENDCHAR
STARTCHAR Eta.c2sc
ENCODING -1
SWIDTH 601 0
DWIDTH 30 0
BBX 26 28 2 0
BITMAP
FF003FC0
FF003FC0
FF003FC0
FF003FC0
FF003FC0
FF003FC0
FF003FC0
FF003FC0
FF003FC0
FF003FC0
FF003FC0
FFFFFFC0
FFFFFFC0
FFFFFFC0
FFFFFFC0
FFFFFFC0
FFFFFFC0
FF003FC0
FF003FC0
FF003FC0
FF003FC0
FF003FC0
FF003FC0
FF003FC0
FF003FC0
FF003FC0
FF003FC0
FF003FC0
ENDCHAR
STARTCHAR Iota.c2sc
ENCODING -1
SWIDTH 266 0
DWIDTH 13 0
BBX 8 28 3 0
BITMAP
FF
FF
FF
FF
FF
FF
FF
FF
FF
FF
FF
FF
FF
FF
FF
FF
FF
FF
FF
FF
FF
FF
FF
FF
FF
FF
FF
FF
ENDCHAR
STARTCHAR Kappa.c2sc
ENCODING -1
SWIDTH 553 0
DWIDTH 28 0
BBX 26 28 2 0
BITMAP
FF01FFC0
FF01FF80
FF03FF00
FF07FF00
FF07FE00
FF0FFC00
FF1FF800
FF1FF000
FF3FF000
FF7FE000
FF7FC000
FFFF8000
FFFF8000
FFFF8000
FFFFC000
FFFFE000
FFFFE000
FFFFF000
FFFFF000
FFCFF800
FF8FFC00
FF07FC00
FF07FE00
FF03FE00
FF03FF00
FF01FF80
FF00FF80
FF00FFC0
ENDCHAR
STARTCHAR Mu.c2sc
ENCODING -1
SWIDTH 754 0
DWIDTH 38 0
BBX 34 28 2 0
BITMAP
FFE001FFC0
FFE003FFC0
FFF003FFC0
FFF003FFC0
FFF007FFC0
FFF807FFC0
FFF807FFC0
FFF80FFFC0
FFFC0FFFC0
FEFC0FFFC0
FFFC1FFFC0
FFFE1FBFC0
FF7E1FBFC0
FF7E3FBFC0
FF7F3F3FC0
FF3F3F3FC0
FF3F7F3FC0
FF3FFE3FC0
FF1FFE3FC0
FF1FFC3FC0
FF0FFC3FC0
FF0FFC3FC0
FF0FF87FC0
FF07F87FC0
FF07F87FC0
FF07F07FC0
FF03F07FC0
FF03F07FC0
ENDCHAR
STARTCHAR Nu.c2sc
ENCODING -1
SWIDTH 601 0
DWIDTH 30 0
BBX 26 28 2 0
BITMAP
FF803FC0
FF803FC0
FFC03FC0
FFC03FC0
FFE03FC0
FFE03FC0
FFF03FC0
FFF83FC0
FFF83FC0
FFFC3FC0
FFFC3FC0
FFFE3FC0
FF7F3FC0
FF7F3FC0
FF3FBFC0
FF3FBFC0
FF1FFFC0
FF0FFFC0
FF0FFFC0
FF07FFC0
FF07FFC0
FF03FFC0
FF01FFC0
FF01FFC0
FF00FFC0
FF00FFC0
FF007FC0
FF003FC0
ENDCHAR
STARTCHAR Omicron.c2sc
ENCODING -1
SWIDTH 593 0
DWIDTH 30 0
BBX 27 28 1 0
BITMAP
003FC000
01FFF800
07FFFC00
0FFFFE00
1FFFFF00
3FFFFF80
3FF1FFC0
7FC07FC0
7FC03FE0
7F803FE0
FF801FE0
FF801FE0
FF001FE0
FF001FE0
FF001FE0
FF801FE0
FF801FE0
FF801FE0
7F803FE0
7FC03FE0
7FC07FC0
3FF1FFC0
3FFFFF80
1FFFFF00
0FFFFE00
07FFFC00
01FFF800
003FC000
ENDCHAR
STARTCHAR Rho.c2sc
ENCODING -1
SWIDTH 564 0
DWIDTH 28 0
BBX 25 28 2 0
BITMAP
FFFF8000
FFFFE000
FFFFF800
FFFFFC00
FFFFFE00
FFFFFE00
FF03FF00
FF01FF00
FF00FF00
FF00FF80
FF00FF80
FF00FF00
FF03FF00
FFFFFF00
FFFFFE00
FFFFFC00
FFFFF800
FFFFF000
FFFF8000
FF000000
FF000000
FF000000
FF000000
FF000000
FF000000
FF000000
FF000000
FF000000
ENDCHAR
STARTCHAR Tau.c2sc
ENCODING -1
SWIDTH 550 0
DWIDTH 28 0
BBX 26 28 1 0
BITMAP
FFFFFFC0
FFFFFFC0
FFFFFFC0
FFFFFFC0
FFFFFFC0
FFFFFFC0
00FF8000
00FF8000
00FF8000
00FF8000
00FF8000
00FF8000
00FF8000
00FF8000
00FF8000
00FF8000
00FF8000
00FF8000
00FF8000
00FF8000
00FF8000
00FF8000
00FF8000
00FF8000
00FF8000
00FF8000
00FF8000
00FF8000
ENDCHAR
STARTCHAR Upsilon.c2sc
ENCODING -1
SWIDTH 546 0
DWIDTH 27 0
BBX 27 28 0 0
BITMAP
FF803FE0
7F803FE0
7FC03FC0
3FC07FC0
3FE07F80
1FE0FF80
1FF0FF00
0FF1FF00
0FF1FE00
07FBFC00
07FBFC00
03FFF800
01FFF800
01FFF000
00FFF000
00FFE000
007FE000
007FC000
007FC000
007FC000
007FC000
007FC000
007FC000
007FC000
007FC000
007FC000
007FC000
007FC000
ENDCHAR
STARTCHAR Chi.c2sc
ENCODING -1
SWIDTH 551 0
DWIDTH 28 0
BBX 27 28 0 0
BITMAP
FF807FE0
7FC07FC0
7FC0FF80
3FE0FF80
1FE1FF00
1FF1FF00
0FF3FE00
0FFBFC00
07FFFC00
03FFF800
03FFF800
01FFF000
01FFE000
00FFE000
00FFE000
01FFF000
01FFF000
03FFF800
07FFFC00
07FBFC00
0FFBFE00
0FF1FF00
1FF1FF00
3FE0FF80
3FE0FF80
7FC07FC0
7FC07FE0
FF803FE0
ENDCHAR
STARTCHAR Iotadieresis.c2sc
ENCODING -1
SWIDTH 266 0
DWIDTH 13 0
BBX 20 38 -4 0
BITMAP
000080
7E03E0
7E07F0
FF07F0
FF07F0
7E03F0
3C01E0
000000
000000
000000
01FE00
01FE00
01FE00
01FE00
01FE00
01FE00
01FE00
01FE00
01FE00
01FE00
01FE00
01FE00
01FE00
01FE00
01FE00
01FE00
01FE00
01FE00
01FE00
01FE00
01FE00
01FE00
01FE00
01FE00
01FE00
01FE00
01FE00
01FE00
ENDCHAR
STARTCHAR Upsilondieresis.c2sc
ENCODING -1
SWIDTH 546 0
DWIDTH 27 0
BBX 27 38 0 0
BITMAP
00001000
0FC07C00
0FC0FE00
1FE0FE00
1FE0FE00
0FC07E00
07803C00
00000000
00000000
00000000
FF803FE0
7F803FE0
7FC03FC0
3FC07FC0
3FE07F80
1FE0FF80
1FF0FF00
0FF1FF00
0FF1FE00
07FBFC00
07FBFC00
03FFF800
01FFF800
01FFF000
00FFF000
00FFE000
007FE000
007FC000
007FC000
007FC000
007FC000
007FC000
007FC000
007FC000
007FC000
007FC000
007FC000
007FC000
ENDCHAR
STARTCHAR uni0401.c2sc
ENCODING -1
SWIDTH 479 0
DWIDTH 24 0
BBX 22 38 2 0
BITMAP
000040
3F01F0
3F03F8
7F83F8
7F83F8
3F01F8
1E00F0
000000
000000
000000
FFFFFC
FFFFFC
FFFFFC
FFFFFC
FFFFFC
FFFFFC
FF0000
FF0000
FF0000
FF0000
FF0000
FFFFE0
FFFFE0
FFFFE0
FFFFE0
FFFFE0
FFFFE0
FF0000
FF0000
FF0000
FF0000
FF0000
FFFFF8
FFFFF8
FFFFF8
FFFFF8
FFFFF8
FFFFF8
ENDCHAR
STARTCHAR uni0403.c2sc
ENCODING -1
SWIDTH 477 0
DWIDTH 24 0
BBX 21 39 2 0
BITMAP
001FE0
003FC0
003FC0
007F80
00FF00
00FE00
01FC00
03F800
000000
000000
000000
FFFFF8
FFFFF8
FFFFF8
FFFFF8
FFFFF8
FFFFF8
FF0000
FF0000
FF0000
FF0000
FF0000
FF0000
FF0000
FF0000
FF0000
FF0000
FF0000
FF0000
FF0000
FF0000
FF0000
FF0000
FF0000
FF0000
FF0000
FF0000
FF0000
FF0000
ENDCHAR
STARTCHAR uni0405.c2sc
ENCODING -1
SWIDTH 546 0
DWIDTH 27 0
BBX 25 28 1 0
BITMAP
00FF8000
03FFF000
0FFFF800
1FFFFC00
3FFFFE00
3FFFFF00
3FC1FF00
7F80FF00
7F80FF80
7FC00000
3FF00000
3FFF0000
3FFFE000
1FFFF800
07FFFC00
01FFFE00
001FFF00
0003FF00
FF80FF00
FF807F00
7F807F00
7FC0FF00
7FFFFF00
3FFFFF00
1FFFFE00
0FFFFC00
03FFF000
007F8000
ENDCHAR
STARTCHAR uni0406.c2sc
ENCODING -1
SWIDTH 266 0
DWIDTH 13 0
BBX 8 28 3 0
BITMAP
FF
FF
FF
FF
FF
FF
FF
FF
FF
FF
FF
FF
FF
FF
FF
FF
FF
FF
FF
FF
FF
FF
FF
FF
FF
FF
FF
FF
ENDCHAR
STARTCHAR uni0407.c2sc
ENCODING -1
SWIDTH 266 0
DWIDTH 13 0
BBX 20 38 -4 0
BITMAP
000080
7E03E0
7E07F0
FF07F0
FF07F0
7E03F0
3C01E0
000000
000000
000000
01FE00
01FE00
01FE00
01FE00
01FE00
01FE00
01FE00
01FE00
01FE00
01FE00
01FE00
01FE00
01FE00
01FE00
01FE00
01FE00
01FE00
01FE00
01FE00
01FE00
01FE00
01FE00
01FE00
01FE00
01FE00
01FE00
01FE00
01FE00
ENDCHAR
STARTCHAR uni0408.c2sc
ENCODING -1
SWIDTH 485 0
DWIDTH 24 0
BBX 21 28 1 0
BITMAP
0007F8
0007F8
0007F8
0007F8
0007F8
0007F8
0007F8
0007F8
0007F8
0007F8
0007F8
0007F8
0007F8
0007F8
0007F8
0007F8
0007F8
0007F8
FF07F8
FF07F8
FF07F8
FFCFF8
FFFFF0
7FFFF0
3FFFE0
1FFFC0
0FFF80
03FC00
ENDCHAR
STARTCHAR uni040C.c2sc
ENCODING -1
SWIDTH 553 0
DWIDTH 28 0
BBX 26 39 2 0
BITMAP
001FE000
003FC000
003FC000
007F8000
00FF0000
00FE0000
01FC0000
03F80000
00000000
00000000
00000000
FF01FFC0
FF01FF80
FF03FF00
FF07FF00
FF07FE00
FF0FFC00
FF1FF800
FF1FF000
FF3FF000
FF7FE000
FF7FC000
FFFF8000
FFFF8000
FFFF8000
FFFFC000
FFFFE000
FFFFE000
FFFFF000
FFFFF000
FFCFF800
FF8FFC00
FF07FC00
FF07FE00
FF03FE00
FF03FF00
FF01FF80
FF00FF80
FF00FFC0
ENDCHAR
STARTCHAR uni040E.c2sc
ENCODING -1
SWIDTH 574 0
DWIDTH 29 0
BBX 28 39 1 0
BITMAP
07E03E00
07E07E00
03F07E00
03F9FE00
01FFFC00
01FFF800
007FF000
001FC000
00000000
00000000
00000000
FF801FF0
FF801FE0
7FC03FE0
3FC03FC0
3FE07FC0
1FE07F80
1FF07F80
0FF0FF00
0FF8FF00
07F9FE00
03FDFE00
03FFFC00
01FFFC00
01FFF800
00FFF800
00FFF000
007FF000
003FE000
003FE000
001FC000
003FC000
007F8000
07FF8000
07FF0000
07FE0000
07FE0000
03F80000
03E00000
ENDCHAR
STARTCHAR uni0410.c2sc
ENCODING -1
SWIDTH 591 0
DWIDTH 30 0
BBX 30 28 0 0
BITMAP
001FE000
003FE000
003FF000
007FF000
007FF000
007FF800
00FFF800
00FFFC00
01FFFC00
01FDFC00
01FDFE00
03FCFE00
03F8FF00
07F8FF00
07F87F00
07F07F80
0FF07F80
0FFFFFC0
1FFFFFC0
1FFFFFC0
1FFFFFE0
3FFFFFE0
3FFFFFF0
7FC00FF0
7F800FF0
7F8007F8
FF8007F8
FF0007FC
ENDCHAR
STARTCHAR uni0412.c2sc
ENCODING -1
SWIDTH 559 0
DWIDTH 28 0
BBX 24 28 2 0
BITMAP
FFFF80
FFFFF0
FFFFF8
FFFFFC
FFFFFE
FFFFFF
FF03FF
FF01FF
FF00FF
FF00FF
FF01FE
FF03FE
FFFFFC
FFFFF8
FFFFF8
FFFFFC
FFFFFE
FF01FF
FF00FF
FF00FF
FF00FF
FF03FF
FFFFFF
FFFFFF
FFFFFE
FFFFFC
FFFFF8
FFFFC0
ENDCHAR
STARTCHAR uni0413.c2sc
ENCODING -1
SWIDTH 477 0
DWIDTH 24 0
BBX 21 28 2 0
BITMAP
FFFFF8
FFFFF8
FFFFF8
FFFFF8
FFFFF8
FFFFF8
FF0000
FF0000
FF0000
FF0000
FF0000
FF0000
FF0000
FF0000
FF0000
FF0000
FF0000
FF0000
FF0000
FF0000
FF0000
FF0000
FF0000
FF0000
FF0000
FF0000
FF0000
FF0000
ENDCHAR
STARTCHAR uni0415.c2sc
ENCODING -1
SWIDTH 479 0
DWIDTH 24 0
BBX 22 28 2 0
BITMAP
FFFFFC
FFFFFC
FFFFFC
FFFFFC
FFFFFC
FFFFFC
FF0000
FF0000
FF0000
FF0000
FF0000
FFFFE0
FFFFE0
FFFFE0
FFFFE0
FFFFE0
FFFFE0
FF0000
FF0000
FF0000
FF0000
FF0000
FFFFF8
FFFFF8
FFFFF8
FFFFF8
FFFFF8
FFFFF8
ENDCHAR
STARTCHAR uni0419.c2sc
ENCODING -1
SWIDTH 602 0
DWIDTH 30 0
BBX 26 39 2 0
BITMAP
0FC07C00
0FC0FC00
07E0FC00
07F3FC00
03FFF800
03FFF000
00FFE000
003F8000
00000000
00000000
00000000
FF003FC0
FF007FC0
FF00FFC0
FF00FFC0
FF01FFC0
FF03FFC0
FF03FFC0
FF07FFC0
FF07FFC0
FF0FFFC0
FF1FFFC0
FF1FFFC0
FF3FFFC0
FF7FBFC0
FF7FBFC0
FFFF3FC0
FFFE3FC0
FFFE3FC0
FFFC3FC0
FFF83FC0
FFF83FC0
FFF03FC0
FFF03FC0
FFE03FC0
FFC03FC0
FFC03FC0
FF803FC0
FF803FC0
ENDCHAR
STARTCHAR uni041C.c2sc
ENCODING -1
SWIDTH 754 0
DWIDTH 38 0
BBX 34 28 2 0
BITMAP
FFE001FFC0
FFE003FFC0
FFF003FFC0
FFF003FFC0
FFF007FFC0
FFF807FFC0
FFF807FFC0
FFF80FFFC0
FFFC0FFFC0
FEFC0FFFC0
FFFC1FFFC0
FFFE1FBFC0
FF7E1FBFC0
FF7E3FBFC0
FF7F3F3FC0
FF3F3F3FC0
FF3F7F3FC0
FF3FFE3FC0
FF1FFE3FC0
FF1FFC3FC0
FF0FFC3FC0
FF0FFC3FC0
FF0FF87FC0
FF07F87FC0
FF07F87FC0
FF07F07FC0
FF03F07FC0
FF03F07FC0
ENDCHAR
STARTCHAR uni041D.c2sc
ENCODING -1
SWIDTH 601 0
DWIDTH 30 0
BBX 26 28 2 0
BITMAP
FF003FC0
FF003FC0
FF003FC0
FF003FC0
FF003FC0
FF003FC0
FF003FC0
FF003FC0
FF003FC0
FF003FC0
FF003FC0
FFFFFFC0
FFFFFFC0
FFFFFFC0
FFFFFFC0
FFFFFFC0
FFFFFFC0
FF003FC0
FF003FC0
FF003FC0
FF003FC0
FF003FC0
FF003FC0
FF003FC0
FF003FC0
FF003FC0
FF003FC0
FF003FC0
ENDCHAR
STARTCHAR uni041E.c2sc
ENCODING -1
SWIDTH 593 0
DWIDTH 30 0
BBX 27 28 1 0
BITMAP
003FC000
01FFF800
07FFFC00
0FFFFE00
1FFFFF00
3FFFFF80
3FF1FFC0
7FC07FC0
7FC03FE0
7F803FE0
FF801FE0
FF801FE0
FF001FE0
FF001FE0
FF001FE0
FF801FE0
FF801FE0
FF801FE0
7F803FE0
7FC03FE0
7FC07FC0
3FF1FFC0
3FFFFF80
1FFFFF00
0FFFFE00
07FFFC00
01FFF800
003FC000
ENDCHAR
STARTCHAR uni041F.c2sc
ENCODING -1
SWIDTH 613 0
DWIDTH 31 0
BBX 27 28 2 0
BITMAP
FFFFFFE0
FFFFFFE0
FFFFFFE0
FFFFFFE0
FFFFFFE0
FFFFFFE0
FF003FE0
FF003FE0
FF003FE0
FF003FE0
FF003FE0
FF003FE0
FF003FE0
FF003FE0
FF003FE0
FF003FE0
FF003FE0
FF003FE0
FF003FE0
FF003FE0
FF003FE0
FF003FE0
FF003FE0
FF003FE0
FF003FE0
FF003FE0
FF003FE0
FF003FE0
ENDCHAR
STARTCHAR uni0420.c2sc
ENCODING -1
SWIDTH 564 0
DWIDTH 28 0
BBX 25 28 2 0
BITMAP
FFFF8000
FFFFE000
FFFFF800
FFFFFC00
FFFFFE00
FFFFFE00
FF03FF00
FF01FF00
FF00FF00
FF00FF80
FF00FF80
FF00FF00
FF03FF00
FFFFFF00
FFFFFE00
FFFFFC00
FFFFF800
FFFFF000
FFFF8000
FF000000
FF000000
FF000000
FF000000
FF000000
FF000000
FF000000
FF000000
FF000000
ENDCHAR
STARTCHAR uni0421.c2sc
ENCODING -1
SWIDTH 565 0
DWIDTH 28 0
BBX 26 28 1 0
BITMAP
007FC000
01FFF000
07FFFC00
0FFFFE00
1FFFFF00
3FFFFF80
3FF1FF80
7FC07FC0
7F803FC0
7F803FC0
FF803FC0
FF800000
FF000000
FF000000
FF000000
FF000000
FF800000
FF800000
7F803FC0
7F803FC0
7FC07FC0
3FF1FFC0
3FFFFF80
1FFFFF00
0FFFFE00
07FFFC00
03FFF800
007FC000
ENDCHAR
STARTCHAR uni0422.c2sc
ENCODING -1
SWIDTH 550 0
DWIDTH 28 0
BBX 26 28 1 0
BITMAP
FFFFFFC0
FFFFFFC0
FFFFFFC0
FFFFFFC0
FFFFFFC0
FFFFFFC0
00FF8000
00FF8000
00FF8000
00FF8000
00FF8000
00FF8000
00FF8000
00FF8000
00FF8000
00FF8000
00FF8000
00FF8000
00FF8000
00FF8000
00FF8000
00FF8000
00FF8000
00FF8000
00FF8000
00FF8000
00FF8000
00FF8000
ENDCHAR
STARTCHAR uni0425.c2sc
ENCODING -1
SWIDTH 551 0
DWIDTH 28 0
BBX 27 28 0 0
BITMAP
FF807FE0
7FC07FC0
7FC0FF80
3FE0FF80
1FE1FF00
1FF1FF00
0FF3FE00
0FFBFC00
07FFFC00
03FFF800
03FFF800
01FFF000
01FFE000
00FFE000
00FFE000
01FFF000
01FFF000
03FFF800
07FFFC00
07FBFC00
0FFBFE00
0FF1FF00
1FF1FF00
3FE0FF80
3FE0FF80
7FC07FC0
7FC07FE0
FF803FE0
ENDCHAR
STARTCHAR uni0498.c2sc
ENCODING -1
SWIDTH 539 0
DWIDTH 27 0
BBX 24 40 1 -12
BITMAP
00FF80
07FFF0
1FFFFC
3FFFFE
3FFFFE
7FFFFF
7FE3FF
7F81FF
0000FF
0001FE
0001FE
00FFFC
00FFF8
00FFF0
00FFFC
00FFFE
0001FE
0000FF
0000FF
FF80FF
7F80FF
7FE3FF
7FFFFF
3FFFFE
3FFFFE
1FFFFC
07FFF0
00FF80
00FF00
00FF00
00FF00
00FF00
00FF00
00FF00
00FF00
00FF00
00FF00
00FF00
00FF00
00FF00
ENDCHAR
STARTCHAR uni04A2.c2sc
ENCODING -1
SWIDTH 601 0
DWIDTH 30 0
BBX 32 37 2 -9
BITMAP
FF003FC0
FF003FC0
FF003FC0
FF003FC0
FF003FC0
FF003FC0
FF003FC0
FF003FC0
FF003FC0
FF003FC0
FF003FC0
FFFFFFC0
FFFFFFC0
FFFFFFC0
FFFFFFC0
FFFFFFC0
FFFFFFC0
FF003FC0
FF003FC0
FF003FC0
FF003FC0
FF003FC0
FF003FC0
FF003FFF
FF003FFF
FF003FFF
FF003FFF
FF003FFF
000000FF
000000FF
000000FF
000000FF
000000FF
000000FF
000000FF
000000FF
000000FF
ENDCHAR
STARTCHAR uni04AA.c2sc
ENCODING -1
SWIDTH 565 0
DWIDTH 28 0
BBX 26 39 1 -11
BITMAP
007FC000
01FFF000
07FFFC00
0FFFFE00
1FFFFF00
3FFFFF80
3FF1FF80
7FC07FC0
7F803FC0
7F803FC0
FF803FC0
FF800000
FF000000
FF000000
FF000000
FF000000
FF800000
FF800000
7F803FC0
7F803FC0
7FC07FC0
3FF1FF80
3FFFFF80
1FFFFF00
0FFFFE00
07FFFC00
03FFF800
007FC000
007FC000
007FC000
007FC000
007FC000
007FC000
007FC000
007FC000
007FC000
007FC000
007FC000
007FC000
ENDCHAR
STARTCHAR uni04AE.c2sc
ENCODING -1
SWIDTH 546 0
DWIDTH 27 0
BBX 27 28 0 0
BITMAP
FF803FE0
7F803FE0
7FC03FC0
3FC07FC0
3FE07F80
1FE0FF80
1FF0FF00
0FF1FF00
0FF1FE00
07FBFC00
07FBFC00
03FFF800
01FFF800
01FFF000
00FFF000
00FFE000
007FE000
007FC000
007FC000
007FC000
007FC000
007FC000
007FC000
007FC000
007FC000
007FC000
007FC000
007FC000
ENDCHAR
STARTCHAR uni04BE.c2sc
ENCODING -1
SWIDTH 800 0
DWIDTH 40 0
BBX 37 41 1 -12
BITMAP
00001FF000
00007FFE00
0001FFFF00
0003FFFFC0
0007FFFFC0
000FFFFFE0
FC1FFC7FF0
FC1FF01FF0
FC3FE00FF0
FE3FC007F8
FE3FC007F8
7FFFC007F8
7FFFFFFFF8
7FFFFFFFF8
3FFFFFFFF8
1FFFFFFFF8
0FFFFFFFF8
03FFFFFFF8
003FC00000
003FC00000
003FE00000
001FF00000
001FFE0FC0
000FFFFFC0
0007FFFFC0
0003FFFFE0
0001FFFFE0
00007FFFE0
00000FFE00
000007F800
000007F800
000007F800
000007F800
000007F800
000007F800
000007F800
000007F800
000007F800
000007F800
000007F800
000007F800
ENDCHAR
STARTCHAR uni04E2.c2sc
ENCODING -1
SWIDTH 602 0
DWIDTH 30 0
BBX 26 36 2 0
BITMAP
0FFFF800
0FFFF800
0FFFF800
0FFFF800
00000000
00000000
00000000
00000000
FF003FC0
FF007FC0
FF00FFC0
FF00FFC0
FF01FFC0
FF03FFC0
FF03FFC0
FF07FFC0
FF07FFC0
FF0FFFC0
FF1FFFC0
FF1FFFC0
FF3FFFC0
FF7FBFC0
FF7FBFC0
FFFF3FC0
FFFE3FC0
FFFE3FC0
FFFC3FC0
FFF83FC0
FFF83FC0
FFF03FC0
FFF03FC0
FFE03FC0
FFC03FC0
FFC03FC0
FF803FC0
FF803FC0
ENDCHAR
STARTCHAR uni04EE.c2sc
ENCODING -1
SWIDTH 574 0
DWIDTH 29 0
BBX 28 36 1 0
BITMAP
07FFFC00
07FFFC00
07FFFC00
07FFFC00
00000000
00000000
00000000
00000000
FF801FF0
FF801FE0
7FC03FE0
3FC03FC0
3FE07FC0
1FE07F80
1FF07F80
0FF0FF00
0FF8FF00
07F9FE00
03FDFE00
03FFFC00
01FFFC00
01FFF800
00FFF800
00FFF000
007FF000
003FE000
003FE000
001FC000
003FC000
007F8000
07FF8000
07FF0000
07FE0000
07FE0000
03F80000
03E00000
ENDCHAR
STARTCHAR uni0424.c2sc
ENCODING -1
SWIDTH 759 0
DWIDTH 38 0
BBX 36 28 1 0
BITMAP
0003FC0000
0003FC0000
0003FC0000
003FFFC000
01FFFFF800
07FFFFFE00
1FFFFFFF80
3FFFFFFFC0
3FFFFFFFC0
7FF3FC7FE0
7FC3FC3FE0
FF83FC1FF0
FF83FC1FF0
FF03FC1FF0
FF03FC1FF0
FF83FC1FF0
FF83FC1FE0
7FC3FC3FE0
7FF3FCFFE0
3FFFFFFFC0
1FFFFFFF80
0FFFFFFF00
07FFFFFE00
01FFFFF800
003FFFC000
0003FC0000
0003FC0000
0003FC0000
ENDCHAR
STARTCHAR IJ.c2sc
ENCODING -1
SWIDTH 752 0
DWIDTH 38 0
BBX 32 28 3 0
BITMAP
FF0000FF
FF0000FF
FF0000FF
FF0000FF
FF0000FF
FF0000FF
FF0000FF
FF0000FF
FF0000FF
FF0000FF
FF0000FF
FF0000FF
FF0000FF
FF0000FF
FF0000FF
FF0000FF
FF0000FF
FF0000FF
FF1FE0FF
FF1FE0FF
FF1FE0FF
FF1FF9FF
FF1FFFFE
FF0FFFFE
FF07FFFC
FF03FFF8
FF01FFF0
FF007F80
ENDCHAR
STARTCHAR AEacute.c2sc
ENCODING -1
SWIDTH 793 0
DWIDTH 40 0
BBX 39 38 -1 0
BITMAP
000003FC00
000007F800
000007F800
00000FF000
00001FE000
00001FC000
00003F8000
00007F0000
0000000000
0000000000
000FFFFFFC
000FFFFFFC
001FFFFFFC
001FFFFFFC
001FFFFFFC
003FFFFFFC
003FFFC000
007FFFC000
007FFFC000
00FF3FC000
00FF3FC000
01FE3FFFF8
01FE3FFFF8
03FE3FFFF8
03FC3FFFF8
07FC3FFFF8
07F83FFFF8
0FFFFFC000
0FFFFFC000
1FFFFFC000
1FFFFFC000
3FFFFFC000
3FFFFFFFFE
7FC03FFFFE
7FC03FFFFE
FF803FFFFE
FF803FFFFE
FF803FFFFE
ENDCHAR
STARTCHAR Oslashacute.c2sc
ENCODING -1
SWIDTH 593 0
DWIDTH 30 0
BBX 27 39 1 -1
BITMAP
0001FE00
0003FC00
0003FC00
0007F800
000FF000
000FE000
001FC000
003F8000
00000000
000001E0
003FC3C0
01FFFFC0
07FFFF80
0FFFFF00
1FFFFF00
3FFFFF80
3FF1FFC0
7FC07FC0
7FC0FFE0
7F81FFE0
FF83FFE0
FF83DFE0
FF079FE0
FF0F1FE0
FF1F1FE0
FF9E1FE0
FFBC1FE0
FFF81FE0
7FF03FE0
7FF03FE0
7FE07FC0
3FF1FFC0
3FFFFF80
1FFFFF00
0FFFFE00
1FFFFC00
3DFFF800
7C3FC000
F8000000
ENDCHAR
STARTCHAR uni0218.c2sc
ENCODING -1
SWIDTH 546 0
DWIDTH 27 0
BBX 25 41 1 -13
BITMAP
00FF8000
03FFF000
0FFFF800
1FFFFC00
3FFFFE00
3FFFFF00
3FC1FF00
7F80FF00
7F80FF80
7FC00000
3FF00000
3FFF0000
3FFFE000
1FFFF800
07FFFC00
01FFFE00
001FFF00
0003FF00
FF80FF00
FF807F00
7F807F00
7FC0FF00
7FFFFF00
3FFFFF00
1FFFFE00
0FFFFC00
03FFF000
007F8000
00000000
00000000
001F0000
001F0000
001F0000
001F0000
001F0000
003F0000
003E0000
003E0000
007C0000
003C0000
00080000
ENDCHAR
STARTCHAR Wgrave.c2sc
ENCODING -1
SWIDTH 743 0
DWIDTH 37 0
BBX 35 39 1 0
BITMAP
00FF000000
007F800000
007FC00000
003FC00000
001FE00000
000FE00000
0007F00000
0003F80000
0000000000
0000000000
0000000000
FF03F81FE0
FF07F81FE0
FF07FC1FE0
FF07FC1FE0
7F07FC1FC0
7F07FC1FC0
7F8FFC3FC0
7F8FFE3FC0
7F8FFE3F80
3F8FFE3F80
3F8FFE3F80
3F9FFF7F80
3FDFFF7F80
1FDFFF7F00
1FDFBF7F00
1FFFBF7F00
1FFFBFFF00
1FFFBFFE00
0FFF1FFE00
0FFF1FFE00
0FFF1FFE00
0FFF1FFE00
07FE1FFC00
07FE0FFC00
07FE0FFC00
07FE0FFC00
07FE0FF800
03FC07F800
ENDCHAR
STARTCHAR Wacute.c2sc
ENCODING -1
SWIDTH 743 0
DWIDTH 37 0
BBX 35 39 1 0
BITMAP
00003FC000
00007F8000
00007F8000
0000FF0000
0001FE0000
0001FC0000
0003F80000
0007F00000
0000000000
0000000000
0000000000
FF03F81FE0
FF07F81FE0
FF07FC1FE0
FF07FC1FE0
7F07FC1FC0
7F07FC1FC0
7F8FFC3FC0
7F8FFE3FC0
7F8FFE3F80
3F8FFE3F80
3F8FFE3F80
3F9FFF7F80
3FDFFF7F80
1FDFFF7F00
1FDFBF7F00
1FFFBF7F00
1FFFBFFF00
1FFFBFFE00
0FFF1FFE00
0FFF1FFE00
0FFF1FFE00
0FFF1FFE00
07FE1FFC00
07FE0FFC00
07FE0FFC00
07FE0FFC00
07FE0FF800
03FC07F800
ENDCHAR
STARTCHAR Wdieresis.c2sc
ENCODING -1
SWIDTH 743 0
DWIDTH 37 0
BBX 35 38 1 0
BITMAP
0000010000
00FC07C000
00FC0FE000
01FE0FE000
01FE0FE000
00FC07E000
007803C000
0000000000
0000000000
0000000000
FF03F81FE0
FF07F81FE0
FF07FC1FE0
FF07FC1FE0
7F07FC1FC0
7F07FC1FC0
7F8FFC3FC0
7F8FFE3FC0
7F8FFE3F80
3F8FFE3F80
3F8FFE3F80
3F9FFF7F80
3FDFFF7F80
1FDFFF7F00
1FDFBF7F00
1FFFBF7F00
1FFFBFFF00
1FFFBFFE00
0FFF1FFE00
0FFF1FFE00
0FFF1FFE00
0FFF1FFE00
07FE1FFC00
07FE0FFC00
07FE0FFC00
07FE0FFC00
07FE0FF800
03FC07F800
ENDCHAR
STARTCHAR Ygrave.c2sc
ENCODING -1
SWIDTH 546 0
DWIDTH 27 0
BBX 27 39 0 0
BITMAP
0FF00000
07F80000
07FC0000
03FC0000
01FE0000
00FE0000
007F0000
003F8000
00000000
00000000
00000000
FF803FE0
7F803FE0
7FC03FC0
3FC07FC0
3FE07F80
1FE0FF80
1FF0FF00
0FF1FF00
0FF1FE00
07FBFC00
07FBFC00
03FFF800
01FFF800
01FFF000
00FFF000
00FFE000
007FE000
007FC000
007FC000
007FC000
007FC000
007FC000
007FC000
007FC000
007FC000
007FC000
007FC000
007FC000
ENDCHAR
STARTCHAR Aogonek.locl
ENCODING -1
SWIDTH 681 0
DWIDTH 34 0
BBX 34 47 0 -11
BITMAP
0007F80000
000FFC0000
000FFC0000
000FFC0000
001FFE0000
001FFE0000
001FFE0000
003FFF0000
003FFF0000
003FFF8000
007FFF8000
007FFF8000
00FF3FC000
00FF3FC000
00FF3FC000
01FE1FE000
01FE1FE000
01FE1FE000
03FC0FF000
03FC0FF000
03FC0FF800
07FC07F800
07FFFFF800
0FFFFFFC00
0FFFFFFC00
0FFFFFFC00
1FFFFFFE00
1FFFFFFE00
1FFFFFFE00
3FE001FF00
3FE001FF00
3FC000FF80
7FC000FF80
7FC000FF80
FFC000FFC0
FF81807FC0
0007F00000
000FC00000
001F800000
001F800000
001F800000
001F800000
001FF00000
001FF00000
001FF00000
000FF80000
0003E00000
ENDCHAR
STARTCHAR aogonek.locl
ENCODING -1
SWIDTH 531 0
DWIDTH 27 0
BBX 24 37 1 -11
BITMAP
00FF00
07FFE0
0FFFF0
1FFFF8
3FFFFC
7FFFFE
7FC3FE
7F81FE
7F81FE
0001FE
01FFFE
0FFFFE
1FFFFE
3FFFFE
7FE1FE
7F81FE
FF81FE
FF01FE
FF01FE
FF83FE
FFFFFE
7FFFFE
7FFFFE
3FFFFF
0FFCFF
03F0FF
03F800
07E000
0FC000
0FC000
0FC000
0FC000
0FF800
0FF800
0FF800
07FC00
01F000
ENDCHAR
STARTCHAR Eogonek.locl
ENCODING -1
SWIDTH 559 0
DWIDTH 28 0
BBX 24 47 3 -11
BITMAP
FFFFFF
FFFFFF
FFFFFF
FFFFFF
FFFFFF
FFFFFF
FFFFFF
FF0000
FF0000
FF0000
FF0000
FF0000
FF0000
FF0000
FF0000
FFFFFC
FFFFFC
FFFFFC
FFFFFC
FFFFFC
FFFFFC
FF0000
FF0000
FF0000
FF0000
FF0000
FF0000
FF0000
FF0000
FFFFFF
FFFFFF
FFFFFF
FFFFFF
FFFFFF
FFFFFF
FFFFFF
00FE00
01F800
03F000
03F000
03F000
03F000
03FE00
03FE00
03FE00
01FF00
007C00
ENDCHAR
STARTCHAR eogonek.locl
ENCODING -1
SWIDTH 544 0
DWIDTH 27 0
BBX 25 37 1 -11
BITMAP
007F8000
01FFF000
07FFF800
0FFFFC00
1FFFFE00
3FFFFF00
3FF1FF00
7FC07F80
7FC07F80
7F807F80
7FFFFF80
7FFFFF80
FFFFFF80
FFFFFF80
FFFFFF80
7F800000
7F800000
7FC00800
7FE01C00
3FF8FE00
3FFFFF00
1FFFFF00
0FFFFF00
07FFFC00
01FFF800
003FC000
00FE0000
01F80000
03F00000
03F00000
03F00000
03F00000
03FE0000
03FE0000
03FE0000
01FF0000
007C0000
ENDCHAR
STARTCHAR Aogonek.c2sc.locl
ENCODING -1
SWIDTH 591 0
DWIDTH 30 0
BBX 30 39 0 -11
BITMAP
001FE000
003FE000
003FF000
007FF000
007FF000
007FF800
00FFF800
00FFFC00
01FFFC00
01FDFC00
01FDFE00
03FCFE00
03F8FF00
07F8FF00
07F87F00
07F07F80
0FF07F80
0FFFFFC0
1FFFFFC0
1FFFFFC0
1FFFFFE0
3FFFFFE0
3FFFFFF0
7FC00FF0
7F800FF0
7F8007F8
FF8007F8
FF0C07FC
003F8000
007E0000
00FC0000
00FC0000
00FC0000
00FC0000
00FF8000
00FF8000
00FF8000
007FC000
001F0000
ENDCHAR
STARTCHAR Eogonek.c2sc.locl
ENCODING -1
SWIDTH 479 0
DWIDTH 24 0
BBX 22 39 2 -11
BITMAP
FFFFFC
FFFFFC
FFFFFC
FFFFFC
FFFFFC
FFFFFC
FF0000
FF0000
FF0000
FF0000
FF0000
FFFFE0
FFFFE0
FFFFE0
FFFFE0
FFFFE0
FFFFE0
FF0000
FF0000
FF0000
FF0000
FF0000
FFFFF8
FFFFF8
FFFFF8
FFFFF8
FFFFF8
FFFFF8
01FC00
03F000
07E000
07E000
07E000
07E000
07FC00
07FC00
07FC00
03FE00
00F800
ENDCHAR
STARTCHAR glyph1320
ENCODING -1
SWIDTH 285 0
DWIDTH 14 0
BBX 9 36 2 -10
BITMAP
7F80
7F80
7F80
7F80
7F80
7F80
7F80
7F80
7F80
7F80
7F80
7F80
7F80
7F80
7F80
7F80
7F80
7F80
7F80
7F80
7F80
7F80
7F80
7F80
7F80
7F80
0000
0000
0000
3E00
7F00
FF80
FF80
FF80
FF00
7E00
ENDCHAR
ENDFONT
